SET FOREIGN_KEY_CHECKS=0;
use static;
REPLACE INTO `display_type` (`pk`, `name`, `is_recognition`, `is_stitching`, `delete_date`, `display_order`, `image_path`) VALUES (1,'Primary Shelf',0,1,NULL,1,'http://s3.amazonaws.com/traxus/display-type-images/shelves.jpg'),(2,'Cooler',0,1,NULL,2,'http://s3.amazonaws.com/traxus/display-type-images/cooler.jpg'),(3,'Island',1,1,NULL,3,'http://s3.amazonaws.com/traxus/display-type-images/island.jpg'),(4,'End Cap',1,1,NULL,4,'http://s3.amazonaws.com/traxus/display-type-images/end_cap.jpg'),(5,'Rack',1,1,NULL,5,'http://s3.amazonaws.com/traxus/display-type-images/rack.jpg'),(6,'Basket',1,1,NULL,6,'http://s3.amazonaws.com/traxus/display-type-images/basket.jpg'),(7,'Exterior',1,1,NULL,7,'http://s3.amazonaws.com/traxus/display-type-images/exterior.jpg'),(8,'Different',0,1,NULL,8,'http://s3.amazonaws.com/traxus/display-type-images/different.jpg'),(9,'Promotion Wall',1,0,NULL,9,'http://s3.amazonaws.com/traxus/display-type-images/promotionwall.jpg');
use static;
REPLACE INTO `image_storage_path` (`pk`, `path`) VALUES (1,'http://traxus.s3.amazonaws.com/ccbr/Probe_Images'),(2,'http://traxus.s3.amazonaws.com/ccbr-sand/Probe_Images');
use static;
REPLACE INTO `sub_brand` (`pk`, `brand_fk`, `name`, `short_name`, `delete_time`, `classification_fk`, `sub_brand_heatmap_color`, `code`) VALUES (1,16,'REGULAR',NULL,NULL,NULL,NULL,NULL),(2,14,'LIGHT',NULL,NULL,NULL,NULL,NULL),(3,15,'LIGHT',NULL,NULL,NULL,NULL,NULL),(4,17,'REGULAR',NULL,NULL,NULL,NULL,NULL),(5,17,'LIGHT',NULL,NULL,NULL,NULL,NULL),(6,18,'REGULAR',NULL,NULL,NULL,NULL,NULL),(7,18,'LIGHT',NULL,NULL,NULL,NULL,NULL),(8,19,'REGULAR',NULL,NULL,NULL,NULL,NULL),(9,19,'LIGHT',NULL,NULL,NULL,NULL,NULL),(10,68,'PILSEN\\CLASSICA',NULL,NULL,NULL,NULL,NULL),(11,17,'LARANJA',NULL,NULL,NULL,NULL,NULL),(12,72,'CITRUS',NULL,NULL,NULL,NULL,NULL),(13,72,'LIGHT',NULL,NULL,NULL,NULL,NULL),(14,17,'SABORES',NULL,NULL,NULL,NULL,NULL),(15,77,'GPOWER',NULL,NULL,NULL,NULL,NULL),(16,77,'REGULAR',NULL,NULL,NULL,NULL,NULL),(17,78,'CRYSTAL S\\ GÁS',NULL,NULL,NULL,NULL,NULL),(18,78,'CRYSTAL C\\ GÁS',NULL,NULL,NULL,NULL,NULL),(19,78,'CRYSTAL VIP C\\ GÁS',NULL,NULL,NULL,NULL,NULL),(20,78,'CRYSTAL VIP S\\ GÁS',NULL,NULL,NULL,NULL,NULL),(21,79,'MAIS LARANJA CASEIRA REGULAR',NULL,NULL,NULL,NULL,NULL),(22,79,'MAIS LARANJA CASEIRA LIGHT',NULL,NULL,NULL,NULL,NULL),(23,17,'LARANJA LIGHT',NULL,NULL,NULL,NULL,NULL),(24,44,'C\\ GÁS',NULL,NULL,NULL,'no color selected',NULL),(25,78,'C\\ GÁS',NULL,NULL,NULL,NULL,NULL),(26,79,'FRUT',NULL,NULL,NULL,NULL,NULL),(27,79,'MAIS',NULL,NULL,NULL,NULL,NULL),(28,279,'Amber Lager',NULL,NULL,NULL,NULL,NULL),(29,279,'Bohemian',NULL,NULL,NULL,NULL,NULL),(30,279,'Weisse',NULL,NULL,NULL,NULL,NULL),(31,280,'Night',NULL,NULL,NULL,NULL,NULL),(32,280,'Cristal',NULL,NULL,NULL,NULL,NULL),(33,280,'Bajo Cero',NULL,NULL,NULL,NULL,NULL),(34,280,'Stout',NULL,NULL,NULL,NULL,NULL),(35,280,'Bock',NULL,NULL,NULL,NULL,NULL),(36,280,'Lieber',NULL,NULL,NULL,NULL,NULL),(37,280,'1890',NULL,NULL,NULL,NULL,NULL),(38,15,'COLA ZERO',NULL,NULL,NULL,NULL,NULL),(39,16,'COLA ZERO',NULL,NULL,NULL,NULL,NULL),(40,31,'REGULAR',NULL,NULL,NULL,NULL,NULL),(41,32,'TWIST',NULL,NULL,NULL,NULL,NULL),(42,87,'LIGHT',NULL,NULL,NULL,NULL,NULL),(43,287,'TWIST ZERO',NULL,NULL,NULL,NULL,NULL),(44,287,'ZERO',NULL,NULL,NULL,NULL,NULL),(45,53,'REGULAR',NULL,NULL,NULL,NULL,NULL),(46,53,'SUKITA ZERO',NULL,NULL,NULL,NULL,NULL),(47,38,'DIET',NULL,NULL,NULL,NULL,NULL),(48,310,'FRUT','FRUT',NULL,NULL,NULL,NULL),(50,347,'FRUT','FRUT',NULL,NULL,NULL,NULL),(59,17,'COLA ZERO','COLA ZERO',NULL,NULL,NULL,NULL),(60,16,'LARANJA','LARANJA',NULL,NULL,NULL,NULL);
use static;
REPLACE INTO `manufacturers` (`pk`, `name`, `delete_date`, `code`, `manufacturer_heatmap_color`, `logo_path`) VALUES (1,'FEMSA',NULL,'1','no color selected',NULL),(2,'Dolly',NULL,NULL,NULL,NULL),(3,'Ambev',NULL,NULL,NULL,NULL),(4,'Belo Horizonte Refrigerantes',NULL,NULL,NULL,NULL),(5,'Other',NULL,NULL,NULL,NULL),(6,'HEINEKEN BRASIL',NULL,NULL,NULL,NULL),(7,'INBEV',NULL,NULL,NULL,NULL),(8,'DANONE',NULL,NULL,NULL,NULL),(9,'DO BEM',NULL,NULL,NULL,NULL),(10,'WOW',NULL,NULL,NULL,NULL),(11,'PETRÓPOLIS',NULL,NULL,NULL,NULL),(12,'MAGUARY',NULL,NULL,NULL,NULL),(13,'EDSON QUEIROZ',NULL,NULL,NULL,NULL),(14,'SCHINCARIOL',NULL,NULL,NULL,NULL),(15,'RED BULL',NULL,NULL,NULL,NULL),(16,'PEPSICO',NULL,NULL,NULL,NULL),(17,'NESTLÉ',NULL,NULL,NULL,NULL),(18,'HEINIKEN BRASIL','2015-05-20 08:17:01',NULL,NULL,NULL),(19,'SUCO AURORA',NULL,NULL,NULL,NULL),(20,'FUNADA',NULL,NULL,NULL,NULL),(21,'DEL REY',NULL,NULL,NULL,NULL),(22,'INGA',NULL,NULL,NULL,NULL),(23,'UHU',NULL,NULL,NULL,NULL),(24,'TAMPICO',NULL,NULL,NULL,NULL),(25,'GREEN DAY',NULL,NULL,NULL,NULL),(26,'NATURAL ONE',NULL,NULL,NULL,NULL),(27,'XANDO',NULL,NULL,NULL,NULL),(28,'BRASIL KIRIN',NULL,NULL,NULL,NULL),(29,'Grupo Petrópolis',NULL,NULL,NULL,NULL),(30,'Competition Other','2015-08-05 09:46:26',NULL,NULL,NULL),(31,'FAZENDO',NULL,NULL,NULL,NULL),(32,'FRIMESA',NULL,NULL,NULL,NULL),(33,'VITON 44',NULL,NULL,NULL,NULL),(34,'NEWAGE',NULL,NULL,NULL,NULL),(35,'PONCHITO',NULL,NULL,NULL,NULL),(36,'PRATA',NULL,NULL,NULL,NULL),(37,'VIGOR',NULL,NULL,NULL,NULL),(38,'Empty',NULL,'','no color selected',NULL),(39,'GODAM',NULL,NULL,NULL,NULL),(40,'MEGA MATTE',NULL,NULL,NULL,NULL),(41,'LITE',NULL,NULL,NULL,NULL),(42,'QUALITÁ',NULL,NULL,NULL,NULL),(43,'RIO',NULL,NULL,NULL,NULL),(44,'DUCAJU',NULL,NULL,NULL,NULL),(45,'BLISSIMO',NULL,NULL,NULL,NULL),(46,'VIAPAXBIO',NULL,NULL,NULL,NULL),(47,'INTEGRAL SOUL',NULL,NULL,NULL,NULL),(48,'TEARAPY',NULL,NULL,NULL,NULL),(49,'CACILDIS',NULL,NULL,NULL,NULL),(50,'LUMINUS LIFE',NULL,NULL,NULL,NULL),(51,'SALUTE',NULL,NULL,NULL,NULL),(52,'LECO',NULL,NULL,NULL,NULL),(53,'ITALAC',NULL,NULL,NULL,NULL),(54,'LINDOIA',NULL,NULL,NULL,NULL),(55,'PERGOLA',NULL,NULL,NULL,NULL),(56,'MONSTER',NULL,NULL,NULL,NULL),(57,'BIOLEVE',NULL,NULL,NULL,NULL),(58,'LEVITY',NULL,NULL,NULL,NULL),(59,'SHEFA',NULL,NULL,NULL,NULL),(60,'NOS',NULL,NULL,NULL,NULL),(61,'BADEN BADEN',NULL,NULL,NULL,NULL),(62,'SUMMER',NULL,NULL,NULL,NULL),(63,'THEREZOPOLIS',NULL,NULL,NULL,NULL),(64,'PETRA',NULL,NULL,NULL,NULL),(65,'DEVASSA',NULL,NULL,NULL,NULL),(66,'CONTI',NULL,NULL,NULL,NULL),(67,'PROIBIDA',NULL,NULL,NULL,NULL),(68,'GLACIAL',NULL,NULL,NULL,NULL),(69,'ITUBAINA',NULL,NULL,NULL,NULL),(70,'COTUBA',NULL,NULL,NULL,NULL),(71,'CCU','2015-09-07 13:52:51',NULL,NULL,NULL),(72,'CMQ','2015-09-07 13:58:21',NULL,NULL,NULL),(73,'FAZENDA',NULL,NULL,NULL,NULL),(74,'OUTROS',NULL,NULL,NULL,NULL),(75,'REIZINHO',NULL,NULL,NULL,NULL),(76,'BRASIL  KIRIN_x','2016-07-27 15:25:46','','no color selected',NULL),(77,'YOKI',NULL,NULL,NULL,NULL),(78,'SOYOS',NULL,NULL,NULL,NULL),(80,'POTY',NULL,NULL,NULL,NULL);
use static;
REPLACE INTO `product_categories` (`pk`, `name`, `short_name`, `delete_date`, `category_group`, `code`, `category_heatmap_color`, `category_english_name`, `algo_code`, `display_order`, `pallet_order_fk`) VALUES (1,'Refrigerante',NULL,'2015-05-06 11:59:34',NULL,NULL,NULL,NULL,NULL,1,1),(2,'POS Material',NULL,NULL,NULL,NULL,'no color selected','POS Material',NULL,13,1),(3,'Ponto Extra',NULL,'2015-05-11 12:01:10',NULL,NULL,NULL,NULL,NULL,NULL,1),(4,'Geladeira',NULL,'2015-05-11 12:00:53',NULL,NULL,NULL,NULL,NULL,NULL,1),(5,'Gondola',NULL,'2015-05-11 12:01:00',NULL,NULL,NULL,NULL,NULL,NULL,1),(6,'Cerveja',NULL,NULL,NULL,NULL,'no color selected','Cerveja',NULL,6,1),(7,'Iso',NULL,NULL,NULL,NULL,'no color selected','Iso',NULL,10,1),(8,'CSD',NULL,NULL,NULL,NULL,'no color selected','CSD',NULL,5,1),(9,'Refres',NULL,'2015-05-06 12:00:33',NULL,NULL,NULL,NULL,NULL,NULL,1),(10,'Agua',NULL,NULL,NULL,NULL,'no color selected','Agua',NULL,3,1),(11,'Suco',NULL,NULL,NULL,NULL,'no color selected','Suco',NULL,16,1),(12,'Cha',NULL,NULL,NULL,NULL,'no color selected','Cha',NULL,7,1),(13,'Energ',NULL,NULL,NULL,NULL,'no color selected','Energ',NULL,8,1),(14,'Lacteo',NULL,NULL,NULL,NULL,'no color selected','Lacteo',NULL,11,1),(15,'CERVEJA PILSEN',NULL,'2015-05-06 12:00:10',NULL,NULL,NULL,NULL,NULL,NULL,1),(16,'ESPECIAIS',NULL,'2015-05-06 12:00:16',NULL,NULL,NULL,NULL,NULL,NULL,1),(17,'Other',NULL,NULL,NULL,NULL,'no color selected','Other',NULL,12,1),(18,'Refres',NULL,NULL,NULL,NULL,'no color selected','Refres',NULL,14,1),(19,'I9 POS',NULL,'2017-01-08 08:35:55',NULL,NULL,NULL,NULL,NULL,NULL,1),(20,'Pricing',NULL,'2016-02-24 12:51:45',NULL,NULL,NULL,NULL,NULL,12,1),(21,'Bebida',NULL,'2015-09-07 13:58:32',NULL,NULL,NULL,NULL,NULL,2,1),(22,'CC FORA CONCEITO',NULL,NULL,NULL,NULL,'no color selected','CC FORA CONCEITO',NULL,4,1),(23,'Soja',NULL,NULL,NULL,NULL,'no color selected','Soja',NULL,15,1),(24,'AGUA','AGUA',NULL,NULL,NULL,NULL,'AGUA',NULL,2,NULL);
use static;
REPLACE INTO `location_types` (`pk`, `name`, `delete_date`) VALUES (1,'Primary Shelf',NULL),(2,'Secondary Shelf',NULL),(3,'Cooler',NULL),(4,'Chiller',NULL),(5,'POSM',NULL),(6,'Exterior',NULL);
use static;
REPLACE INTO `excluded_templates` (`pk`, `report_group_fk`, `template_fk`, `exclude_include_set_fk`) VALUES (1071,3,224,2),(1072,6,224,3);
use static;
use static;
REPLACE INTO `excluded_products` (`pk`, `report_group_fk`, `product_fk`, `exclude_include_set_fk`) VALUES (162803,1,254,1),(162804,1,270,1),(162805,1,563,1),(162806,1,564,1),(162807,1,565,1),(162808,1,566,1),(162809,1,567,1),(162810,1,568,1),(162811,1,569,1),(162812,1,570,1),(162813,1,571,1),(162814,1,572,1),(162815,1,573,1),(162816,1,574,1),(162817,1,575,1),(162818,1,576,1),(162819,1,577,1),(162820,1,578,1),(162821,1,579,1),(162822,1,580,1),(162823,1,581,1),(162824,1,582,1),(162825,1,583,1),(162826,1,584,1),(162827,1,585,1),(162828,1,586,1),(162829,1,587,1),(162830,1,588,1),(162831,1,663,1),(162832,1,664,1),(162833,1,665,1),(162834,1,1193,1),(162835,1,1194,1),(162836,1,1243,1),(162866,3,163,2),(162867,3,254,2),(162868,3,270,2),(162869,3,563,2),(162870,3,564,2),(162871,3,565,2),(162872,3,566,2),(162873,3,567,2),(162874,3,568,2),(162875,3,569,2),(162876,3,570,2),(162877,3,571,2),(162878,3,572,2),(162879,3,573,2),(162880,3,574,2),(162881,3,575,2),(162882,3,576,2),(162883,3,577,2),(162884,3,578,2),(162885,3,579,2),(162886,3,580,2),(162887,3,581,2),(162888,3,582,2),(162889,3,583,2),(162890,3,584,2),(162891,3,585,2),(162892,3,586,2),(162893,3,587,2),(162894,3,588,2),(162895,3,663,2),(162896,3,664,2),(162897,3,665,2),(162898,3,1193,2),(162899,3,1194,2),(162900,3,1243,2),(162929,6,163,3),(162930,6,254,3),(162931,6,270,3),(162932,6,563,3),(162933,6,564,3),(162934,6,565,3),(162935,6,566,3),(162936,6,567,3),(162937,6,568,3),(162938,6,569,3),(162939,6,570,3),(162940,6,571,3),(162941,6,572,3),(162942,6,573,3),(162943,6,574,3),(162944,6,575,3),(162945,6,576,3),(162946,6,577,3),(162947,6,578,3),(162948,6,579,3),(162949,6,580,3),(162950,6,581,3),(162951,6,582,3),(162952,6,583,3),(162953,6,584,3),(162954,6,585,3),(162955,6,586,3),(162956,6,587,3),(162957,6,588,3),(162958,6,663,3),(162959,6,664,3),(162960,6,665,3),(162961,6,1193,3),(162962,6,1194,3),(162963,6,1243,3);
use static;
REPLACE INTO `exclude_include_set` (`pk`, `set_name`, `report_group_fk`, `from_date`, `to_date`, `save_status`, `delete_date`) VALUES (1,'POS',1,'2014-10-01',NULL,1,NULL),(2,'Empty + POS + evidencia SOS',3,'2014-10-01',NULL,1,NULL),(3,'Empty +POS + Evidencia - SOVI',6,'2015-05-01',NULL,1,NULL);
use static;
REPLACE INTO `stores` (`pk`, `name`, `test_store`, `delete_date`, `is_active`, `activation_changed_by`, `last_activation_change_date`, `region_fk`, `type1`, `type2`, `sales_rep_name`, `sms_alert_number`, `short_name`, `store_type`, `store_number_1`, `store_number_2`, `zip_code`, `latitude`, `longitude`, `distribution_type`, `address_line_1`, `address_line_2`, `address_city`, `district_fk`, `state_fk`, `business_unit_fk`, `branch_fk`, `retailer_fk`, `online_mobile_reports`, `total_exhibitions_in_store`, `total_exhibitions_check_out`, `customer_name`, `contract_info_1`, `contract_info_2`, `contract_info_3`, `contract_info_4`, `manager_email`, `additional_attribute_1`, `additional_attribute_2`, `additional_attribute_3`, `additional_attribute_4`, `additional_attribute_5`, `additional_attribute_6`, `additional_attribute_7`, `additional_attribute_8`, `additional_attribute_9`, `additional_attribute_10`, `additional_attribute_11`, `additional_attribute_12`, `additional_attribute_13`, `additional_attribute_14`, `additional_attribute_15`, `last_update_time`, `gps_by_address_status`, `planned_annual_visits`, `planned_session_duration`, `manager_name`, `manager_phone`, `comment`, `store_uid`, `is_manual`, `store_type_fk`, `store_image_path`, `approved`, `store_owner_fk`, `creation_date`) VALUES (289,'PADARIA E CONFEITARIA FAVARO LTDA 7100025610',NULL,'2015-05-17 00:00:00','Y',NULL,NULL,3,NULL,NULL,NULL,NULL,'PADARIA E CONFEITARIA FAVARO LTDA 7100025610','PADARIA MULTIOCASIÃO','7100025610_DELETED_bdd4faf6-39d4-11e5-ab1e-126e412957f9_DELETED_108ea3b8-f610-11e7-abb4-0a5931010334',NULL,'13520-000',NULL,NULL,NULL,'R HUMBERTO CARAVITA 256','REC DAS AGUAS',NULL,9,1,NULL,1,NULL,'Y',NULL,NULL,NULL,NULL,NULL,NULL,NULL,NULL,NULL,NULL,NULL,NULL,NULL,NULL,NULL,NULL,NULL,NULL,NULL,NULL,NULL,NULL,NULL,NULL,NULL,NULL,NULL,NULL,NULL,NULL,'e5bcd72c-8b8f-11e5-8a1a-120de3de49ff','N',NULL,NULL,1,NULL,'2017-12-31 13:00:11');
use static;
REPLACE INTO `regions` (`pk`, `delete_date`, `name`, `country_fk`, `remarks`, `code`) VALUES (3,NULL,'SP',1,NULL,NULL);
use static;
REPLACE INTO `template` (`pk`, `name`, `display_name`, `creation_date`, `delete_date`, `preprocess_fk`, `creator_user_fk`, `allow_report_missing`, `created_by`, `type`, `product_category_fk`, `image_path`, `uuid`, `auto_tag`, `template_group`, `category_group`, `original_image_path`, `brand_heat_map_path`, `sub_type`, `planogram_heat_map_path`, `generate_xml`, `skip_stitching`, `mobile_display_style`, `enable_price`, `included_in_secondary_shelf_report`, `multi_scenes_with_template_fk`, `target_sos`, `scene_type_code`, `display_planogram`, `bay_length_mm`, `last_update_time`, `additional_attribute_1`, `additional_attribute_2`, `location_type`, `display_order`, `is_recognition`, `flash_camera_required`, `store_task_required`, `description`, `is_augmented_reality`, `is_menu`, `is_offline`, `is_live`) VALUES (2,'Geladeira COCA 1 posição',NULL,'2014-10-29 07:34:19','2015-05-11 11:42:11',NULL,NULL,NULL,'Rifka',2,4,NULL,'fe4100ea-5f3d-11e4-9991-12cceb4b10fa','N','Geladeira',NULL,NULL,NULL,NULL,NULL,'N','N',NULL,'Y','Y',1,1,NULL,'Y',NULL,NULL,NULL,NULL,NULL,NULL,0,0,0,NULL,1,0,0,NULL),(41,'Geladeira Proprio 1',NULL,'2014-12-03 13:30:21','2015-05-11 11:47:08',NULL,NULL,NULL,'Rifka',2,4,NULL,'87d7a07b-7af0-11e4-8b5a-12cceb4b10fa','N','Geladeira',NULL,NULL,NULL,NULL,NULL,'N','N',NULL,'Y','Y',1,1,NULL,'Y',NULL,NULL,NULL,NULL,NULL,NULL,0,0,0,NULL,1,0,0,NULL),(3,'Geladeira COCA Loja 1',NULL,'2014-10-29 07:35:18','2015-05-11 11:42:16',NULL,NULL,NULL,'Rifka',2,4,NULL,'21a983b7-5f3e-11e4-9991-12cceb4b10fa','N','Geladeira',NULL,NULL,NULL,NULL,NULL,'N','N',NULL,'Y','Y',1,1,NULL,'Y',NULL,NULL,NULL,NULL,NULL,NULL,0,0,0,NULL,1,0,0,NULL),(29,'Geladeira COCA Loja 10',NULL,'2014-12-03 13:22:41','2015-05-11 11:42:22',NULL,NULL,NULL,'Rifka',2,4,NULL,'755e672e-7aef-11e4-8b5a-12cceb4b10fa','N','Geladeira',NULL,NULL,NULL,NULL,NULL,'N','N',NULL,'Y','Y',1,1,NULL,'Y',NULL,NULL,NULL,NULL,NULL,NULL,0,0,0,NULL,1,0,0,NULL),(42,'Geladeira Proprio 2',NULL,'2014-12-03 13:31:33','2015-05-11 11:47:12',NULL,NULL,NULL,'Rifka',2,4,NULL,'b26227bc-7af0-11e4-8b5a-12cceb4b10fa','N','Geladeira',NULL,NULL,NULL,NULL,NULL,'N','N',NULL,'Y','Y',1,1,NULL,'Y',NULL,NULL,NULL,NULL,NULL,NULL,0,0,0,NULL,1,0,0,NULL),(43,'Geladeira Proprio 3',NULL,'2014-12-03 13:31:59','2015-05-11 11:47:16',NULL,NULL,NULL,'Rifka',2,4,NULL,'c205a734-7af0-11e4-8b5a-12cceb4b10fa','N','Geladeira',NULL,NULL,NULL,NULL,NULL,'N','N',NULL,'Y','Y',1,1,NULL,'Y',NULL,NULL,NULL,NULL,NULL,NULL,0,0,0,NULL,1,0,0,NULL),(5,'Ponto Extra Outro 1',NULL,'2014-10-29 07:36:16','2015-05-11 11:48:28',NULL,NULL,NULL,'Rifka',2,3,NULL,'448181be-5f3e-11e4-9991-12cceb4b10fa','N','Ponto Extra',NULL,NULL,NULL,NULL,NULL,'N','N',NULL,'Y','Y',1,1,NULL,'Y',NULL,NULL,NULL,NULL,NULL,NULL,0,0,0,NULL,1,0,0,NULL),(21,'Ponto Extra Outro 10',NULL,'2014-11-03 10:00:16','2015-05-11 11:48:32',NULL,NULL,NULL,'Rifka',2,3,NULL,'363b62dd-6340-11e4-ac32-12cceb4b10fa','N','Ponto Extra',NULL,NULL,NULL,NULL,NULL,'N','N',NULL,'Y','Y',1,1,NULL,'Y',NULL,NULL,NULL,NULL,NULL,NULL,0,0,0,NULL,1,0,0,NULL),(31,'Ponto Extra Setor de Paes 1',NULL,'2014-12-03 13:25:21','2015-05-11 11:49:11',NULL,NULL,NULL,'Rifka',2,3,NULL,'d49dd722-7aef-11e4-8b5a-12cceb4b10fa','N','Ponto Extra',NULL,NULL,NULL,NULL,NULL,'N','N',NULL,'Y','Y',1,1,NULL,'Y',NULL,NULL,NULL,NULL,NULL,NULL,0,0,0,NULL,1,0,0,NULL),(8,'Material Balcão',NULL,'2014-10-29 07:44:15','2015-05-11 11:47:31',NULL,NULL,NULL,'Rifka',2,2,NULL,'61c58a41-5f3f-11e4-9991-12cceb4b10fa','N','Materiais',NULL,NULL,NULL,NULL,NULL,'N','N',NULL,'Y','N',1,NULL,NULL,'Y',NULL,NULL,NULL,NULL,NULL,NULL,0,0,0,NULL,1,0,0,NULL),(6,'Material Interno',NULL,'2014-10-29 07:41:50','2015-05-11 11:47:39',NULL,NULL,NULL,'Rifka',2,2,NULL,'0b29b96a-5f3f-11e4-9991-12cceb4b10fa','N','Materiais',NULL,NULL,NULL,NULL,NULL,'N','N',NULL,'Y','N',1,NULL,NULL,'Y',NULL,NULL,NULL,NULL,NULL,NULL,0,0,0,NULL,1,0,0,NULL);
use static;
use static;
use static;
REPLACE INTO `product` (`pk`, `product_name`, `product_ean_code`, `creation_date`, `creator_user_fk`, `delete_date`, `company_fk`, `product_short_name`, `brand_fk`, `created_by`, `alt_code_1`, `alt_code_2`, `width_mm`, `height_mm`, `width_side_mm`, `remarks`, `uuid`, `shelf_alignment`, `is_sku`, `product_type`, `sub_brand_fk`, `progression_value`, `sub_category`, `alt_code_3`, `alt_code_4`, `form_factor`, `size`, `size_unit`, `number_of_sub_packages`, `sub_package_size`, `att1`, `att2`, `att3`, `att4`, `att5`, `delisting_reason_fk`, `is_active`, `activation_update_time`, `item_code`, `pos_item_type`, `pos_theme`, `listing_start`, `listing_end`, `product_english_name`, `display_order`, `display_group`, `item_category_fk`, `item_brand_fk`, `smart_caption`, `flavor`, `color`, `sugar_level`, `alcohol_percent`, `fat_percent`, `core_product_label_fk`) VALUES (24,'CSD FEMSA CC 2L REF PET','7894900014211','2015-03-31 12:13:50',NULL,NULL,1,'CSD FEMSA CC 2L REF PET',16,'System',NULL,NULL,NULL,NULL,NULL,NULL,'f0b84ddc-59b8-11e4-9991-12cceb4b10fa',NULL,'1','SKU',1,NULL,'COLA',NULL,NULL,'pet',2,'l',1,NULL,NULL,'inform,Preo/Cobertura',NULL,NULL,NULL,NULL,'Y','2015-03-31 12:13:50',NULL,NULL,NULL,NULL,NULL,'CSD FEMSA CC 2L REF PET',22,5,NULL,NULL,NULL,NULL,NULL,NULL,NULL,NULL,NULL),(21,'CSD FEMSA CC 1L RGB','200000000024','2015-03-31 12:13:50',NULL,NULL,1,'CSD FEMSA CC 1L RGB',16,'System',NULL,NULL,NULL,NULL,NULL,NULL,'f0b1b5a5-59b8-11e4-9991-12cceb4b10fa',NULL,'1','SKU',1,NULL,'COLA',NULL,NULL,'glass',1,'l',NULL,NULL,'RETORNVEL FAMILIAR FEMSA','inform,Preo/Cobertura',NULL,NULL,NULL,NULL,'Y','2015-03-31 12:13:50',NULL,NULL,NULL,NULL,NULL,'CSD FEMSA CC 1L RGB',2,0,NULL,NULL,NULL,NULL,NULL,NULL,NULL,NULL,NULL),(49,'CSD FEMSA CC 350ML LT','200000000030','2015-03-31 12:13:50',NULL,NULL,1,'CSD FEMSA CC 350ML LT',16,'System',NULL,NULL,NULL,NULL,NULL,NULL,'f0f36679-59b8-11e4-9991-12cceb4b10fa',NULL,'1','SKU',1,NULL,'1',NULL,NULL,'can',350,'ml',1,NULL,NULL,'InForm,Multipack',NULL,NULL,NULL,NULL,'1','2015-03-31 12:13:50',NULL,NULL,NULL,NULL,NULL,'CSD FEMSA CC 350ML LT',101,19,NULL,NULL,NULL,NULL,NULL,NULL,NULL,NULL,NULL),(53,'CSD FEMSA CC 600ML pet','7894900011609','2015-03-31 12:13:50',NULL,NULL,1,'CSD FEMSA CC 600ML pet',16,'System',NULL,NULL,NULL,NULL,NULL,NULL,'f0fdc336-59b8-11e4-9991-12cceb4b10fa',NULL,'1','SKU',1,NULL,'1',NULL,NULL,'pet',600,'ml',1,NULL,NULL,'InForm,Multipack',NULL,NULL,NULL,NULL,'1','2015-03-31 12:13:50',NULL,NULL,NULL,NULL,NULL,'CSD FEMSA CC 600ML pet',114,25,NULL,NULL,NULL,NULL,NULL,NULL,NULL,NULL,NULL),(63,'CSD FEMSA CC ZERO 2L PET','200000000034','2015-03-31 12:13:50',NULL,NULL,1,'CSD FEMSA CC ZERO 2L PET',15,'System',NULL,NULL,NULL,NULL,NULL,NULL,'f11570c4-59b8-11e4-9991-12cceb4b10fa',NULL,'1','SKU',38,NULL,'3',NULL,NULL,'pet',2,'l',1,NULL,NULL,NULL,NULL,NULL,NULL,NULL,'1','2015-03-31 12:13:50',NULL,NULL,NULL,NULL,NULL,'CSD FEMSA CC ZERO 2L PET',6,3,NULL,NULL,NULL,NULL,NULL,NULL,NULL,NULL,NULL),(69,'CSD FEMSA CC ZERO 250ML MINI LT','200000000033','2015-03-31 12:13:50',NULL,NULL,1,'CSD FEMSA CC ZERO 250ML MINI LT',15,'System',NULL,NULL,NULL,NULL,NULL,NULL,'f1233a80-59b8-11e4-9991-12cceb4b10fa',NULL,'1','SKU',38,NULL,'3',NULL,NULL,'can',250,'ml',1,NULL,NULL,'InForm',NULL,NULL,NULL,NULL,'1','2015-03-31 12:13:50',NULL,NULL,NULL,NULL,NULL,'CSD FEMSA CC ZERO 250ML MINI LT',19,8,NULL,NULL,NULL,NULL,NULL,NULL,NULL,NULL,NULL),(74,'CSD FEMSA CC ZERO 350ML LT','200000000035','2015-03-31 12:13:50',NULL,NULL,1,'CSD FEMSA CC ZERO 350ML LT',15,'System',NULL,NULL,NULL,NULL,NULL,NULL,'f12f1d48-59b8-11e4-9991-12cceb4b10fa',NULL,'1','SKU',38,NULL,'3',NULL,NULL,'can',350,'ml',1,NULL,NULL,'InForm,Multipack',NULL,NULL,NULL,NULL,'1','2015-03-31 12:13:50',NULL,NULL,NULL,NULL,NULL,'CSD FEMSA CC ZERO 350ML LT',30,12,NULL,NULL,NULL,NULL,NULL,NULL,NULL,NULL,NULL),(79,'CSD FEMSA FT LAR 1L RGB','200000000038','2015-03-31 12:13:50',NULL,NULL,1,'CSD FEMSA FT LAR 1L RGB',17,'System',NULL,NULL,NULL,NULL,NULL,NULL,'f13eb35b-59b8-11e4-9991-12cceb4b10fa',NULL,'1','SKU',4,NULL,'LARANJA',NULL,NULL,'pet',1,'l',1,NULL,'RETORNVEL FAMILIAR FEMSA','inform,Preo/Cobertura',NULL,NULL,NULL,NULL,'Y','2015-03-31 12:13:50',NULL,NULL,NULL,NULL,NULL,'CSD FEMSA FT LAR 1L RGB',2,0,NULL,NULL,NULL,NULL,NULL,NULL,NULL,NULL,NULL),(82,'CSD FEMSA FT LAR 2L REF PET','7894900034219','2015-03-31 12:13:50',NULL,NULL,1,'CSD FEMSA FT LAR 2L REF PET',17,'System',NULL,NULL,NULL,NULL,NULL,NULL,'f1460b94-59b8-11e4-9991-12cceb4b10fa',NULL,'1','SKU',4,NULL,'LARANJA',NULL,NULL,'pet',2,'l',1,NULL,'RETORNVEL FAMILIAR FEMSA','inform,Preo/Cobertura',NULL,NULL,NULL,NULL,'Y','2015-03-31 12:13:50',NULL,NULL,NULL,NULL,NULL,'CSD FEMSA FT LAR 2L REF PET',19,3,NULL,NULL,NULL,NULL,NULL,NULL,NULL,NULL,NULL),(87,'CSD FEMSA FT LAR 2L PET','200000000041','2015-03-31 12:13:50',NULL,NULL,1,'CSD FEMSA FT LAR 2L PET',17,'System',NULL,NULL,NULL,NULL,NULL,NULL,'f151fc3d-59b8-11e4-9991-12cceb4b10fa',NULL,'1','SKU',5,NULL,'6',NULL,NULL,'pet',2,'l',1,NULL,NULL,NULL,NULL,NULL,NULL,NULL,'1','2015-03-31 12:13:50',NULL,NULL,NULL,NULL,NULL,'CSD FEMSA FT LAR 2L PET',20,3,NULL,NULL,NULL,NULL,NULL,NULL,NULL,NULL,NULL),(88,'CSD FEMSA FT UVA 2L PET','200000000047','2015-03-31 12:13:50',NULL,NULL,1,'CSD FEMSA FT UVA 2L PET',17,'System',NULL,NULL,NULL,NULL,NULL,NULL,'f154ca45-59b8-11e4-9991-12cceb4b10fa',NULL,'1','SKU',4,NULL,'UVA',NULL,NULL,'pet',2,'l',1,NULL,NULL,'InForm',NULL,NULL,NULL,NULL,'Y','2015-03-31 12:13:50',NULL,NULL,NULL,NULL,NULL,'CSD FEMSA FT UVA 2L PET',21,3,NULL,NULL,NULL,NULL,NULL,NULL,NULL,NULL,NULL),(97,'CSD FEMSA FT LAR 250ML MINI LT','200000000039','2015-03-31 12:13:50',NULL,NULL,1,'CSD FEMSA FT LAR 250ML MINI LT',17,'System',NULL,NULL,NULL,NULL,NULL,NULL,'f16a975a-59b8-11e4-9991-12cceb4b10fa',NULL,'1','SKU',4,NULL,'6',NULL,NULL,'can',250,'ml',1,NULL,NULL,'InForm',NULL,NULL,NULL,NULL,'1','2015-03-31 12:13:50',NULL,NULL,NULL,NULL,NULL,'CSD FEMSA FT LAR 250ML MINI LT',43,8,NULL,NULL,NULL,NULL,NULL,NULL,NULL,NULL,NULL),(114,'CSD FEMSA KUAT 2L PET','200000000050','2015-03-31 12:13:51',NULL,NULL,1,'CSD FEMSA KUAT 2L PET',18,'System',NULL,NULL,NULL,NULL,NULL,NULL,'f194ecac-59b8-11e4-9991-12cceb4b10fa',NULL,'1','SKU',7,NULL,'5',NULL,NULL,'pet',2,'l',1,NULL,NULL,NULL,NULL,NULL,NULL,NULL,'1','2015-03-31 12:13:51',NULL,NULL,NULL,NULL,NULL,'CSD FEMSA KUAT 2L PET',6,1,NULL,NULL,NULL,NULL,NULL,NULL,NULL,NULL,NULL),(118,'CSD FEMSA KUAT 250ML MINI LT','200000000049','2015-03-31 12:13:50',NULL,NULL,1,'CSD FEMSA KUAT 250ML MINI LT',18,'System',NULL,NULL,NULL,NULL,NULL,NULL,'f19f1f04-59b8-11e4-9991-12cceb4b10fa',NULL,'1','SKU',6,NULL,'5',NULL,NULL,'can',250,'ml',1,NULL,NULL,NULL,NULL,NULL,NULL,NULL,'1','2015-03-31 12:13:50',NULL,NULL,NULL,NULL,NULL,'CSD FEMSA KUAT 250ML MINI LT',13,5,NULL,NULL,NULL,NULL,NULL,NULL,NULL,NULL,NULL),(129,'CSD FEMSA SPRITE 2L PET','200000000055','2015-03-31 12:13:51',NULL,NULL,1,'CSD FEMSA SPRITE 2L PET',19,'System',NULL,NULL,NULL,NULL,NULL,NULL,'f1be3f11-59b8-11e4-9991-12cceb4b10fa',NULL,'1','SKU',9,NULL,'7',NULL,NULL,'pet',2,'l',1,NULL,NULL,NULL,NULL,NULL,NULL,NULL,'1','2015-03-31 12:13:51',NULL,NULL,NULL,NULL,NULL,'CSD FEMSA SPRITE 2L PET',5,1,NULL,NULL,NULL,NULL,NULL,NULL,NULL,NULL,NULL),(132,'CSD FEMSA SPRITE 250ML MINI LT','200000000054','2015-03-31 12:13:51',NULL,NULL,1,'CSD FEMSA SPRITE 250ML MINI LT',19,'System',NULL,NULL,NULL,NULL,NULL,NULL,'f1c7e0b6-59b8-11e4-9991-12cceb4b10fa',NULL,'1','SKU',8,NULL,'7',NULL,NULL,'can',250,'ml',1,NULL,NULL,NULL,NULL,NULL,NULL,NULL,'1','2015-03-31 12:13:51',NULL,NULL,NULL,NULL,NULL,'CSD FEMSA SPRITE 250ML MINI LT',9,4,NULL,NULL,NULL,NULL,NULL,NULL,NULL,NULL,NULL),(163,'Empty','565','2014-10-22 11:46:48',NULL,NULL,1,'Empty',21,'Rifka',NULL,NULL,NULL,NULL,NULL,NULL,'1b046379-59e1-11e4-9991-12cceb4b10fa',NULL,'0','Empty',NULL,NULL,NULL,NULL,NULL,NULL,NULL,NULL,1,NULL,NULL,NULL,NULL,NULL,NULL,NULL,'Y','2014-10-22 11:46:48',NULL,NULL,NULL,NULL,NULL,'Empty',1,0,NULL,NULL,NULL,NULL,NULL,NULL,NULL,NULL,NULL),(278,'CSD FEMSA CC 2L PET','200000000029','2015-03-31 12:13:50',NULL,NULL,1,'CSD FEMSA CC 2L PET',16,'System',NULL,NULL,NULL,NULL,NULL,NULL,'bab8f79d-6d85-11e4-ac32-12cceb4b10fa',NULL,'1','SKU',NULL,NULL,'1',NULL,NULL,'pet',2,'l',1,NULL,NULL,NULL,NULL,NULL,NULL,NULL,'1','2015-03-31 12:13:50',NULL,NULL,NULL,NULL,NULL,'CSD FEMSA CC 2L PET',25,5,NULL,NULL,NULL,NULL,NULL,NULL,NULL,NULL,NULL),(7,'CSD OUTROS GUARANA OUTROS','10007','2014-10-22 06:59:17',NULL,NULL,1,'CSD OUTROS GUARANA OUTROS',52,'Rifka',NULL,NULL,NULL,NULL,NULL,NULL,'f095df42-59b8-11e4-9991-12cceb4b10fa',NULL,'0','Other',NULL,NULL,NULL,NULL,NULL,NULL,NULL,NULL,NULL,NULL,NULL,NULL,NULL,NULL,NULL,NULL,'Y','2014-10-22 06:59:17',NULL,NULL,NULL,NULL,NULL,'CSD OUTROS GUARANA OUTROS',35,17,NULL,NULL,NULL,NULL,NULL,NULL,NULL,NULL,NULL);
use static;
REPLACE INTO `product_image` (`pk`, `product_fk`, `image_path`, `image_direction`, `creation_date`, `descriptors_fk`, `image_resolution`, `upload_file_name`, `dvc_code`, `face_count`, `image_uid`, `dvc_fk`) VALUES (6270,24,NULL,'Top','2015-11-15 11:56:31',NULL,NULL,NULL,NULL,NULL,NULL,NULL),(6753,24,NULL,'Side1','2015-12-23 12:09:41',NULL,NULL,NULL,NULL,NULL,NULL,NULL),(6754,24,NULL,'Side2','2015-12-23 12:09:41',NULL,NULL,NULL,NULL,NULL,NULL,NULL),(6755,24,NULL,'Side3','2015-12-23 12:09:41',NULL,NULL,NULL,NULL,NULL,NULL,NULL),(6756,24,NULL,'Side4','2015-12-23 12:09:41',NULL,NULL,NULL,NULL,NULL,NULL,NULL),(9600,24,NULL,'Side1','2016-02-21 10:16:04',NULL,NULL,NULL,NULL,NULL,NULL,NULL),(9601,24,NULL,'Side2','2016-02-21 10:16:04',NULL,NULL,NULL,NULL,NULL,NULL,NULL),(9602,24,NULL,'Side3','2016-02-21 10:16:04',NULL,NULL,NULL,NULL,NULL,NULL,NULL),(9603,24,NULL,'Side4','2016-02-21 10:16:04',NULL,NULL,NULL,NULL,NULL,NULL,NULL),(12783,24,NULL,'Side 1','2016-04-20 09:31:47',NULL,NULL,NULL,'-',NULL,NULL,NULL),(12784,24,NULL,'Side 2','2016-04-20 09:31:49',NULL,NULL,NULL,'-',NULL,NULL,NULL),(12785,24,'http://traxus.s3-accelerate.amazonaws.com/ccbr/Product_Images/12785','Front','2016-04-20 09:32:08',NULL,NULL,NULL,NULL,NULL,NULL,NULL),(12786,24,'http://traxus.s3-accelerate.amazonaws.com/ccbr/Product_Images/12786','Back','2016-04-20 09:32:21',NULL,NULL,NULL,NULL,NULL,NULL,NULL),(17825,24,NULL,'Side','2017-02-16 08:56:58',NULL,NULL,NULL,NULL,NULL,'dfc37305-f425-11e6-8f44-0acd61573881',NULL),(21010,24,NULL,'Side','2017-08-07 08:19:45',NULL,NULL,NULL,NULL,NULL,'2bb0cbd7-7b49-11e7-852d-12b07c3058a9',NULL),(22,21,'http://traxus.s3-accelerate.amazonaws.com/ccbr/Product_Images/22','Front','2014-10-22 00:00:00',NULL,NULL,'11113_1',NULL,NULL,NULL,NULL),(23,21,'http://traxus.s3-accelerate.amazonaws.com/ccbr/Product_Images/23','Back','2014-10-22 00:00:00',NULL,NULL,'11113_3',NULL,NULL,NULL,NULL),(1678,21,NULL,'Side','2015-08-27 08:45:06',NULL,NULL,NULL,NULL,NULL,NULL,NULL),(1679,21,NULL,'Top','2015-08-27 08:45:06',NULL,NULL,NULL,NULL,NULL,NULL,NULL),(6689,21,NULL,'Side1','2015-12-23 12:09:41',NULL,NULL,NULL,NULL,NULL,NULL,NULL),(6690,21,NULL,'Side2','2015-12-23 12:09:41',NULL,NULL,NULL,NULL,NULL,NULL,NULL),(6691,21,NULL,'Side3','2015-12-23 12:09:41',NULL,NULL,NULL,NULL,NULL,NULL,NULL),(6692,21,NULL,'Side4','2015-12-23 12:09:41',NULL,NULL,NULL,NULL,NULL,NULL,NULL),(9556,21,NULL,'Side1','2016-02-21 10:16:04',NULL,NULL,NULL,NULL,NULL,NULL,NULL),(9557,21,NULL,'Side2','2016-02-21 10:16:04',NULL,NULL,NULL,NULL,NULL,NULL,NULL),(9558,21,NULL,'Side3','2016-02-21 10:16:04',NULL,NULL,NULL,NULL,NULL,NULL,NULL),(9559,21,NULL,'Side4','2016-02-21 10:16:04',NULL,NULL,NULL,NULL,NULL,NULL,NULL),(17793,21,NULL,'Side','2017-02-16 08:56:58',NULL,NULL,NULL,NULL,NULL,'df94345e-f425-11e6-8f44-0acd61573881',NULL),(20389,21,NULL,'Side','2017-08-06 15:01:50',NULL,NULL,NULL,NULL,NULL,'2ccd8c24-7ab8-11e7-852d-12b07c3058a9',NULL),(20977,21,NULL,'Side','2017-08-07 08:19:45',NULL,NULL,NULL,NULL,NULL,'2b92f828-7b49-11e7-852d-12b07c3058a9',NULL),(467,49,'http://traxus.s3-accelerate.amazonaws.com/ccbr/Product_Images/467','Front','2014-11-25 14:14:01',NULL,NULL,NULL,NULL,NULL,NULL,NULL),(7105,49,NULL,'Back','2015-12-30 10:54:13',NULL,NULL,NULL,'-',NULL,NULL,NULL),(7106,49,NULL,'Top','2015-12-30 10:54:15',NULL,NULL,NULL,'-',NULL,NULL,NULL),(7107,49,NULL,'Back','2015-12-30 10:54:17',NULL,NULL,NULL,'-',NULL,NULL,NULL),(7108,49,NULL,'Top','2015-12-30 10:54:20',NULL,NULL,NULL,'-',NULL,NULL,NULL),(7661,49,NULL,'Back','2016-02-14 10:49:06',NULL,NULL,NULL,'7894900010015_2',NULL,NULL,NULL),(7663,49,NULL,'Top','2016-02-14 10:49:06',NULL,NULL,NULL,'7894900010015_2',NULL,NULL,NULL),(7664,49,NULL,'Back','2016-02-14 10:49:06',NULL,NULL,NULL,'7894900010015_4',NULL,NULL,NULL),(7666,49,NULL,'Top','2016-02-14 10:49:06',NULL,NULL,NULL,'7894900010015_4',NULL,NULL,NULL),(7667,49,NULL,'Back','2016-02-14 10:49:06',NULL,NULL,NULL,'7894900010015_1',NULL,NULL,NULL),(7669,49,NULL,'Top','2016-02-14 10:49:06',NULL,NULL,NULL,'7894900010015_1',NULL,NULL,NULL),(7787,49,NULL,'Back','2016-02-14 10:49:06',NULL,NULL,NULL,'7894900010015_3',NULL,NULL,NULL),(7789,49,NULL,'Top','2016-02-14 10:49:06',NULL,NULL,NULL,'7894900010015_3',NULL,NULL,NULL),(16128,49,NULL,'Back','2016-08-02 12:21:15',NULL,NULL,NULL,'-',NULL,NULL,NULL),(16129,49,'http://traxus.s3-accelerate.amazonaws.com/ccbr/Product_Images/16129','Front','2016-08-03 09:57:54',NULL,NULL,NULL,'7894900010015_1',NULL,NULL,NULL),(16131,49,'http://traxus.s3-accelerate.amazonaws.com/ccbr/Product_Images/16131','Side1','2016-08-03 09:58:15',NULL,NULL,NULL,'7894900010015_1',NULL,NULL,NULL),(16132,49,'http://traxus.s3-accelerate.amazonaws.com/ccbr/Product_Images/16132','Side2','2016-08-03 09:58:26',NULL,NULL,NULL,'7894900010015_1',NULL,NULL,NULL),(16133,49,'http://traxus.s3-accelerate.amazonaws.com/ccbr/Product_Images/16133','Side3','2016-08-03 09:58:41',NULL,NULL,NULL,'7894900010015_1',NULL,NULL,NULL),(16678,49,'http://traxus.s3.amazonaws.com/ccbr/Product_Images/16678','Front','2016-12-29 15:31:28',NULL,NULL,NULL,'7894900010015_6',NULL,NULL,NULL),(16679,49,NULL,'Back','2016-12-29 15:31:32',NULL,NULL,NULL,'7894900010015_6',NULL,NULL,NULL),(16681,49,NULL,'Top','2016-12-29 15:31:32',NULL,NULL,NULL,'7894900010015_6',NULL,NULL,NULL),(16682,49,'http://traxus.s3.amazonaws.com/ccbr/Product_Images/16682','Side1','2016-12-29 15:31:42',NULL,NULL,NULL,'7894900010015_6',NULL,NULL,NULL),(16683,49,'http://traxus.s3.amazonaws.com/ccbr/Product_Images/16683','Side2','2016-12-29 15:31:54',NULL,NULL,NULL,'7894900010015_6',NULL,NULL,NULL),(16684,49,'http://traxus.s3.amazonaws.com/ccbr/Product_Images/16684','Side3','2016-12-29 15:32:13',NULL,NULL,NULL,'7894900010015_6',NULL,NULL,NULL),(16685,49,'http://traxus.s3.amazonaws.com/ccbr/Product_Images/16685','Side4','2016-12-29 15:32:45',NULL,NULL,NULL,'7894900010015_6',NULL,NULL,NULL),(16686,49,'http://traxus.s3.amazonaws.com/ccbr/Product_Images/16686','Front','2016-12-29 15:33:34',NULL,NULL,NULL,'7894900010015_5',NULL,NULL,NULL),(16687,49,NULL,'Back','2016-12-29 15:33:36',NULL,NULL,NULL,'7894900010015_5',NULL,NULL,NULL),(16689,49,NULL,'Top','2016-12-29 15:33:36',NULL,NULL,NULL,'7894900010015_5',NULL,NULL,NULL),(16690,49,'http://traxus.s3.amazonaws.com/ccbr/Product_Images/16690','Side1','2016-12-29 15:33:44',NULL,NULL,NULL,'7894900010015_5',NULL,NULL,NULL),(16691,49,'http://traxus.s3.amazonaws.com/ccbr/Product_Images/16691','Side2','2016-12-29 15:33:56',NULL,NULL,NULL,'7894900010015_5',NULL,NULL,NULL),(16692,49,'http://traxus.s3.amazonaws.com/ccbr/Product_Images/16692','Side3','2016-12-29 15:34:12',NULL,NULL,NULL,'7894900010015_5',NULL,NULL,NULL),(17838,49,NULL,'Side','2017-02-16 08:56:58',NULL,NULL,NULL,NULL,NULL,'dfd696c2-f425-11e6-8f44-0acd61573881',NULL),(20395,49,NULL,'Side','2017-08-06 15:01:50',NULL,NULL,NULL,NULL,NULL,'2cd34ede-7ab8-11e7-852d-12b07c3058a9',NULL),(21023,49,NULL,'Side','2017-08-07 08:19:45',NULL,NULL,NULL,NULL,NULL,'2bbcbc97-7b49-11e7-852d-12b07c3058a9',NULL),(22959,49,NULL,'Bottom','2018-06-18 15:48:45',NULL,NULL,NULL,NULL,NULL,NULL,NULL),(94,53,'http://traxus.s3-accelerate.amazonaws.com/ccbr/Product_Images/94','Front','2014-10-22 00:00:00',NULL,NULL,'7894900011609_1',NULL,NULL,NULL,NULL),(95,53,'http://traxus.s3-accelerate.amazonaws.com/ccbr/Product_Images/95','Back','2014-10-22 00:00:00',NULL,NULL,'7894900011609_2',NULL,NULL,NULL,NULL),(1736,53,NULL,'Top','2015-08-27 08:45:06',NULL,NULL,NULL,NULL,NULL,NULL,NULL),(15672,53,'http://traxus.s3-accelerate.amazonaws.com/ccbr/Product_Images/15672','Front','2016-07-19 08:38:38',NULL,NULL,NULL,'7894900011609_2',NULL,NULL,NULL),(15673,53,NULL,'Back','2016-07-19 08:38:48',NULL,NULL,NULL,'7894900011609_2',NULL,NULL,NULL),(15675,53,NULL,'Top','2016-07-19 08:38:48',NULL,NULL,NULL,'7894900011609_2',NULL,NULL,NULL),(15676,53,'http://traxus.s3-accelerate.amazonaws.com/ccbr/Product_Images/15676','Side1','2016-07-19 08:38:58',NULL,NULL,NULL,'7894900011609_2',NULL,NULL,NULL),(15677,53,'http://traxus.s3-accelerate.amazonaws.com/ccbr/Product_Images/15677','Side2','2016-07-19 08:39:18',NULL,NULL,NULL,'7894900011609_2',NULL,NULL,NULL),(15678,53,'http://traxus.s3-accelerate.amazonaws.com/ccbr/Product_Images/15678','Side3','2016-07-19 08:39:31',NULL,NULL,NULL,'7894900011609_2',NULL,NULL,NULL),(17845,53,NULL,'Side','2017-02-16 08:56:58',NULL,NULL,NULL,NULL,NULL,'dfe0fca4-f425-11e6-8f44-0acd61573881',NULL),(21030,53,NULL,'Side','2017-08-07 08:19:45',NULL,NULL,NULL,NULL,NULL,'2bc30f31-7b49-11e7-852d-12b07c3058a9',NULL),(22962,53,NULL,'Bottom','2018-06-18 15:48:45',NULL,NULL,NULL,NULL,NULL,NULL,NULL),(114,63,'http://traxus.s3-accelerate.amazonaws.com/ccbr/Product_Images/114','Front','2014-10-22 00:00:00',NULL,NULL,'7894900701517_1',NULL,NULL,NULL,NULL),(115,63,'http://traxus.s3-accelerate.amazonaws.com/ccbr/Product_Images/115','Back','2014-10-22 00:00:00',NULL,NULL,'7894900701517_2',NULL,NULL,NULL,NULL),(116,63,'http://traxus.s3-accelerate.amazonaws.com/ccbr/Product_Images/116','Side 1','2014-10-22 00:00:00',NULL,NULL,'7894900701517_3',NULL,NULL,NULL,NULL),(6140,63,'http://traxus.s3-accelerate.amazonaws.com/ccbr/Product_Images/6140','Side2','2015-10-25 15:07:33',NULL,NULL,NULL,NULL,NULL,NULL,NULL),(6141,63,'http://traxus.s3-accelerate.amazonaws.com/ccbr/Product_Images/6141','Side3','2015-10-25 15:08:23',NULL,NULL,NULL,NULL,NULL,NULL,NULL),(6142,63,'http://traxus.s3-accelerate.amazonaws.com/ccbr/Product_Images/6142','Side4','2015-10-25 15:09:14',NULL,NULL,NULL,NULL,NULL,NULL,NULL),(6147,63,'http://traxus.s3-accelerate.amazonaws.com/ccbr/Product_Images/6147','Front','2015-10-26 10:55:06',NULL,NULL,NULL,'7894900701517_1',NULL,NULL,NULL),(6288,63,NULL,'Top','2015-11-15 11:56:31',NULL,NULL,NULL,NULL,NULL,NULL,NULL),(7802,63,NULL,'Back','2016-02-14 10:49:06',NULL,NULL,NULL,'7894900701517_1',NULL,NULL,NULL),(7804,63,NULL,'Top','2016-02-14 10:49:06',NULL,NULL,NULL,'7894900701517_1',NULL,NULL,NULL),(16059,63,'http://traxus.s3-accelerate.amazonaws.com/ccbr/Product_Images/16059','Front','2016-08-01 07:27:13',NULL,NULL,NULL,'7894900701517_4',NULL,NULL,NULL),(16060,63,NULL,'Back','2016-08-01 07:27:17',NULL,NULL,NULL,'7894900701517_4',NULL,NULL,NULL),(16062,63,NULL,'Top','2016-08-01 07:27:17',NULL,NULL,NULL,'7894900701517_4',NULL,NULL,NULL),(16063,63,'http://traxus.s3-accelerate.amazonaws.com/ccbr/Product_Images/16063','Side1','2016-08-01 07:27:26',NULL,NULL,NULL,'7894900701517_4',NULL,NULL,NULL),(16064,63,'http://traxus.s3-accelerate.amazonaws.com/ccbr/Product_Images/16064','Side2','2016-08-01 07:27:41',NULL,NULL,NULL,'7894900701517_4',NULL,NULL,NULL),(16065,63,'http://traxus.s3-accelerate.amazonaws.com/ccbr/Product_Images/16065','Side3','2016-08-01 07:27:54',NULL,NULL,NULL,'7894900701517_4',NULL,NULL,NULL),(17870,63,NULL,'Side','2017-02-16 08:56:59',NULL,NULL,NULL,NULL,NULL,'e004375e-f425-11e6-8f44-0acd61573881',NULL),(20399,63,NULL,'Side','2017-08-06 15:01:50',NULL,NULL,NULL,NULL,NULL,'2cd72da6-7ab8-11e7-852d-12b07c3058a9',NULL),(21058,63,NULL,'Side','2017-08-07 08:19:45',NULL,NULL,NULL,NULL,NULL,'2bdce575-7b49-11e7-852d-12b07c3058a9',NULL),(22219,63,'https://traxus.s3.amazonaws.com/ccbr/Product_Images/63/dvc/Front20180321141654','Front','2018-03-21 14:16:56',NULL,NULL,NULL,NULL,NULL,NULL,344),(22220,63,NULL,'Top','2018-03-21 14:16:56',NULL,NULL,NULL,NULL,NULL,NULL,344),(22221,63,NULL,'Back','2018-03-21 14:16:56',NULL,NULL,NULL,NULL,NULL,NULL,344),(22222,63,NULL,'Bottom','2018-03-21 14:16:56',NULL,NULL,NULL,NULL,NULL,NULL,344),(22223,63,NULL,'Side1','2018-03-21 14:16:56',NULL,NULL,NULL,NULL,NULL,NULL,344),(22224,63,NULL,'Side2','2018-03-21 14:16:56',NULL,NULL,NULL,NULL,NULL,NULL,344),(22970,63,NULL,'Bottom','2018-06-18 15:48:45',NULL,NULL,NULL,NULL,NULL,NULL,NULL),(127,69,'http://traxus.s3-accelerate.amazonaws.com/ccbr/Product_Images/127','Front','2014-10-22 00:00:00',NULL,NULL,'11144_1',NULL,NULL,NULL,NULL),(128,69,'http://traxus.s3-accelerate.amazonaws.com/ccbr/Product_Images/128','Back','2014-10-22 00:00:00',NULL,NULL,'11144_2',NULL,NULL,NULL,NULL),(1767,69,NULL,'Top','2015-08-27 08:45:06',NULL,NULL,NULL,NULL,NULL,NULL,NULL),(12973,69,'http://traxus.s3-accelerate.amazonaws.com/ccbr/Product_Images/12973','Front','2016-04-27 12:05:37',NULL,NULL,NULL,'7894900701203_2',NULL,NULL,NULL),(12974,69,NULL,'Back','2016-04-27 12:05:44',NULL,NULL,NULL,'7894900701203_2',NULL,NULL,NULL),(12976,69,NULL,'Top','2016-04-27 12:05:44',NULL,NULL,NULL,'7894900701203_2',NULL,NULL,NULL),(12977,69,'http://traxus.s3-accelerate.amazonaws.com/ccbr/Product_Images/12977','Side1','2016-04-27 12:05:54',NULL,NULL,NULL,'7894900701203_2',NULL,NULL,NULL),(12978,69,'http://traxus.s3-accelerate.amazonaws.com/ccbr/Product_Images/12978','Side2','2016-04-27 12:06:12',NULL,NULL,NULL,'7894900701203_2',NULL,NULL,NULL),(12980,69,'http://traxus.s3-accelerate.amazonaws.com/ccbr/Product_Images/12980','Side4','2016-04-27 12:06:50',NULL,NULL,NULL,'7894900701203_2',NULL,NULL,NULL),(12982,69,'http://traxus.s3-accelerate.amazonaws.com/ccbr/Product_Images/12982','Side3','2016-04-27 12:07:55',NULL,NULL,NULL,'7894900701203_2',NULL,NULL,NULL),(17194,69,'http://traxus.s3.amazonaws.com/ccbr/Product_Images/17194','Front','2017-02-12 07:55:29',NULL,NULL,NULL,'7894900701203_1',NULL,NULL,NULL),(17195,69,NULL,'Back','2017-02-12 07:55:33',NULL,NULL,NULL,'7894900701203_1',NULL,NULL,NULL),(17197,69,NULL,'Top','2017-02-12 07:55:33',NULL,NULL,NULL,'7894900701203_1',NULL,NULL,NULL),(17198,69,'http://traxus.s3.amazonaws.com/ccbr/Product_Images/17198','Side1','2017-02-12 07:55:45',NULL,NULL,NULL,'7894900701203_1',NULL,NULL,NULL),(17199,69,'http://traxus.s3.amazonaws.com/ccbr/Product_Images/17199','Side2','2017-02-12 07:56:06',NULL,NULL,NULL,'7894900701203_1',NULL,NULL,NULL),(17200,69,'http://traxus.s3.amazonaws.com/ccbr/Product_Images/17200','Side3','2017-02-12 07:56:19',NULL,NULL,NULL,'7894900701203_1',NULL,NULL,NULL),(17866,69,NULL,'Side','2017-02-16 08:56:59',NULL,NULL,NULL,NULL,NULL,'dfffd4da-f425-11e6-8f44-0acd61573881',NULL),(20398,69,NULL,'Side','2017-08-06 15:01:50',NULL,NULL,NULL,NULL,NULL,'2cd638a6-7ab8-11e7-852d-12b07c3058a9',NULL),(21054,69,NULL,'Side','2017-08-07 08:19:45',NULL,NULL,NULL,NULL,NULL,'2bd932c8-7b49-11e7-852d-12b07c3058a9',NULL),(22974,69,NULL,'Bottom','2018-06-18 15:48:45',NULL,NULL,NULL,NULL,NULL,NULL,NULL),(139,74,'http://traxus.s3-accelerate.amazonaws.com/ccbr/Product_Images/139','Front','2014-10-22 00:00:00',NULL,NULL,'7894900700015_1',NULL,NULL,NULL,NULL),(140,74,'http://traxus.s3-accelerate.amazonaws.com/ccbr/Product_Images/140','Back','2014-10-22 00:00:00',NULL,NULL,'7894900700015_3',NULL,NULL,NULL,NULL),(141,74,'http://traxus.s3-accelerate.amazonaws.com/ccbr/Product_Images/141','Side 1','2014-10-22 00:00:00',NULL,NULL,'7894900700015_5',NULL,NULL,NULL,NULL),(1529,74,'http://traxus.s3-accelerate.amazonaws.com/ccbr/Product_Images/1529','Front','2015-06-18 06:22:55',NULL,NULL,NULL,'100000001',NULL,NULL,NULL),(6229,74,NULL,'Back','2015-11-15 11:56:31',NULL,NULL,NULL,NULL,NULL,NULL,NULL),(6231,74,NULL,'Top','2015-11-15 11:56:31',NULL,NULL,NULL,NULL,NULL,NULL,NULL),(7765,74,NULL,'Top','2016-02-14 10:49:06',NULL,NULL,NULL,'100000002',NULL,NULL,NULL),(15807,74,NULL,'Back','2016-07-20 11:44:21',NULL,NULL,NULL,'100000001',NULL,NULL,NULL),(15809,74,NULL,'Top','2016-07-20 11:44:25',NULL,NULL,NULL,'100000001',NULL,NULL,NULL),(15810,74,NULL,'Back','2016-07-20 11:44:27',NULL,NULL,NULL,'100000002',NULL,NULL,NULL),(15836,74,'http://traxus.s3-accelerate.amazonaws.com/ccbr/Product_Images/15836','Front','2016-07-28 09:24:09',NULL,NULL,NULL,'7894900700015_2',NULL,NULL,NULL),(15837,74,NULL,'Back','2016-07-28 09:24:14',NULL,NULL,NULL,'7894900700015_2',NULL,NULL,NULL),(15839,74,NULL,'Top','2016-07-28 09:24:14',NULL,NULL,NULL,'7894900700015_2',NULL,NULL,NULL),(15840,74,'http://traxus.s3-accelerate.amazonaws.com/ccbr/Product_Images/15840','Side1','2016-07-28 09:24:23',NULL,NULL,NULL,'7894900700015_2',NULL,NULL,NULL),(15841,74,'http://traxus.s3-accelerate.amazonaws.com/ccbr/Product_Images/15841','Side2','2016-07-28 09:24:36',NULL,NULL,NULL,'7894900700015_2',NULL,NULL,NULL),(15842,74,'http://traxus.s3-accelerate.amazonaws.com/ccbr/Product_Images/15842','Side3','2016-07-28 09:24:48',NULL,NULL,NULL,'7894900700015_2',NULL,NULL,NULL),(16717,74,'http://traxus.s3.amazonaws.com/ccbr/Product_Images/16717','Front','2016-12-29 15:45:52',NULL,NULL,NULL,'7894900700015_3',NULL,NULL,NULL),(16718,74,NULL,'Back','2016-12-29 15:45:56',NULL,NULL,NULL,'7894900700015_3',NULL,NULL,NULL),(16720,74,NULL,'Top','2016-12-29 15:45:56',NULL,NULL,NULL,'7894900700015_3',NULL,NULL,NULL),(16721,74,'http://traxus.s3.amazonaws.com/ccbr/Product_Images/16721','Side1','2016-12-29 15:46:06',NULL,NULL,NULL,'7894900700015_3',NULL,NULL,NULL),(16722,74,'http://traxus.s3.amazonaws.com/ccbr/Product_Images/16722','Side2','2016-12-29 15:46:20',NULL,NULL,NULL,'7894900700015_3',NULL,NULL,NULL),(16723,74,'http://traxus.s3.amazonaws.com/ccbr/Product_Images/16723','Side3','2016-12-29 15:46:36',NULL,NULL,NULL,'7894900700015_3',NULL,NULL,NULL),(16724,74,'http://traxus.s3.amazonaws.com/ccbr/Product_Images/16724','Side4','2016-12-29 15:46:49',NULL,NULL,NULL,'7894900700015_3',NULL,NULL,NULL),(17875,74,NULL,'Side','2017-02-16 08:56:59',NULL,NULL,NULL,NULL,NULL,'e008d6c8-f425-11e6-8f44-0acd61573881',NULL),(20400,74,NULL,'Side','2017-08-06 15:01:50',NULL,NULL,NULL,NULL,NULL,'2cd8238f-7ab8-11e7-852d-12b07c3058a9',NULL),(21064,74,NULL,'Side','2017-08-07 08:19:45',NULL,NULL,NULL,NULL,NULL,'2be26a82-7b49-11e7-852d-12b07c3058a9',NULL),(22977,74,NULL,'Bottom','2018-06-18 15:48:45',NULL,NULL,NULL,NULL,NULL,NULL,NULL),(151,79,'http://traxus.s3-accelerate.amazonaws.com/ccbr/Product_Images/151','Front','2014-10-22 00:00:00',NULL,NULL,'11116_1',NULL,NULL,NULL,NULL),(152,79,'http://traxus.s3-accelerate.amazonaws.com/ccbr/Product_Images/152','Back','2014-10-22 00:00:00',NULL,NULL,'11116_2',NULL,NULL,NULL,NULL),(153,79,'http://traxus.s3-accelerate.amazonaws.com/ccbr/Product_Images/153','Side 1','2014-10-22 00:00:00',NULL,NULL,'11116_5',NULL,NULL,NULL,NULL),(1783,79,NULL,'Top','2015-08-27 08:45:06',NULL,NULL,NULL,NULL,NULL,NULL,NULL),(9804,79,NULL,'Side1','2016-02-21 10:16:05',NULL,NULL,NULL,NULL,NULL,NULL,NULL),(9805,79,NULL,'Side2','2016-02-21 10:16:05',NULL,NULL,NULL,NULL,NULL,NULL,NULL),(9806,79,NULL,'Side3','2016-02-21 10:16:05',NULL,NULL,NULL,NULL,NULL,NULL,NULL),(9807,79,NULL,'Side4','2016-02-21 10:16:05',NULL,NULL,NULL,NULL,NULL,NULL,NULL),(17906,79,NULL,'Side','2017-02-16 08:56:59',NULL,NULL,NULL,NULL,NULL,'e0254a88-f425-11e6-8f44-0acd61573881',NULL),(20403,79,NULL,'Side','2017-08-06 15:01:50',NULL,NULL,NULL,NULL,NULL,'2cdb03f7-7ab8-11e7-852d-12b07c3058a9',NULL),(21097,79,NULL,'Side','2017-08-07 08:19:45',NULL,NULL,NULL,NULL,NULL,'2c00cfec-7b49-11e7-852d-12b07c3058a9',NULL),(1788,82,NULL,'Side','2015-08-27 08:45:06',NULL,NULL,NULL,NULL,NULL,NULL,NULL),(1789,82,NULL,'Top','2015-08-27 08:45:06',NULL,NULL,NULL,NULL,NULL,NULL,NULL),(9836,82,NULL,'Side1','2016-02-21 10:16:05',NULL,NULL,NULL,NULL,NULL,NULL,NULL),(9837,82,NULL,'Side2','2016-02-21 10:16:05',NULL,NULL,NULL,NULL,NULL,NULL,NULL),(9838,82,NULL,'Side3','2016-02-21 10:16:05',NULL,NULL,NULL,NULL,NULL,NULL,NULL),(9839,82,NULL,'Side4','2016-02-21 10:16:05',NULL,NULL,NULL,NULL,NULL,NULL,NULL),(12797,82,'http://traxus.s3-accelerate.amazonaws.com/ccbr/Product_Images/12797','Front','2016-04-20 09:35:12',NULL,NULL,NULL,NULL,NULL,NULL,NULL),(12798,82,'http://traxus.s3-accelerate.amazonaws.com/ccbr/Product_Images/12798','Back','2016-04-20 09:35:31',NULL,NULL,NULL,NULL,NULL,NULL,NULL),(17917,82,NULL,'Side','2017-02-16 08:56:59',NULL,NULL,NULL,NULL,NULL,'e02f786e-f425-11e6-8f44-0acd61573881',NULL),(19407,82,'http://traxus.s3.amazonaws.com/ccbr/Product_Images/19407','Front','2017-07-02 11:40:10',NULL,NULL,NULL,'7894900034219_1',NULL,NULL,NULL),(19408,82,NULL,'Back','2017-07-02 11:40:14',NULL,NULL,NULL,'7894900034219_1',NULL,NULL,NULL),(19410,82,NULL,'Top','2017-07-02 11:40:14',NULL,NULL,NULL,'7894900034219_1',NULL,NULL,NULL),(21109,82,NULL,'Side','2017-08-07 08:19:45',NULL,NULL,NULL,NULL,NULL,'2c0c7c0d-7b49-11e7-852d-12b07c3058a9',NULL),(168,87,'http://traxus.s3-accelerate.amazonaws.com/ccbr/Product_Images/168','Front','2014-10-22 00:00:00',NULL,NULL,'7894900031515_1',NULL,NULL,NULL,NULL),(169,87,'http://traxus.s3-accelerate.amazonaws.com/ccbr/Product_Images/169','Back','2014-10-22 00:00:00',NULL,NULL,'7894900031515_3',NULL,NULL,NULL,NULL),(170,87,'http://traxus.s3-accelerate.amazonaws.com/ccbr/Product_Images/170','Side 1','2014-10-22 00:00:00',NULL,NULL,'7894900031515_4',NULL,NULL,NULL,NULL),(1798,87,NULL,'Top','2015-08-27 08:45:06',NULL,NULL,NULL,NULL,NULL,NULL,NULL),(16234,87,'http://traxus.s3-accelerate.amazonaws.com/ccbr/Product_Images/16234','Front','2016-08-30 07:51:41',NULL,NULL,NULL,'7894900031515_1',NULL,NULL,NULL),(16235,87,NULL,'Back','2016-08-30 07:51:45',NULL,NULL,NULL,'7894900031515_1',NULL,NULL,NULL),(16237,87,NULL,'Top','2016-08-30 07:51:45',NULL,NULL,NULL,'7894900031515_1',NULL,NULL,NULL),(16238,87,'http://traxus.s3-accelerate.amazonaws.com/ccbr/Product_Images/16238','Side1','2016-08-30 07:51:57',NULL,NULL,NULL,'7894900031515_1',NULL,NULL,NULL),(16239,87,'http://traxus.s3-accelerate.amazonaws.com/ccbr/Product_Images/16239','Side2','2016-08-30 07:52:13',NULL,NULL,NULL,'7894900031515_1',NULL,NULL,NULL),(16533,87,'http://traxus.s3-accelerate.amazonaws.com/ccbr/Product_Images/16533','Front','2016-10-05 14:43:35',NULL,NULL,NULL,'7894900031515_3',NULL,NULL,NULL),(16534,87,NULL,'Back','2016-10-05 14:43:44',NULL,NULL,NULL,'7894900031515_3',NULL,NULL,NULL),(16536,87,NULL,'Top','2016-10-05 14:43:44',NULL,NULL,NULL,'7894900031515_3',NULL,NULL,NULL),(16537,87,'http://traxus.s3-accelerate.amazonaws.com/ccbr/Product_Images/16537','Side1','2016-10-05 14:43:57',NULL,NULL,NULL,'7894900031515_3',NULL,NULL,NULL),(16538,87,'http://traxus.s3-accelerate.amazonaws.com/ccbr/Product_Images/16538','Side2','2016-10-05 14:44:35',NULL,NULL,NULL,'7894900031515_3',NULL,NULL,NULL),(16583,87,'http://traxus.s3-accelerate.amazonaws.com/ccbr/Product_Images/16583','Front','2016-10-05 15:06:41',NULL,NULL,NULL,'7894900031515_4',NULL,NULL,NULL),(16586,87,NULL,'Top','2016-10-05 15:06:45',NULL,NULL,NULL,'7894900031515_4',NULL,NULL,NULL),(16587,87,'http://traxus.s3-accelerate.amazonaws.com/ccbr/Product_Images/16587','Side1','2016-10-05 15:06:57',NULL,NULL,NULL,'7894900031515_4',NULL,NULL,NULL),(16588,87,'http://traxus.s3-accelerate.amazonaws.com/ccbr/Product_Images/16588','Side2','2016-10-05 15:07:12',NULL,NULL,NULL,'7894900031515_4',NULL,NULL,NULL),(19341,87,'http://traxus.s3.amazonaws.com/ccbr/Product_Images/19341','Front','2017-07-02 11:15:04',NULL,NULL,NULL,'7894900031515_5',NULL,NULL,NULL),(19342,87,NULL,'Back','2017-07-02 11:15:09',NULL,NULL,NULL,'7894900031515_5',NULL,NULL,NULL),(19343,87,NULL,'Back','2017-07-02 11:15:09',NULL,NULL,NULL,NULL,NULL,NULL,NULL),(19344,87,NULL,'Top','2017-07-02 11:15:09',NULL,NULL,NULL,'7894900031515_5',NULL,NULL,NULL),(20406,87,NULL,'Side','2017-08-06 15:01:50',NULL,NULL,NULL,NULL,NULL,'2cdde433-7ab8-11e7-852d-12b07c3058a9',NULL),(21107,87,NULL,'Side','2017-08-07 08:19:45',NULL,NULL,NULL,NULL,NULL,'2c0aa48f-7b49-11e7-852d-12b07c3058a9',NULL),(21835,87,NULL,'Side3','2017-09-19 09:11:30',NULL,NULL,NULL,'-',NULL,NULL,NULL),(21836,87,NULL,'Side3','2017-09-19 09:11:35',NULL,NULL,NULL,NULL,NULL,NULL,NULL),(22986,87,NULL,'Bottom','2018-06-18 15:48:45',NULL,NULL,NULL,NULL,NULL,NULL,NULL),(171,88,'http://traxus.s3-accelerate.amazonaws.com/ccbr/Product_Images/171','Front','2014-10-22 00:00:00',NULL,NULL,'7894900051513_1',NULL,NULL,NULL,NULL),(172,88,'http://traxus.s3-accelerate.amazonaws.com/ccbr/Product_Images/172','Back','2014-10-22 00:00:00',NULL,NULL,'7894900051513_2',NULL,NULL,NULL,NULL),(173,88,'http://traxus.s3-accelerate.amazonaws.com/ccbr/Product_Images/173','Side 1','2014-10-22 00:00:00',NULL,NULL,'7894900051513_3',NULL,NULL,NULL,NULL),(1799,88,NULL,'Top','2015-08-27 08:45:06',NULL,NULL,NULL,NULL,NULL,NULL,NULL),(16254,88,'http://traxus.s3-accelerate.amazonaws.com/ccbr/Product_Images/16254','Front','2016-09-01 09:17:37',NULL,NULL,NULL,'7894900051513_1',NULL,NULL,NULL),(16255,88,NULL,'Back','2016-09-01 09:17:41',NULL,NULL,NULL,'7894900051513_1',NULL,NULL,NULL),(16257,88,NULL,'Top','2016-09-01 09:17:41',NULL,NULL,NULL,'7894900051513_1',NULL,NULL,NULL),(16258,88,'http://traxus.s3-accelerate.amazonaws.com/ccbr/Product_Images/16258','Side2','2016-09-01 09:17:49',NULL,NULL,NULL,'7894900051513_1',NULL,NULL,NULL),(16259,88,'http://traxus.s3-accelerate.amazonaws.com/ccbr/Product_Images/16259','Side1','2016-09-01 09:18:02',NULL,NULL,NULL,'7894900051513_1',NULL,NULL,NULL),(16260,88,'http://traxus.s3-accelerate.amazonaws.com/ccbr/Product_Images/16260','Side3','2016-09-01 09:18:14',NULL,NULL,NULL,'7894900051513_1',NULL,NULL,NULL),(16563,88,'http://traxus.s3-accelerate.amazonaws.com/ccbr/Product_Images/16563','Front','2016-10-05 14:59:44',NULL,NULL,NULL,'7894900051513_2',NULL,NULL,NULL),(16564,88,NULL,'Back','2016-10-05 14:59:49',NULL,NULL,NULL,'7894900051513_2',NULL,NULL,NULL),(16566,88,NULL,'Top','2016-10-05 14:59:49',NULL,NULL,NULL,'7894900051513_2',NULL,NULL,NULL),(16567,88,'http://traxus.s3-accelerate.amazonaws.com/ccbr/Product_Images/16567','Side1','2016-10-05 15:00:01',NULL,NULL,NULL,'7894900051513_2',NULL,NULL,NULL),(16568,88,'http://traxus.s3-accelerate.amazonaws.com/ccbr/Product_Images/16568','Side2','2016-10-05 15:00:17',NULL,NULL,NULL,'7894900051513_2',NULL,NULL,NULL),(16569,88,'http://traxus.s3-accelerate.amazonaws.com/ccbr/Product_Images/16569','Side4','2016-10-05 15:00:31',NULL,NULL,NULL,'7894900051513_2',NULL,NULL,NULL),(19368,88,'http://traxus.s3.amazonaws.com/ccbr/Product_Images/19368','Front','2017-07-02 11:22:30',NULL,NULL,NULL,'7894900051513_3',NULL,NULL,NULL),(19369,88,NULL,'Back','2017-07-02 11:22:37',NULL,NULL,NULL,'7894900051513_3',NULL,NULL,NULL),(19371,88,NULL,'Top','2017-07-02 11:22:37',NULL,NULL,NULL,'7894900051513_3',NULL,NULL,NULL),(19372,88,'http://traxus.s3.amazonaws.com/ccbr/Product_Images/19372','Side1','2017-07-02 11:22:49',NULL,NULL,NULL,'7894900051513_3',NULL,NULL,NULL),(19373,88,'http://traxus.s3.amazonaws.com/ccbr/Product_Images/19373','Side2','2017-07-02 11:23:07',NULL,NULL,NULL,'7894900051513_3',NULL,NULL,NULL),(20412,88,NULL,'Side','2017-08-06 15:01:50',NULL,NULL,NULL,NULL,NULL,'2ce3b45d-7ab8-11e7-852d-12b07c3058a9',NULL),(21132,88,NULL,'Side','2017-08-07 08:19:46',NULL,NULL,NULL,NULL,NULL,'2c21d9dc-7b49-11e7-852d-12b07c3058a9',NULL),(190,97,'http://traxus.s3-accelerate.amazonaws.com/ccbr/Product_Images/190','Front','2014-10-22 00:00:00',NULL,NULL,'11147_1',NULL,NULL,NULL,NULL),(191,97,'http://traxus.s3-accelerate.amazonaws.com/ccbr/Product_Images/191','Back','2014-10-22 00:00:00',NULL,NULL,'11147_3',NULL,NULL,NULL,NULL),(1816,97,NULL,'Side','2015-08-27 08:45:06',NULL,NULL,NULL,NULL,NULL,NULL,NULL),(1817,97,NULL,'Top','2015-08-27 08:45:06',NULL,NULL,NULL,NULL,NULL,NULL,NULL),(9824,97,NULL,'Side1','2016-02-21 10:16:05',NULL,NULL,NULL,NULL,NULL,NULL,NULL),(9825,97,NULL,'Side2','2016-02-21 10:16:05',NULL,NULL,NULL,NULL,NULL,NULL,NULL),(9826,97,NULL,'Side3','2016-02-21 10:16:05',NULL,NULL,NULL,NULL,NULL,NULL,NULL),(9827,97,NULL,'Side4','2016-02-21 10:16:05',NULL,NULL,NULL,NULL,NULL,NULL,NULL),(17912,97,NULL,'Side','2017-02-16 08:56:59',NULL,NULL,NULL,NULL,NULL,'e02ad56e-f425-11e6-8f44-0acd61573881',NULL),(19387,97,'http://traxus.s3.amazonaws.com/ccbr/Product_Images/19387','Front','2017-07-02 11:31:08',NULL,NULL,NULL,'7894900031201_1',NULL,NULL,NULL),(19388,97,NULL,'Back','2017-07-02 11:31:10',NULL,NULL,NULL,'7894900031201_1',NULL,NULL,NULL),(19390,97,NULL,'Top','2017-07-02 11:31:10',NULL,NULL,NULL,'7894900031201_1',NULL,NULL,NULL),(20404,97,NULL,'Side','2017-08-06 15:01:50',NULL,NULL,NULL,NULL,NULL,'2cdbfa2f-7ab8-11e7-852d-12b07c3058a9',NULL),(21104,97,NULL,'Side','2017-08-07 08:19:45',NULL,NULL,NULL,NULL,NULL,'2c07d861-7b49-11e7-852d-12b07c3058a9',NULL),(22993,97,NULL,'Bottom','2018-06-18 15:48:46',NULL,NULL,NULL,NULL,NULL,NULL,NULL),(225,114,'http://traxus.s3-accelerate.amazonaws.com/ccbr/Product_Images/225','Front','2014-10-22 00:00:00',NULL,NULL,'7894900911510_2',NULL,NULL,NULL,NULL),(226,114,'http://traxus.s3-accelerate.amazonaws.com/ccbr/Product_Images/226','Back','2014-10-22 00:00:00',NULL,NULL,'7894900911510_4',NULL,NULL,NULL,NULL),(227,114,'http://traxus.s3-accelerate.amazonaws.com/ccbr/Product_Images/227','Side 1','2014-10-22 00:00:00',NULL,NULL,'7894900911510_5',NULL,NULL,NULL,NULL),(1849,114,NULL,'Top','2015-08-27 08:45:06',NULL,NULL,NULL,NULL,NULL,NULL,NULL),(19382,114,NULL,'Back','2017-07-02 11:29:54',NULL,NULL,NULL,'7894900911510_1',NULL,NULL,NULL),(19384,114,NULL,'Top','2017-07-02 11:29:54',NULL,NULL,NULL,'7894900911510_1',NULL,NULL,NULL),(19589,114,'http://traxus.s3.amazonaws.com/ccbr/Product_Images/19589','Front','2017-07-03 11:51:03',NULL,NULL,NULL,'7894900911510_1',NULL,NULL,NULL),(19590,114,'http://traxus.s3.amazonaws.com/ccbr/Product_Images/19590','Side1','2017-07-03 11:51:27',NULL,NULL,NULL,'7894900911510_1',NULL,NULL,NULL),(19591,114,'http://traxus.s3.amazonaws.com/ccbr/Product_Images/19591','Side2','2017-07-03 11:51:43',NULL,NULL,NULL,'7894900911510_1',NULL,NULL,NULL),(19592,114,'http://traxus.s3.amazonaws.com/ccbr/Product_Images/19592','Side3','2017-07-03 11:51:55',NULL,NULL,NULL,'7894900911510_1',NULL,NULL,NULL),(20415,114,NULL,'Side','2017-08-06 15:01:50',NULL,NULL,NULL,NULL,NULL,'2ce6a722-7ab8-11e7-852d-12b07c3058a9',NULL),(21155,114,NULL,'Side','2017-08-07 08:19:46',NULL,NULL,NULL,NULL,NULL,'2c370f4f-7b49-11e7-852d-12b07c3058a9',NULL),(23004,114,NULL,'Bottom','2018-06-18 15:48:46',NULL,NULL,NULL,NULL,NULL,NULL,NULL),(234,118,'http://traxus.s3-accelerate.amazonaws.com/ccbr/Product_Images/234','Front','2014-10-22 00:00:00',NULL,NULL,'11145_1',NULL,NULL,NULL,NULL),(235,118,'http://traxus.s3-accelerate.amazonaws.com/ccbr/Product_Images/235','Back','2014-10-22 00:00:00',NULL,NULL,'11145_4',NULL,NULL,NULL,NULL),(1856,118,NULL,'Side','2015-08-27 08:45:06',NULL,NULL,NULL,NULL,NULL,NULL,NULL),(1857,118,NULL,'Top','2015-08-27 08:45:06',NULL,NULL,NULL,NULL,NULL,NULL,NULL),(9972,118,NULL,'Side1','2016-02-21 10:16:05',NULL,NULL,NULL,NULL,NULL,NULL,NULL),(9973,118,NULL,'Side2','2016-02-21 10:16:05',NULL,NULL,NULL,NULL,NULL,NULL,NULL),(9974,118,NULL,'Side3','2016-02-21 10:16:05',NULL,NULL,NULL,NULL,NULL,NULL,NULL),(9975,118,NULL,'Side4','2016-02-21 10:16:05',NULL,NULL,NULL,NULL,NULL,NULL,NULL),(17955,118,NULL,'Side','2017-02-16 08:56:59',NULL,NULL,NULL,NULL,NULL,'e05250ff-f425-11e6-8f44-0acd61573881',NULL),(20414,118,NULL,'Side','2017-08-06 15:01:50',NULL,NULL,NULL,NULL,NULL,'2ce5b17b-7ab8-11e7-852d-12b07c3058a9',NULL),(21153,118,NULL,'Side','2017-08-07 08:19:46',NULL,NULL,NULL,NULL,NULL,'2c353948-7b49-11e7-852d-12b07c3058a9',NULL),(23007,118,NULL,'Bottom','2018-06-18 15:48:46',NULL,NULL,NULL,NULL,NULL,NULL,NULL),(259,129,'http://traxus.s3-accelerate.amazonaws.com/ccbr/Product_Images/259','Front','2014-10-22 00:00:00',NULL,NULL,'7894900061512_1',NULL,NULL,NULL,NULL),(260,129,'http://traxus.s3-accelerate.amazonaws.com/ccbr/Product_Images/260','Back','2014-10-22 00:00:00',NULL,NULL,'7894900061512_3',NULL,NULL,NULL,NULL),(261,129,'http://traxus.s3-accelerate.amazonaws.com/ccbr/Product_Images/261','Side 1','2014-10-22 00:00:00',NULL,NULL,'7894900061512_4',NULL,NULL,NULL,NULL),(1876,129,NULL,'Top','2015-08-27 08:45:06',NULL,NULL,NULL,NULL,NULL,NULL,NULL),(10156,129,NULL,'Side1','2016-02-21 10:16:06',NULL,NULL,NULL,NULL,NULL,NULL,NULL),(10157,129,NULL,'Side2','2016-02-21 10:16:06',NULL,NULL,NULL,NULL,NULL,NULL,NULL),(10158,129,NULL,'Side3','2016-02-21 10:16:06',NULL,NULL,NULL,NULL,NULL,NULL,NULL),(10159,129,NULL,'Side4','2016-02-21 10:16:06',NULL,NULL,NULL,NULL,NULL,NULL,NULL),(18009,129,NULL,'Side','2017-02-16 08:56:59',NULL,NULL,NULL,NULL,NULL,'e085587b-f425-11e6-8f44-0acd61573881',NULL),(20420,129,NULL,'Side','2017-08-06 15:01:50',NULL,NULL,NULL,NULL,NULL,'2ceb6ff0-7ab8-11e7-852d-12b07c3058a9',NULL),(21208,129,NULL,'Side','2017-08-07 08:19:46',NULL,NULL,NULL,NULL,NULL,'2c67a353-7b49-11e7-852d-12b07c3058a9',NULL),(23015,129,NULL,'Bottom','2018-06-18 15:48:46',NULL,NULL,NULL,NULL,NULL,NULL,NULL),(266,132,'http://traxus.s3-accelerate.amazonaws.com/ccbr/Product_Images/266','Front','2014-10-22 00:00:00',NULL,NULL,'11146_1',NULL,NULL,NULL,NULL),(267,132,'http://traxus.s3-accelerate.amazonaws.com/ccbr/Product_Images/267','Back','2014-10-22 00:00:00',NULL,NULL,'11146_3',NULL,NULL,NULL,NULL),(1882,132,NULL,'Top','2015-08-27 08:45:06',NULL,NULL,NULL,NULL,NULL,NULL,NULL),(16261,132,'http://traxus.s3-accelerate.amazonaws.com/ccbr/Product_Images/16261','Front','2016-09-01 09:19:16',NULL,NULL,NULL,'7894900061208_1',NULL,NULL,NULL),(16262,132,NULL,'Back','2016-09-01 09:19:27',NULL,NULL,NULL,'7894900061208_1',NULL,NULL,NULL),(16264,132,NULL,'Top','2016-09-01 09:19:27',NULL,NULL,NULL,'7894900061208_1',NULL,NULL,NULL),(16265,132,'http://traxus.s3-accelerate.amazonaws.com/ccbr/Product_Images/16265','Side1','2016-09-01 09:19:35',NULL,NULL,NULL,'7894900061208_1',NULL,NULL,NULL),(16266,132,'http://traxus.s3-accelerate.amazonaws.com/ccbr/Product_Images/16266','Side2','2016-09-01 09:19:53',NULL,NULL,NULL,'7894900061208_1',NULL,NULL,NULL),(16267,132,'http://traxus.s3-accelerate.amazonaws.com/ccbr/Product_Images/16267','Side3','2016-09-01 09:20:09',NULL,NULL,NULL,'7894900061208_1',NULL,NULL,NULL),(18007,132,NULL,'Side','2017-02-16 08:56:59',NULL,NULL,NULL,NULL,NULL,'e0837e36-f425-11e6-8f44-0acd61573881',NULL),(20419,132,NULL,'Side','2017-08-06 15:01:50',NULL,NULL,NULL,NULL,NULL,'2cea7bca-7ab8-11e7-852d-12b07c3058a9',NULL),(21206,132,NULL,'Side','2017-08-07 08:19:46',NULL,NULL,NULL,NULL,NULL,'2c65d006-7b49-11e7-852d-12b07c3058a9',NULL),(23017,132,NULL,'Bottom','2018-06-18 15:48:46',NULL,NULL,NULL,NULL,NULL,NULL,NULL),(318,163,'http://traxus.s3-accelerate.amazonaws.com/ccbr/Product_Images/318','Front','2014-10-22 11:47:07',NULL,NULL,NULL,NULL,NULL,NULL,NULL),(1959,163,NULL,'Back','2015-08-27 08:45:06',NULL,NULL,NULL,NULL,NULL,NULL,NULL),(1960,163,NULL,'Side','2015-08-27 08:45:06',NULL,NULL,NULL,NULL,NULL,NULL,NULL),(1961,163,NULL,'Top','2015-08-27 08:45:06',NULL,NULL,NULL,NULL,NULL,NULL,NULL),(10692,163,NULL,'Side1','2016-02-21 10:16:07',NULL,NULL,NULL,NULL,NULL,NULL,NULL),(10693,163,NULL,'Side2','2016-02-21 10:16:07',NULL,NULL,NULL,NULL,NULL,NULL,NULL),(10694,163,NULL,'Side3','2016-02-21 10:16:07',NULL,NULL,NULL,NULL,NULL,NULL,NULL),(10695,163,NULL,'Side4','2016-02-21 10:16:07',NULL,NULL,NULL,NULL,NULL,NULL,NULL),(18182,163,NULL,'Side','2017-02-16 08:57:00',NULL,NULL,NULL,NULL,NULL,'e1223b7b-f425-11e6-8f44-0acd61573881',NULL),(21382,163,NULL,'Side','2017-08-07 08:19:47',NULL,NULL,NULL,NULL,NULL,'2d00e256-7b49-11e7-852d-12b07c3058a9',NULL),(462,278,'http://traxus.s3-accelerate.amazonaws.com/ccbr/Product_Images/462','Front','2014-11-16 11:43:44',NULL,NULL,NULL,NULL,NULL,NULL,NULL),(2282,278,NULL,'Back','2015-08-27 08:45:06',NULL,NULL,NULL,NULL,NULL,NULL,NULL),(2284,278,NULL,'Top','2015-08-27 08:45:06',NULL,NULL,NULL,NULL,NULL,NULL,NULL),(15699,278,'http://traxus.s3-accelerate.amazonaws.com/ccbr/Product_Images/15699','Front','2016-07-19 08:46:40',NULL,NULL,NULL,'7894900011517_2',NULL,NULL,NULL),(15700,278,NULL,'Back','2016-07-19 08:46:49',NULL,NULL,NULL,'7894900011517_2',NULL,NULL,NULL),(15702,278,NULL,'Top','2016-07-19 08:46:49',NULL,NULL,NULL,'7894900011517_2',NULL,NULL,NULL),(15703,278,'http://traxus.s3-accelerate.amazonaws.com/ccbr/Product_Images/15703','Side1','2016-07-19 08:46:59',NULL,NULL,NULL,'7894900011517_2',NULL,NULL,NULL),(15704,278,'http://traxus.s3-accelerate.amazonaws.com/ccbr/Product_Images/15704','Side2','2016-07-19 08:47:15',NULL,NULL,NULL,'7894900011517_2',NULL,NULL,NULL),(15705,278,'http://traxus.s3-accelerate.amazonaws.com/ccbr/Product_Images/15705','Side3','2016-07-19 08:47:34',NULL,NULL,NULL,'7894900011517_2',NULL,NULL,NULL),(17178,278,'http://traxus.s3.amazonaws.com/ccbr/Product_Images/17178','Front','2017-02-12 07:50:58',NULL,NULL,NULL,'7894900011517_1',NULL,NULL,NULL),(17179,278,NULL,'Back','2017-02-12 07:51:01',NULL,NULL,NULL,'7894900011517_1',NULL,NULL,NULL),(17181,278,NULL,'Top','2017-02-12 07:51:01',NULL,NULL,NULL,'7894900011517_1',NULL,NULL,NULL),(17182,278,'http://traxus.s3.amazonaws.com/ccbr/Product_Images/17182','Side1','2017-02-12 07:51:12',NULL,NULL,NULL,'7894900011517_1',NULL,NULL,NULL),(17821,278,NULL,'Side','2017-02-16 08:56:58',NULL,NULL,NULL,NULL,NULL,'dfbd8fe8-f425-11e6-8f44-0acd61573881',NULL),(20394,278,NULL,'Side','2017-08-06 15:01:50',NULL,NULL,NULL,NULL,NULL,'2cd2567f-7ab8-11e7-852d-12b07c3058a9',NULL),(21006,278,NULL,'Side','2017-08-07 08:19:45',NULL,NULL,NULL,NULL,NULL,'2bad2dbe-7b49-11e7-852d-12b07c3058a9',NULL),(23024,278,NULL,'Bottom','2018-06-18 15:48:46',NULL,NULL,NULL,NULL,NULL,NULL,NULL),(7,7,'http://traxus.s3-accelerate.amazonaws.com/ccbr/Product_Images/7','Front','2014-10-22 00:00:00',NULL,NULL,'Guaraná Antarctica Other',NULL,NULL,NULL,NULL),(1637,7,NULL,'Back','2015-08-27 08:45:06',NULL,NULL,NULL,NULL,NULL,NULL,NULL),(1638,7,NULL,'Side','2015-08-27 08:45:06',NULL,NULL,NULL,NULL,NULL,NULL,NULL),(1639,7,NULL,'Top','2015-08-27 08:45:06',NULL,NULL,NULL,NULL,NULL,NULL,NULL),(10660,7,NULL,'Side1','2016-02-21 10:16:07',NULL,NULL,NULL,NULL,NULL,NULL,NULL),(10661,7,NULL,'Side2','2016-02-21 10:16:07',NULL,NULL,NULL,NULL,NULL,NULL,NULL),(10662,7,NULL,'Side3','2016-02-21 10:16:07',NULL,NULL,NULL,NULL,NULL,NULL,NULL),(10663,7,NULL,'Side4','2016-02-21 10:16:07',NULL,NULL,NULL,NULL,NULL,NULL,NULL),(18171,7,NULL,'Side','2017-02-16 08:57:00',NULL,NULL,NULL,NULL,NULL,'e1192503-f425-11e6-8f44-0acd61573881',NULL),(21371,7,NULL,'Side','2017-08-07 08:19:47',NULL,NULL,NULL,NULL,NULL,'2cf7c477-7b49-11e7-852d-12b07c3058a9',NULL);
use static;
REPLACE INTO `brand` (`pk`, `name`, `short_name`, `manufacturer_fk`, `category_fk`, `delete_date`, `logo_path`, `upload_file_name`, `brand_heatmap_color`, `code`, `brand_english_name`, `algo_code`, `level`, `display_order`, `price_recognition`, `product_image_label_fk`, `pallet_order1_fk`, `pallet_order2_fk`, `pallet_order3_fk`, `pallet_order4_fk`) VALUES (16,'COCA-COLA',NULL,1,8,NULL,'http://traxus.s3.amazonaws.com/ccbr/Brands/16/20141022070247',NULL,'no color selected',NULL,'COCA-COLA',NULL,3,5,NULL,1,2,1,4,3),(15,'COCA-COLA ZERO',NULL,1,8,NULL,'http://traxus.s3.amazonaws.com/ccbr/Brands/15/20141022070246',NULL,'no color selected',NULL,'COCA-COLA ZERO',NULL,3,10,NULL,1,2,1,4,3),(17,'FANTA',NULL,1,8,NULL,'http://traxus.s3.amazonaws.com/ccbr/Brands/17/20141022073000',NULL,'no color selected',NULL,'FANTA',NULL,3,19,NULL,1,2,1,4,3),(18,'KUAT',NULL,1,8,NULL,'http://traxus.s3.amazonaws.com/ccbr/Brands/18/20141022070248',NULL,'no color selected',NULL,'KUAT',NULL,3,30,NULL,1,2,1,4,3),(19,'SPRITE',NULL,1,8,NULL,'http://traxus.s3.amazonaws.com/ccbr/Brands/19/20141022070249',NULL,'no color selected',NULL,'SPRITE',NULL,3,45,NULL,1,2,1,4,3),(21,'Empty',NULL,38,17,NULL,'http://traxus.s3.amazonaws.com/ccbr/Brands/21/20141022114415',NULL,'no color selected',NULL,'Empty',NULL,2,1,'N',1,2,1,4,3),(52,'GUARANA',NULL,7,8,NULL,'http://traxus.s3.amazonaws.com/ccbr/Brands/52/20150510133206',NULL,'no color selected',NULL,'GUARANA',NULL,3,23,NULL,1,2,1,4,3);
use static;
use static;
REPLACE INTO `oos_message` (`pk`, `region_fk`, `message`, `delete_time`, `type`, `is_default`, `display_order`) VALUES (1,1,'O produto está na prateleira',NULL,1,'N',NULL),(2,3,'O produto está na prateleira',NULL,1,'N',NULL),(3,4,'SKU is in Shelf',NULL,1,'N',NULL);
use static;
REPLACE INTO `oos_message_type` (`pk`, `description`) VALUES (1,'Not OOS'),(2,'DVOID'),(7,'OOS-Update Facings'),(8,'Dist-Update Facings');
use static;
REPLACE INTO `configuration_parameters` (`pk`, `param_name`, `param_value`, `param_group`, `label`, `description`, `type`, `options`, `seq1`, `seq2`) VALUES (113,'ignore_covered_products','Y','Reports - General','Ignore \"covered\" products','When this parameter is checked, \"covered products\" (i.e. products that are tagged in a n area that is covered by another probe after stitching) will be disregarded in all the reports. When the parameter is unchecked, these products are taken into account as distributed','Checkbox',NULL,5,14),(20,'manufacturer_id','1','Customer Specifications','Manufacturer','Customer\'s manufacturer name.','Manufacturer',NULL,2,1);
use static;
use static;
use static;
REPLACE INTO `atomic_kpi` (`pk`, `kpi_fk`, `negate`, `name`, `sql_procedure`, `model_id`, `description`, `display_text`, `parameters_value_set_fk1`, `parameters_value_set_fk2`, `specific_parameters_value_set_fk`, `presentation_order`, `relative_score`, `score_2_result`, `score_2_threshold`, `score_3_result`, `score_3_threshold`, `atomic_weight`, `display`, `atomic_kpi_group`, `is_empty_kpi`, `category_fk`) VALUES (1,1,NULL,'Has material of positive price?','kpi_rule_survey_question',NULL,'HA MATERIAL DE PRECO POSITIVO','HA MATERIAL DE PRECO POSITIVO',35,NULL,36,1,NULL,NULL,NULL,NULL,NULL,NULL,'N',NULL,0,NULL),(2,2,'Y','No products exposed in the store?','kpi_rule_minimal_total_distribution',NULL,'NADA EXPOSTO','NADAEXPOSTO',38,NULL,39,1,NULL,NULL,NULL,NULL,NULL,NULL,'N',NULL,0,NULL),(3,3,NULL,'Has 1 door  of a Femsa cooler with 75% Beer facings?','kpi_rule_survey_question',NULL,'1 PORTA CERVEJA','1PORTACERVEJA',41,NULL,42,1,NULL,NULL,NULL,NULL,NULL,NULL,'N',NULL,0,NULL),(4,4,NULL,'Has 1 door  of a Femsa cooler with 75% Soft Drink facings?','kpi_rule_survey_question',NULL,'1 PORTA CSD','1PORTACSD',44,NULL,45,1,NULL,NULL,NULL,NULL,NULL,NULL,'N',NULL,0,NULL),(5,5,NULL,'Has 2 doors  of a Femsa cooler with 75% Soft Drink facings each?','kpi_rule_survey_question',NULL,'2 PORTAS CSD','2PORTASCSD',47,NULL,48,1,NULL,NULL,NULL,NULL,NULL,NULL,'N',NULL,0,NULL),(6,6,NULL,'Has 1 door  of a Femsa cooler with 75% of the Non-Carbonated facings?','kpi_rule_survey_question',NULL,'1 PORTA NCB','1PORTANCB',50,NULL,51,1,NULL,NULL,NULL,NULL,NULL,NULL,'N',NULL,0,NULL),(7,7,NULL,'Has 2 doors  of a Femsa cooler with 75% facings Non Carbonated each?','kpi_rule_survey_question',NULL,'2 PORTAS NCB','2PORTASNCB',53,NULL,54,1,NULL,NULL,NULL,NULL,NULL,NULL,'N',NULL,0,NULL),(8,8,NULL,'Has 3 or more doors  of a Femsa cooler with 75% Soft Drink facings each?','kpi_rule_survey_question',NULL,'3 OU MAIS PORTAS CSD','3OUMAISPORTASCSD',56,NULL,57,1,NULL,NULL,NULL,NULL,NULL,NULL,'N',NULL,0,NULL),(9,9,NULL,'Material of Soft Drinks Future Consumption (packages over 600ml) on the external area or store entry','kpi_rule_survey_question',NULL,'ATIVACAO CSD CONS FUT AREA EXT','ATIVACAOCSDCONSFUTAREAEXT',61,NULL,62,1,NULL,NULL,NULL,NULL,NULL,NULL,'N',NULL,0,NULL),(10,10,NULL,'Material of CSD Future Consumption Returnable (packs over 600ml) on the external area or store entry','kpi_rule_survey_question',NULL,'ATIVACAO CSD RET CONS FUT AREA EXT','ATIVACAOCSDRETCONSFUTAREAEXT',65,NULL,66,1,NULL,NULL,NULL,NULL,NULL,NULL,'N',NULL,0,NULL),(11,11,NULL,'Has activation material for soft drinks in an internal area.','kpi_rule_minimal_total_distribution',NULL,'ATIV CSD AREA INT','ATIVCSDAREAINT',68,NULL,69,1,NULL,NULL,NULL,NULL,NULL,NULL,'N',NULL,0,NULL),(12,12,NULL,'Has activation material for non carbonated in an internal area.','kpi_rule_minimal_total_distribution',NULL,'ATIV NCB AREA IN','ATIVNCBAREAINT',71,NULL,72,1,NULL,NULL,NULL,NULL,NULL,NULL,'N',NULL,0,NULL),(13,13,NULL,'Has Bavaria multipack in the Cooler?','kpi_rule_minimal_total_distribution',NULL,'MPACK DE BAV NA GDM','MPACKDEBAVNAGDM',74,NULL,75,1,NULL,NULL,NULL,NULL,NULL,NULL,'N',NULL,0,NULL),(14,14,NULL,'Has Heineken multipack in the Cooler?','kpi_rule_minimal_total_distribution',NULL,'MPACK DE HNK NA GDM','MPACKDEHNKNAGDM',77,NULL,78,1,NULL,NULL,NULL,NULL,NULL,NULL,'N',NULL,0,NULL),(15,15,NULL,'Has Kaiser multipack in the Cooler?','kpi_rule_minimal_total_distribution',NULL,'MPACK DE KAI NA GDM','MPACKDEKAINAGDM',81,NULL,82,1,NULL,NULL,NULL,NULL,NULL,NULL,'N',NULL,0,NULL),(16,16,NULL,'Has Beer material?','kpi_rule_minimal_total_distribution',NULL,'MAT POP CERVEJA','MATPOPCERVEJA',85,NULL,86,1,NULL,NULL,NULL,NULL,NULL,NULL,'N',NULL,0,NULL),(17,17,NULL,'Has an extra Point of Beer?','kpi_rule_minimal_total_distribution',NULL,'PERPECERVEJA','PERPECERVEJA',88,NULL,89,1,NULL,NULL,NULL,NULL,NULL,NULL,'N',NULL,0,NULL),(18,18,NULL,'Has an Extra Point of Non Carbonated?','kpi_rule_minimal_total_distribution',NULL,'PE NCB','PENCB',91,NULL,92,1,NULL,NULL,NULL,NULL,NULL,NULL,'N',NULL,0,NULL),(19,19,NULL,'Has a rack of Soft Drinks?','kpi_rule_minimal_total_distribution',NULL,'RACK CSD','RACKCSD',94,NULL,95,1,NULL,NULL,NULL,NULL,NULL,NULL,'N',NULL,0,NULL),(20,20,NULL,'At least 5 packs of Soft Drinks Future Consumption Returnable over 600ml on refrigerated equipment?','kpi_rule_count',NULL,'5 CSD RET CONS FUT GELADOS','5CSDRETCONSFUTGELADOS',97,NULL,98,1,NULL,NULL,NULL,NULL,NULL,NULL,'N',NULL,0,NULL),(21,21,NULL,'Has any permanent Femsa activation material?','kpi_rule_survey_question',NULL,'HA MATERIAL PERMANENTE','HAMATERIALMANENTE',131,NULL,132,1,NULL,NULL,NULL,NULL,NULL,NULL,'N',NULL,0,NULL),(22,22,NULL,'Has any temporary Femsa activation material?','kpi_rule_survey_question',NULL,'HA MATERIAL TEMPORARIO','HAMATERIALTEMPORARIO',134,NULL,135,1,NULL,NULL,NULL,NULL,NULL,NULL,'N',NULL,0,NULL),(23,23,NULL,'Features Dual (combination of two soft drink brands)?','kpi_rule_survey_question',NULL,'HA PRESENCA DE DUAL NA LOJA','HAPRESENCADEDUALNALOJA',138,NULL,139,1,NULL,NULL,NULL,NULL,NULL,NULL,'N',NULL,0,NULL),(24,24,NULL,'Features Dual (combination of two soft drink brands) priced?','kpi_rule_survey_question',NULL,'HA PRESENCA DE DUAL PRECIFICADO','HAPRESENCADEDUALPRECIFICADO',142,NULL,143,1,NULL,NULL,NULL,NULL,NULL,NULL,'N',NULL,0,NULL),(25,25,NULL,'Has coke up to 1L in a refrigerated equipment.','kpi_rule_minimal_total_distribution',NULL,'GDM CKO COLAS ATÉ 1L','GDMCKOCOLASATÉ1L',145,NULL,146,1,NULL,NULL,NULL,NULL,NULL,NULL,'N',NULL,0,NULL),(26,26,NULL,'supply Del Valle Kapo EP on Cookies section, having Rack with 70% full or Island with 4 units?','kpi_rule_survey_question',NULL,'KAPO SECAO BISC (EQUIP KOF 70%)','KAPOSECAOBISCEQUIPKOF70',148,NULL,149,1,NULL,NULL,NULL,NULL,NULL,NULL,'N',NULL,0,NULL),(27,27,NULL,'Has Extra Point of Kapo in the Cookies section?','kpi_rule_minimal_total_distribution',NULL,'KAPO SECAO BISC','KAPOSECAOBISC',152,NULL,153,1,NULL,NULL,NULL,NULL,NULL,NULL,'N',NULL,0,NULL),(28,28,NULL,'Has Beer Multipack in the Cooler?','kpi_rule_minimal_total_distribution',NULL,'PE MPACK CERV GDM','PEMPACKCERVGDM',155,NULL,156,1,NULL,NULL,NULL,NULL,NULL,NULL,'N',NULL,0,NULL),(29,29,NULL,'Has supply of soft drinks in gondola end in the Beverage Section, having at least 18 units?','kpi_rule_survey_question',NULL,'PE CSD PG SB (18 UNID)','PECSDPGSB18UNID',159,NULL,160,1,NULL,NULL,NULL,NULL,NULL,NULL,'N',NULL,0,NULL),(30,30,NULL,'Has an extra point of soft drink in gondola end in the beverage section.','kpi_rule_minimal_total_distribution',NULL,'PE CSD PG SB','PECSDPGSB',162,NULL,163,1,NULL,NULL,NULL,NULL,NULL,NULL,'N',NULL,0,NULL),(31,31,NULL,'Has an Extra point of Soft Drink in the Butcher Section.','kpi_rule_minimal_total_distribution',NULL,'PE CSD ACOU','PECSDACOU',165,NULL,166,1,NULL,NULL,NULL,NULL,NULL,NULL,'N',NULL,0,NULL),(32,32,NULL,'Has na Extra point of BEER in the Butcher Section?','kpi_rule_survey_question',NULL,'PECERVACOU','PECERVACOU',168,NULL,169,1,NULL,NULL,NULL,NULL,NULL,NULL,'N',NULL,0,NULL),(33,33,NULL,'EP SSD (packages over 600ml) with 70% full o Femsa equipment in the Butcher Section.','kpi_rule_survey_question',NULL,'PE CSD CONS FUT ACOU (EQUIP KOF 70% - RACK)','PECSDCONSFUTACOUEQUIPKOF70',172,NULL,173,1,NULL,NULL,NULL,NULL,NULL,NULL,'N',NULL,0,NULL),(34,34,NULL,'EP SSD (packages over 600ml) with at least 18 units in the butcher section.','kpi_rule_survey_question',NULL,'PE CSD CONS FUT ACOU (ATIV 18UNID)','PECSDCONSFUTACOUATIV18UNID',176,NULL,177,1,NULL,NULL,NULL,NULL,NULL,NULL,'N',NULL,0,NULL),(35,35,NULL,'EP SSD (packages over 600ml) 75% of Femsa refrigerated equipment full in the butcher section.','kpi_rule_survey_question',NULL,'PE CSD CONS FUT ACOU (GDM KOF 75%)','PECSDCONSFUTACOUGDMKOF75',179,NULL,181,1,NULL,NULL,NULL,NULL,NULL,NULL,'N',NULL,0,NULL),(36,36,NULL,'Has an extra point of soft drink future consumption (packages over 600ml) in the butcher section.','kpi_rule_minimal_total_distribution',NULL,'PE CSD CONS FUT ACOU','PECSDCONSFUTACOU',183,NULL,184,1,NULL,NULL,NULL,NULL,NULL,NULL,'N',NULL,0,NULL),(37,37,NULL,'Has Extra Point of Soft Drink in Groceries','kpi_rule_minimal_total_distribution',NULL,'PE CSD MERCEA','PECSDMERCEA',186,NULL,187,1,NULL,NULL,NULL,NULL,NULL,NULL,'N',NULL,0,NULL),(38,38,NULL,'EP SSD (packages over 600ml) with 70% of Femsa equipment full in the groceries section.','kpi_rule_survey_question',NULL,'PE CSD CONS FUT MERC SALG.(EQUIP KOF 70%)','PECSDCONSFUTMERCSALG.EQUIPKOF70',189,NULL,191,1,NULL,NULL,NULL,NULL,NULL,NULL,'N',NULL,0,NULL),(39,39,NULL,'EP SSD FC (packages over 600ml) in the Groceries section','kpi_rule_minimal_total_distribution',NULL,'PE CSD CONS FUT MERC SALGADA','PECSDCONSFUTMERCSALGADA',194,NULL,195,1,NULL,NULL,NULL,NULL,NULL,NULL,'N',NULL,0,NULL),(40,40,NULL,'with at least 18 units in the groceries section','kpi_rule_survey_question',NULL,'PE CSD CONS FUT MERC SALG.(GDM KOF75%)','PECSDCONSFUTMERCSALG.GDMKOF75',198,NULL,199,1,NULL,NULL,NULL,NULL,NULL,NULL,'N',NULL,0,NULL),(41,41,NULL,'EP SSD FC (packages over 600ml) 75% of Femsa refrigerated equipment full in the groceries section','kpi_rule_survey_question',NULL,'PE CSD CONS FUT MERC SALGADA(ATIV 18UNID)','PECSDCONSFUTMERCSALGADAATIV18UNID',201,NULL,202,1,NULL,NULL,NULL,NULL,NULL,NULL,'N',NULL,0,NULL),(43,42,NULL,'EP sucos FC (packages over 600ml) with 70% of Femsa equipment full in the bakery section','kpi_rule_survey_question',NULL,'PE SUCOS CONS FUT PAD(EQUIP KOF70%)','PESUCOSCONSFUTPADEQUIPKOF70',206,NULL,207,1,NULL,NULL,NULL,NULL,NULL,NULL,'N',NULL,0,NULL),(44,43,NULL,'EP sucos FC (packages over 600ml) with at least 18 units in the bakery section','kpi_rule_survey_question',NULL,'PE SUCOS CONS FUT PAD (ATIV 18UNID)','PE SUCOS CONS FUT PAD (ATIV 18UNID)',210,NULL,211,1,NULL,NULL,NULL,NULL,NULL,NULL,'N',NULL,0,NULL),(45,44,NULL,'EP Juice FC (packages over 600ml) in the Bakery section','kpi_rule_minimal_total_distribution',NULL,'PE SUCOS CONS FUT PAD','PESUCOSCONSFUTPAD',213,NULL,214,1,NULL,NULL,NULL,NULL,NULL,NULL,'N',NULL,0,NULL),(46,45,NULL,'EP sucos FC (packages over 600ml) 75% of Femsa refrigerated equipment full in the bakery section','kpi_rule_survey_question',NULL,'PE SUCOS CONS FUT PAD (GDM KOF75%)','PESUCOSCONSFUTPADGDMKOF75',216,NULL,217,1,NULL,NULL,NULL,NULL,NULL,NULL,'N',NULL,0,NULL),(47,46,NULL,'EP sucos FC (packages over 600ml)with at least 18 units in the fruit&vegetables section','kpi_rule_survey_question',NULL,'PE SUCOS CONS FUT HORT (ATIV 18UNID)','PE SUCOS CONS FUT HORT (ATIV 18UNID)',219,NULL,220,1,NULL,NULL,NULL,NULL,NULL,NULL,'N',NULL,0,NULL),(48,47,NULL,'EP Juice FC (packages over 600ml) in the Fruit&Vegetable section','kpi_rule_minimal_total_distribution',NULL,'PE SUCOS CONS FUT HORT','PESUCOSCONSFUTHORT',223,NULL,224,1,NULL,NULL,NULL,NULL,NULL,NULL,'N',NULL,0,NULL),(49,49,NULL,'EP sucos FC (packages over 600ml)75% of Femsa cooler equipment full in the fruit&vegetables section','kpi_rule_survey_question',NULL,'PE SUCOS CONS FUT HORT (GDM KOF75%)','PESUCOSCONSFUTHORTGDMKOF75',227,NULL,228,1,NULL,NULL,NULL,NULL,NULL,NULL,'N',NULL,0,NULL),(50,50,NULL,'EP of crystal 1.5L with at least 12 units','kpi_rule_survey_question',NULL,'PE 1.5L CRY (ATIV 12UNID)','PE1.5LCRYATIV12UNID',231,NULL,232,1,NULL,NULL,NULL,NULL,NULL,NULL,'N',NULL,0,NULL),(51,51,NULL,'EP of crystal 5L with at least 12 units','kpi_rule_survey_question',NULL,'PE 5L CRY (ATIV 12UNID)','PE5LCRYATIV12UNID',235,NULL,236,1,NULL,NULL,NULL,NULL,NULL,NULL,'N',NULL,0,NULL),(52,52,NULL,'EP of crystal 1.5L with 70% full in a Femsa equipment','kpi_rule_survey_question',NULL,'PE 1.5L CRY (EQUIP KOF 70%)','PE1.5LCRYEQUIPKOF70',238,NULL,239,1,NULL,NULL,NULL,NULL,NULL,NULL,'N',NULL,0,NULL),(53,54,NULL,'EP of crystal 1.5L','kpi_rule_minimal_total_distribution',NULL,'PE 1.5L CRY','PE1.5LCRY',242,NULL,243,1,NULL,NULL,NULL,NULL,NULL,NULL,'N',NULL,0,NULL),(54,55,NULL,'Has an Extra point of Cystal 5','kpi_rule_minimal_total_distribution',NULL,'PE 5L CRY','PE5LCRY',245,NULL,246,1,NULL,NULL,NULL,NULL,NULL,NULL,'N',NULL,0,NULL),(55,56,NULL,'Has an extra point of crystal 1.5L with 75% full in a Femsa refrigerated equipment.','kpi_rule_survey_question',NULL,'PE 1.5L CRY (GDM KOF 75%)','PE1.5LCRYGDMKOF75',248,NULL,249,1,NULL,NULL,NULL,NULL,NULL,NULL,'N',NULL,0,NULL),(56,57,NULL,'Has an extra point of crystal 5L with 75% full in a Femsa refrigerated equipment.','kpi_rule_survey_question',NULL,'PE 5L CRY (GDM KOF 75%)','PE5LCRYGDMKOF75',251,NULL,252,1,NULL,NULL,NULL,NULL,NULL,NULL,'N',NULL,0,NULL),(57,58,NULL,'Has soft drink printed package multipack future consumption (packages over 600ml)','kpi_rule_minimal_total_distribution',NULL,'HA MPACK CSD FILME DECORADO CONS FUT','HAMPACKCSDFILMEDECORADOCONSFUT',254,NULL,255,1,NULL,NULL,NULL,NULL,NULL,NULL,'N',NULL,0,NULL),(58,59,NULL,'Has activation material for Soft Drinks Multipack on the store entry?','kpi_rule_survey_question',NULL,'ATIV CSD MPACK ENTRADA LOJA','ATIVCSDMPACKENTRADALOJA',257,NULL,258,1,NULL,NULL,NULL,NULL,NULL,NULL,'N',NULL,0,NULL),(59,60,NULL,'Has activation material of Soft Drinks in the beverage section?','kpi_rule_minimal_total_distribution',NULL,'ATIV CSD SB','ATIVCSDSB',260,NULL,261,1,NULL,NULL,NULL,NULL,NULL,NULL,'N',NULL,0,NULL),(60,61,NULL,'Has activation material of Non Carbonated on the Beverage section?','kpi_rule_minimal_total_distribution',NULL,'ATIV NCAT SB','ATIVNCATSB',263,NULL,264,1,NULL,NULL,NULL,NULL,NULL,NULL,'N',NULL,0,NULL),(61,62,NULL,'Has a multipack of soft drink next to the checkout.','kpi_rule_minimal_total_distribution',NULL,'CSD MPACK CKOUTS','CSDMPACKCKOUTS',266,NULL,267,1,NULL,NULL,NULL,NULL,NULL,NULL,'N',NULL,0,NULL),(62,63,NULL,'Has an Extra Point of Beer Multipack?','kpi_rule_survey_question',NULL,'PE MPACK CERV','PEMPACKCERV',269,NULL,270,1,NULL,NULL,NULL,NULL,NULL,NULL,'N',NULL,0,NULL),(63,64,NULL,'Has an extra point of non carbonated multipack in the beverage section.','kpi_rule_survey_question',NULL,'PE MPACK NCB SB','PEMPACKNCBSB',272,NULL,273,1,NULL,NULL,NULL,NULL,NULL,NULL,'N',NULL,0,NULL),(64,65,NULL,'Has an extra point of soft drink multipack (non coke) in the beverage section.','kpi_rule_survey_question',NULL,'PE MPACK SABORES SB','PEMPACKSABORESSB',275,NULL,276,1,NULL,NULL,NULL,NULL,NULL,NULL,'N',NULL,0,NULL),(65,66,NULL,'Has Extra Point of Non Carbonated multipack outside of the Beverage section?','kpi_rule_survey_question',NULL,'PE NCAT MPACK FORA SB','PENCATMPACKFORASB',278,NULL,279,1,NULL,NULL,NULL,NULL,NULL,NULL,'N',NULL,0,NULL),(66,67,NULL,'Has non carbonated multipack in gondola end in the beverage section.','kpi_rule_survey_question',NULL,'PG MPACK NCB SB','PGMPACKNCBSB',281,NULL,282,1,'Y',NULL,NULL,NULL,NULL,NULL,'N',NULL,0,NULL),(67,68,NULL,'Has a gondola end of soft drink multipack (non coke) in the beverage section.','kpi_rule_survey_question',NULL,'PG MPACK SABORES SB','PGMPACKSABORESSB',284,NULL,285,1,NULL,NULL,NULL,NULL,NULL,NULL,'N',NULL,0,NULL),(68,69,NULL,'Has Soft Drink material in the counter?','kpi_rule_minimal_total_distribution',NULL,'ATIV BAL CSD','ATIVBALCSD',287,NULL,288,1,NULL,NULL,NULL,NULL,NULL,NULL,'N',NULL,0,NULL),(69,71,NULL,'Has Non Carbonated material in the counter?','kpi_rule_minimal_total_distribution',NULL,'ATIV BAL NCB','ATIVBALNCB',291,NULL,292,1,NULL,NULL,NULL,NULL,NULL,NULL,'N',NULL,0,NULL),(70,72,NULL,'Has beer activation material','kpi_rule_minimal_total_distribution',NULL,'ATIV CERVEJA','ATIVCERVEJA',294,NULL,295,1,NULL,NULL,NULL,NULL,NULL,NULL,'N',NULL,0,NULL),(71,73,NULL,'Has Soft Drink material on the external area?','kpi_rule_minimal_total_distribution',NULL,'ATIV CSD AREA EXT','ATIVCSDAREAEXT',297,NULL,298,1,NULL,NULL,NULL,NULL,NULL,NULL,'N',NULL,0,NULL),(72,74,NULL,'Has \"Cervejela\"?','kpi_rule_minimal_total_distribution',NULL,'CERVEJELA','CERVEJELA',300,NULL,301,1,NULL,NULL,NULL,NULL,NULL,NULL,'N',NULL,0,NULL),(73,75,NULL,'Has soft drink in 1st position refrigerated equipment.','kpi_rule_minimal_total_distribution',NULL,'PER GDM CSD 1 POS','PER GDM CSD 1 POS',303,NULL,304,1,NULL,NULL,NULL,NULL,NULL,NULL,'N',NULL,0,NULL),(74,76,NULL,'Has non carbonated in 1st position refrigerated equipment.','kpi_rule_minimal_total_distribution',NULL,'PER GDM NCB 1 POS','PER GDM NCB 1 POS',309,NULL,310,1,NULL,NULL,NULL,NULL,NULL,NULL,'N',NULL,0,NULL),(75,77,NULL,'Has soft drink combo','kpi_rule_survey_question',NULL,'HA COMBO CSD','HACOMBOCSD',323,NULL,324,1,NULL,NULL,NULL,NULL,NULL,NULL,'N',NULL,0,NULL),(76,78,NULL,'Has a menuboard or combo material?','kpi_rule_survey_question',NULL,'HA MENUBOARD OU MAT DE COMBO','HAMENUBOARDOUMATDECOMBO',326,NULL,327,1,NULL,NULL,NULL,NULL,NULL,NULL,'N',NULL,0,NULL),(77,79,NULL,'Has 3 or more beer facings in the Femsa Cooler?','kpi_rule_count',NULL,'3 FRENTES CERV NA GDM','3FRENTESCERVNAGDM',329,NULL,330,1,NULL,NULL,NULL,NULL,NULL,NULL,'N',NULL,0,NULL),(78,80,NULL,'Has 3 flavors of Suco Del Valle Mais can?','kpi_rule_survey_question',NULL,'3 SAB DVM LATA','3SABDVMLATA',332,NULL,333,1,NULL,NULL,NULL,NULL,NULL,NULL,'N',NULL,0,NULL),(79,81,NULL,'Has 4 or more beer facings in the Femsa Cooler?','kpi_rule_count',NULL,'4 FRENTES CERV NA GDM','4FRENTESCERVNAGDM',335,NULL,336,1,NULL,NULL,NULL,NULL,NULL,NULL,'N',NULL,0,NULL),(80,82,NULL,'Has Soft Drink material?','kpi_rule_minimal_total_distribution',NULL,'ATIV CSD','ATIVCSD',338,NULL,339,1,NULL,NULL,NULL,NULL,NULL,NULL,'N',NULL,0,NULL),(81,83,NULL,'Has Non Carbonated material?','kpi_rule_minimal_total_distribution',NULL,'ATIV NCB','ATIVNCB',342,NULL,343,1,NULL,NULL,NULL,NULL,NULL,NULL,'N',NULL,0,NULL),(82,84,NULL,'Has Burn 1L in the Cooler?','kpi_rule_minimal_total_distribution',NULL,'BURN 1L EM GDM','BURN1LEMGDM',345,NULL,346,1,NULL,NULL,NULL,NULL,NULL,NULL,'N',NULL,0,NULL),(83,85,NULL,'Has Burn 260ml in the Cooler?','kpi_rule_minimal_total_distribution',NULL,'BURN 260ML EM GDM','BURN260MLEMGDM',348,NULL,349,1,NULL,NULL,NULL,NULL,NULL,NULL,'N',NULL,0,NULL),(84,86,NULL,'Has Soft Drinks Combo in the exclusive material?','kpi_rule_survey_question',NULL,'COMBO KOF (EXCLUSIVO)','COMBOKOFEXCLUSIVO',351,NULL,352,1,NULL,NULL,NULL,NULL,NULL,NULL,'N',NULL,0,NULL),(85,87,NULL,'Has Non carbonated Combo?','kpi_rule_survey_question',NULL,'COMBO NCB','COMBONCB',354,NULL,355,1,NULL,NULL,NULL,NULL,NULL,NULL,'N',NULL,0,NULL),(86,88,NULL,'Has Soft Drinks or Non Carbonated equipment next to the cashier?','kpi_rule_minimal_total_distribution',NULL,'EQUIP PROX AO CAIXA (CSD/NCAT)','EQUIPPROXAOCAIXACSDNCAT',357,NULL,358,1,NULL,NULL,NULL,NULL,NULL,NULL,'N',NULL,0,NULL),(87,89,NULL,'Has Soft Drinks or Non Carbonated equipment next to the food service?','kpi_rule_minimal_total_distribution',NULL,'EQUIP PROX AO FOOD SERVICE (CSD/NCAT)','EQUIPPROXAOFOODSERVICECSDNCAT',360,NULL,361,1,NULL,NULL,NULL,NULL,NULL,NULL,'N',NULL,0,NULL),(88,90,NULL,'Has a Femsa Cooler in the check-out?','kpi_rule_minimal_total_distribution',NULL,'GDM FEMSA NO CKOUT','GDMFEMSANOCKOUT',363,NULL,364,1,NULL,NULL,NULL,NULL,NULL,NULL,'N',NULL,0,NULL),(90,92,NULL,'Has an Extra Point of Burn?','kpi_rule_count',NULL,'PERPEBURN','PERPEBURN',369,NULL,370,1,NULL,NULL,NULL,NULL,NULL,NULL,'N',NULL,0,NULL),(91,93,NULL,'Has an Extra Point of Soft Drinks or Non Carbonated Future Consumption (packages over 600ml)?','kpi_rule_minimal_total_distribution',NULL,'PE CONS FUTURO (CSD/NCAT)','PECONSFUTUROCSDNCAT',372,NULL,373,1,NULL,NULL,NULL,NULL,NULL,NULL,'N',NULL,0,NULL),(92,94,NULL,'Has an Extra Point of Femsa Products Immediate Consumption (packages under 600ml)?','kpi_rule_minimal_total_distribution',NULL,'PE CONS IMEDIATO (EXCETO BURN E CERV)','PECONSIMEDIATOEXCETOBURNECERV',375,NULL,376,1,NULL,NULL,NULL,NULL,NULL,NULL,'N',NULL,0,NULL),(93,95,NULL,'Has an Extra Point of Non Carbonated Immediate Consumption (packages under 600ml)?','kpi_rule_minimal_total_distribution',NULL,'PE CONS IMEDIATO (NCAT)','PECONSIMEDIATONCAT',379,NULL,380,1,NULL,NULL,NULL,NULL,NULL,NULL,'N',NULL,0,NULL),(94,96,NULL,'Has an Extra Point of Soft Drinks can?','kpi_rule_minimal_total_distribution',NULL,'PE CSD LT','PECSDLT',382,NULL,383,1,NULL,NULL,NULL,NULL,NULL,NULL,'N',NULL,0,NULL),(95,97,NULL,'Has an Extra Point of Femsa Products with the exception of Burn and Beer?','kpi_rule_minimal_total_distribution',NULL,'PE KOF (EXCETO BURN E CERV)','PEKOFEXCETOBURNECERV',385,NULL,386,1,NULL,NULL,NULL,NULL,NULL,NULL,'N',NULL,0,NULL),(96,98,NULL,'Has an Extra Point of Soft Drinks or Non Carbonated?','kpi_rule_minimal_total_distribution',NULL,'PE KOF CSD/NCAT','PEKOFCSDNCAT',388,NULL,389,1,NULL,NULL,NULL,NULL,NULL,NULL,'N',NULL,0,NULL),(97,99,NULL,'Has an Extra Point of Soft Drinks Multipack?','kpi_rule_survey_question',NULL,'PE MPACK CSD','PEMPACKCSD',391,NULL,392,1,NULL,NULL,NULL,NULL,NULL,NULL,'N',NULL,0,NULL),(98,100,NULL,'Has an Extra Point of Non Carbonated Multipack?','kpi_rule_survey_question',NULL,'PE MPACK NCB','PEMPACKNCB',394,NULL,395,1,NULL,NULL,NULL,NULL,NULL,NULL,'N',NULL,0,NULL),(99,101,NULL,'Has soft drink activation material in the internal area.','kpi_rule_minimal_total_distribution',NULL,'ATIV CSD AREA INT','ATIVCSDAREAINT',397,NULL,398,1,NULL,NULL,NULL,NULL,NULL,NULL,'N',NULL,0,NULL),(100,102,NULL,'Has soft drink future consumption (over 600ml) activation material in the external area. ','kpi_rule_survey_question',NULL,'ATIV CSD CONS FUT AREA EXT','ATIVCSDCONSFUTAREAEXT',400,NULL,401,1,NULL,NULL,NULL,NULL,NULL,NULL,'N',NULL,0,NULL),(101,103,NULL,'Has soft drink future consumption returnable (over 600ml) activation material in the external area. ','kpi_rule_survey_question',NULL,'ATIV CSD RET CONS FUT AREA EXT','ATIVCSDRETCONSFUTAREAEXT',403,NULL,404,1,NULL,NULL,NULL,NULL,NULL,NULL,'N',NULL,0,NULL),(102,104,NULL,'Has Soft Drinks or Non Carbonated Femsa cooler in the 1st Position?','kpi_rule_minimal_total_distribution',NULL,'GDM 1 POS','GDM1POS',406,NULL,407,1,NULL,NULL,NULL,NULL,NULL,NULL,'N',NULL,0,NULL),(103,105,NULL,'Has Menuboard with Soft Drinks Combo?','kpi_rule_survey_question',NULL,'MBOARD COMBO CSD','MBOARDCOMBOCSD',409,NULL,410,1,NULL,NULL,NULL,NULL,NULL,NULL,'N',NULL,0,NULL),(104,106,NULL,'Has an Extra Point of Soft Drinks?','kpi_rule_minimal_total_distribution',NULL,'PE CSD','PECSD',413,NULL,414,1,NULL,NULL,NULL,NULL,NULL,NULL,'N',NULL,0,NULL),(105,107,NULL,'Quantity of Soft Drink themed Coolers with Soft Drinks.','kpi_rule_minimal_total_sos',NULL,'QTD GDM CSD C CSD','QTDGDMCSDCCSD',416,580,417,1,NULL,NULL,NULL,NULL,NULL,NULL,'N',NULL,0,NULL),(106,108,NULL,'Quantity of Soft Drink themed refrigerators supplied with 75% of Soft Drinks .','kpi_rule_survey_question',NULL,'ABS GDM CSD C CSD','ABSGDMCSDCCSD',419,NULL,420,1,NULL,NULL,NULL,NULL,NULL,NULL,'N',NULL,0,NULL),(107,109,NULL,'Quantity of Soft Drink themed Coolers with Soft Drinks invaded.','kpi_rule_minimal_total_sos',NULL,'INV GDM CSD C CSD','INVGDMCSDCCSD',422,600,423,1,NULL,NULL,NULL,NULL,NULL,NULL,'N',NULL,0,NULL),(108,110,NULL,'Quantity of Soft Drink themed Coolers with Beer.','kpi_rule_minimal_total_sos',NULL,'QTD GDM CSD C HNK','QTDGDMCSDCHNK',425,579,426,1,NULL,NULL,NULL,NULL,NULL,NULL,'Y',NULL,0,NULL),(109,111,NULL,'Quantity of Soft Drink themed refrigerators supplied with 75% of Beers.','kpi_rule_survey_question',NULL,'ABS GDM CSD C HNK','ABSGDMCSDCHNK',428,NULL,429,1,NULL,NULL,NULL,NULL,NULL,NULL,'N',NULL,0,NULL),(110,112,NULL,'Quantity of Soft Drink themed Coolers with Beers invaded.','kpi_rule_count',NULL,'INV GDM CSD C HNK','INVGDMCSDCHNK',431,NULL,432,1,NULL,NULL,NULL,NULL,NULL,NULL,'N',NULL,0,NULL),(111,113,NULL,'Quantity of Soft Drink themed Coolers with Non Carbonated.','kpi_rule_minimal_total_sos',NULL,'QTD GDM CSD C NCAT','QTDGDMCSDCNCAT',434,583,435,1,NULL,NULL,NULL,NULL,NULL,NULL,'N',NULL,0,NULL),(112,114,NULL,'Quantity of Soft Drink themed refrigerators supplied with 75% of Non Carbonated.','kpi_rule_survey_question',NULL,'ABS GDM CSD C NCAT','ABSGDMCSDCNCAT',437,NULL,438,1,NULL,NULL,NULL,NULL,NULL,NULL,'N',NULL,0,NULL),(113,115,NULL,'Quantity of Soft Drink themed Coolers with Non Carbonated invaded.','kpi_rule_count',NULL,'INV GDM CSD C NCAT','INVGDMCSDCNCAT',440,NULL,441,1,NULL,NULL,NULL,NULL,NULL,NULL,'N',NULL,0,NULL),(114,116,NULL,'Amount of soft drink themed refrigerator empty.','kpi_rule_minimal_total_sos',NULL,'QTD GDM CSD VAZ','QTDGDMCSDVAZ',443,444,445,1,NULL,NULL,NULL,NULL,NULL,NULL,'N',NULL,0,NULL),(115,117,NULL,'Quantity of Soft Drink themed Coolers empty Invaded.','kpi_rule_minimal_total_sos',NULL,'INV GDM CSD VAZ','INVGDMCSDVAZ',447,602,448,1,NULL,NULL,NULL,NULL,NULL,NULL,'N',NULL,0,NULL),(116,118,NULL,'Quantity of Beer themed Coolers with Soft Drinks.','kpi_rule_minimal_total_sos',NULL,'QTD GDM HNK C CSD','QTDGDMHNKCCSD',450,581,451,1,NULL,NULL,NULL,NULL,NULL,NULL,'N',NULL,0,NULL),(117,119,NULL,'Quantity of Beer themed refrigerators supplied with 75% of Soft Drinks.','kpi_rule_survey_question',NULL,'ABS GDM HNK C CSD','ABSGDMHNKCCSD',453,NULL,454,1,NULL,NULL,NULL,NULL,NULL,NULL,'N',NULL,0,NULL),(118,120,NULL,'Quantity of Beer themed Coolers with Soft Drinks invaded.','kpi_rule_count',NULL,'INV GDM HNK C CSD','INVGDMHNKCCSD',456,NULL,457,1,NULL,NULL,NULL,NULL,NULL,NULL,'N',NULL,0,NULL),(119,121,NULL,'Quantity of Beer themed Coolers with Beer.','kpi_rule_minimal_total_sos',NULL,'QTD GDM HNK C HNK','QTDGDMHNKCHNK',459,584,460,1,NULL,NULL,NULL,NULL,NULL,NULL,'N',NULL,0,NULL),(120,122,NULL,'Quantity of Beer themed refrigerators supplied with 75% of Beer.','kpi_rule_survey_question',NULL,'ABS GDM HNK C HNK','ABSGDMHNKCHNK',462,NULL,463,1,NULL,NULL,NULL,NULL,NULL,NULL,'N',NULL,0,NULL),(121,123,NULL,'Quantity of Beer themed Coolers with Beer invaded.','kpi_rule_count',NULL,'INV GDM HNK C HNK','INVGDMHNKCHNK',465,NULL,466,1,NULL,NULL,NULL,NULL,NULL,NULL,'N',NULL,0,NULL),(122,124,NULL,'Quantity of Beer themed Coolers with Non Carbonated.','kpi_rule_minimal_total_sos',NULL,'QTD GDM HNK C NCAT','QTDGDMHNKCNCAT',468,585,469,1,NULL,NULL,NULL,NULL,NULL,NULL,'N',NULL,0,NULL),(123,125,NULL,'Quantity of Beer themed refrigerators supplied with 75% Non Carbonated.','kpi_rule_survey_question',NULL,'ABS GDM HNK C NCAT','ABSGDMHNKCNCAT',471,NULL,472,1,NULL,NULL,NULL,NULL,NULL,NULL,'N',NULL,0,NULL),(124,126,NULL,'Quantity of Beer themed Coolers with Non Carbonated invaded.','kpi_rule_count',NULL,'INV GDM HNK C NCAT','INVGDMHNKCNCAT',474,NULL,475,1,NULL,NULL,NULL,NULL,NULL,NULL,'N',NULL,0,NULL),(125,127,NULL,'Amount of beer themed refrigerator empty.','kpi_rule_minimal_total_sos',NULL,'QTD GDM HNK VAZ','QTDGDMHNKVAZ',477,478,479,1,NULL,NULL,NULL,NULL,NULL,NULL,'N',NULL,0,NULL),(126,128,NULL,'Quantity of Beer themed Coolers empty invaded.','kpi_rule_minimal_total_sos',NULL,'INV GDM HNK VAZ','INVGDMHNKVAZ',481,603,482,1,NULL,NULL,NULL,NULL,NULL,NULL,'N',NULL,0,NULL),(127,129,NULL,'Quantity of Non Carbonated themed Coolers with Soft Drinks.','kpi_rule_minimal_total_sos',NULL,'QTD GDM NCAT C CSD','QTDGDMNCATCCSD',494,582,495,1,NULL,NULL,NULL,NULL,NULL,NULL,'N',NULL,0,NULL),(128,130,NULL,'Quantity of Non Carbonated themed refrigerators supplied with 75% of Soft Drinks.','kpi_rule_survey_question',NULL,'ABS GDM NCAT C CSD','ABSGDMNCATCCSD',497,NULL,498,1,NULL,NULL,NULL,NULL,NULL,NULL,'N',NULL,0,NULL),(129,131,NULL,'Quantity of Non Carbonated themed Coolers with Soft Drinks invaded.','kpi_rule_count',NULL,'INV GDM NCAT C CSD','INVGDMNCATCCSD',500,NULL,501,1,NULL,NULL,NULL,NULL,NULL,NULL,'N',NULL,0,NULL),(130,132,NULL,'Quantity of Non Carbonated themed Coolers with Beer.','kpi_rule_minimal_total_sos',NULL,'QTD GDM NCAT C HNK','QTDGDMNCATCHNK',503,586,504,1,NULL,NULL,NULL,NULL,NULL,NULL,'N',NULL,0,NULL),(131,133,NULL,'Quantity of Non Carbonated themed refrigerators supplied with 75% of Beer.','kpi_rule_survey_question',NULL,'ABS GDM NCAT C HNK','ABSGDMNCATCHNK',506,NULL,507,1,NULL,NULL,NULL,NULL,NULL,NULL,'N',NULL,0,NULL),(132,134,NULL,'Quantity of Non Carbonated themed Coolers with Beer invaded.','kpi_rule_count',NULL,'INV GDM NCAT C HNK','INVGDMNCATCHNK',509,NULL,510,1,NULL,NULL,NULL,NULL,NULL,NULL,'N',NULL,0,NULL),(133,135,NULL,'Quantity of Non Carbonated themed Coolers with Non Carbonated.','kpi_rule_minimal_total_sos',NULL,'QTD GDM NCAT C NCAT','QTDGDMNCATCNCAT',512,587,513,1,NULL,NULL,NULL,NULL,NULL,NULL,'N',NULL,0,NULL),(134,136,NULL,'Quantity of Non Carbonated themed refrigerators supplied with 75% of Non Carbonated.','kpi_rule_survey_question',NULL,'ABS GDM NCAT C NCAT','ABSGDMNCATCNCAT',515,NULL,516,1,NULL,NULL,NULL,NULL,NULL,NULL,'N',NULL,0,NULL),(135,137,NULL,'Quantity of Non Carbonated themed Coolers with Non Carbonated invaded.','kpi_rule_count',NULL,'INV GDM NCAT C NCAT','INVGDMNCATCNCAT',518,NULL,519,1,NULL,NULL,NULL,NULL,NULL,NULL,'N',NULL,0,NULL),(136,138,NULL,'Amount of non carbonated themed refrigerator empty.','kpi_rule_minimal_total_sos',NULL,'QTD GDM NCAT VAZ','QTDGDMNCATVAZ',521,523,522,1,NULL,NULL,NULL,NULL,NULL,NULL,'N',NULL,0,NULL),(137,139,NULL,'Quantity of Non Carbonated themed Coolers empty invaded.','kpi_rule_minimal_total_sos',NULL,'INV GDM NCAT VAZ','INVGDMNCATVAZ',525,604,526,1,NULL,NULL,NULL,NULL,NULL,NULL,'N',NULL,0,NULL),(138,48,NULL,'EP SSD FC (packages over 600ml) with 70% of Femsa equipment full in the fruit&vegetables section','kpi_rule_survey_question',NULL,'PE SUCOS CONS FUT HORT (EQUIP KOF 70%)','PESUCOSCONSFUTHORTEQUIPKOF70',537,NULL,538,1,NULL,NULL,NULL,NULL,NULL,NULL,'N',NULL,0,NULL),(139,53,NULL,'EP of crystal 5L with 70% full in a Femsa equipment','kpi_rule_survey_question',NULL,'PE 5L CRY (EQUIP KOF 70%)','PE5LCRYEQUIPKOF70',539,NULL,540,1,NULL,NULL,NULL,NULL,NULL,NULL,'N',NULL,0,NULL),(140,140,NULL,'Quantity of stocked coolers','kpi_rule_survey_question',NULL,'QTD – Quantidade de GDM Abastecidas','QTD',551,NULL,552,1,NULL,NULL,NULL,NULL,NULL,NULL,'N',NULL,0,NULL),(141,141,NULL,'Quantity of coolers stocked with 50% colas immediate consumption','kpi_rule_survey_question',NULL,'50% Colas CONS IMEDIATO','@50COLASI',554,NULL,555,1,NULL,NULL,NULL,NULL,NULL,NULL,'N',NULL,0,NULL),(142,142,NULL,'Quantity of coolers stocked with 50% colas total','kpi_rule_survey_question',NULL,'50% Colas Totais','@50COLASTT',557,NULL,558,1,NULL,NULL,NULL,NULL,NULL,NULL,'N',NULL,0,NULL),(143,143,NULL,'Has a gondola end csd in the beverage section with 70% full Femsa Equipment','kpi_rule_survey_question',NULL,'PE CSD PG SB (EQUIP KOF 70%)','PECSDPGSBEQUIPKOF70',564,NULL,565,1,NULL,NULL,NULL,NULL,NULL,NULL,'N',NULL,0,NULL),(144,144,NULL,'Has a gondola end csd in the beverage section with 75% full Femsa Cooler','kpi_rule_survey_question',NULL,'PE CSD PG SB (GDM KOF 75%)','PECSDPGSBEQUIPKOF75',567,NULL,568,1,NULL,NULL,NULL,NULL,NULL,NULL,'N',NULL,0,NULL),(145,20,NULL,'Preg Manual','kpi_rule_survey_question',NULL,'5 CSD RET CONS FUT GELADOS2','5 CSD RET CONS FUT GELADOS2',609,NULL,610,2,NULL,NULL,NULL,NULL,NULL,NULL,'N',NULL,0,NULL),(146,145,NULL,'INV CC 2L','kpi_rule_survey_question',NULL,'INV CC 2L','INV CC 2L',613,NULL,614,1,NULL,NULL,NULL,NULL,NULL,NULL,'N',NULL,0,NULL),(147,146,NULL,'ATIV BALCÃO CSD OU NCB TAM MIN GUARDANUDO','kpi_rule_survey_question',NULL,'ATIVBALCÃOCSDOUNCBTAMMINGUARDANUDO','ATIVBALCÃOCSDOUNCBTAMMINGUARDANUDO',671,NULL,672,1,NULL,NULL,NULL,NULL,NULL,NULL,'Y',NULL,0,NULL),(148,147,NULL,'ATIV CSD CONS FUT EXT OU ENT DA LOJA TAM MIN POP','kpi_rule_survey_question',NULL,'ATIVCSDCONSFUTEXTOUENTDALOJATAMMINPOP','ATIVCSDCONSFUTEXTOUENTDALOJATAMMINPOP',682,NULL,683,1,NULL,NULL,NULL,NULL,NULL,NULL,'Y',NULL,0,NULL),(149,148,NULL,'ATIV CSD CONS FUT RET EXT OU ENT DA LOJA TAM MIN POP','kpi_rule_survey_question',NULL,'ATIVCSDCONSFUTRETEXTOUENTDALOJATAMMINPOP','ATIVCSDCONSFUTRETEXTOUENTDALOJATAMMINPOP',686,NULL,687,1,NULL,NULL,NULL,NULL,NULL,NULL,'Y',NULL,0,NULL),(150,149,NULL,'ATIV CSD EXT OU ENT DA LOJA TAM MIN POP','kpi_rule_survey_question',NULL,'ATIVCSDEXTOUENTDALOJATAMMINPOP','ATIVCSDEXTOUENTDALOJATAMMINPOP',690,NULL,691,1,NULL,NULL,NULL,NULL,NULL,NULL,'Y',NULL,0,NULL),(151,150,NULL,'HA ATIVACAO INTERNA CSD OU NCB','kpi_rule_survey_question',NULL,'HAATIVACAOINTERNACSDOUNCB','HAATIVACAOINTERNACSDOUNCB',694,NULL,695,1,NULL,NULL,NULL,NULL,NULL,NULL,'Y',NULL,0,NULL),(152,151,NULL,'HA BALDE DE CERVEJA','kpi_rule_survey_question',NULL,'HABALDEDECERVEJA','HABALDEDECERVEJA',699,NULL,700,1,NULL,NULL,NULL,NULL,NULL,NULL,'Y',NULL,0,NULL),(153,152,NULL,'HA COMBO SUCO?','kpi_rule_survey_question',NULL,'HACOMBOSUCO','HACOMBOSUCO',703,NULL,704,1,NULL,NULL,NULL,NULL,NULL,NULL,'Y',NULL,0,NULL),(154,153,NULL,'HA MPACK CERVEJA PE','kpi_rule_survey_question',NULL,'HAMPACKCERVEJAPE','HAMPACKCERVEJAPE',707,NULL,708,1,NULL,NULL,NULL,NULL,NULL,NULL,'Y',NULL,0,NULL),(155,154,NULL,'HA MPACK CERVEJA SB','kpi_rule_survey_question',NULL,'HAMPACKCERVEJASB','HAMPACKCERVEJASB',711,NULL,712,1,NULL,NULL,NULL,NULL,NULL,NULL,'Y',NULL,0,NULL),(156,155,NULL,'HA PE COM VANTAGEM ECONOMICA?','kpi_rule_survey_question',NULL,'HAPECOMVANTAGEMECONOMICA','HAPECOMVANTAGEMECONOMICA',714,NULL,715,1,NULL,NULL,NULL,NULL,NULL,NULL,'Y',NULL,0,NULL),(157,156,NULL,'HA PE CRYSTAL CONS FUT (EQUIP KOF 70%)','kpi_rule_survey_question',NULL,'HAPECRYSTALCONSFUTEQUIPKOF70','HAPECRYSTALCONSFUTEQUIPKOF70',721,NULL,722,1,NULL,NULL,NULL,NULL,NULL,NULL,'Y',NULL,0,NULL),(158,157,NULL,'HA PE CRYSTAL CONS FUT (GDM KOF 75%)','kpi_rule_survey_question',NULL,'HAPECRYSTALCONSFUTGDMKOF75','HAPECRYSTALCONSFUTGDMKOF75',727,NULL,728,1,NULL,NULL,NULL,NULL,NULL,NULL,'Y',NULL,0,NULL),(159,158,NULL,'HA PE CRYSTAL CONS FUT FORA EQUIP (ATIV 12 UNID)','kpi_rule_survey_question',NULL,'HAPECRYSTALCONSFUTFORAEQUIPATIV12UNID','HAPECRYSTALCONSFUTFORAEQUIPATIV12UNID',731,NULL,732,1,NULL,NULL,NULL,NULL,NULL,NULL,'Y',NULL,0,NULL),(160,159,NULL,'HA QUADRO OU CARTAZ DE KAI/BAV/AMSTEL','kpi_rule_survey_question',NULL,'HAQUADROOUCARTAZDEKAIBAVAMSTEL','HAQUADROOUCARTAZDEKAIBAVAMSTEL',735,NULL,736,1,NULL,NULL,NULL,NULL,NULL,NULL,'Y',NULL,0,NULL),(161,160,NULL,'HA QUADRO OU LUMINOSO HNK','kpi_rule_survey_question',NULL,'HAQUADROOULUMINOSOHNK','HAQUADROOULUMINOSOHNK',740,NULL,741,1,NULL,NULL,NULL,NULL,NULL,NULL,'Y',NULL,0,NULL),(162,161,NULL,'HA RET CONS FUT AO LADO DE TUBAINAS','kpi_rule_survey_question',NULL,'HARETCONSFUTAOLADODETUBAINAS','HARETCONSFUTAOLADODETUBAINAS',743,NULL,744,1,NULL,NULL,NULL,NULL,NULL,NULL,'Y',NULL,0,NULL),(163,162,NULL,'RACK CSD ENTRADA LOJA OU ATE A 1ª PG','kpi_rule_survey_question',NULL,'RACKCSDENTRADALOJAOUATEA1ªPG','RACKCSDENTRADALOJAOUATEA1ªPG',746,NULL,747,1,NULL,NULL,NULL,NULL,NULL,NULL,'Y',NULL,0,NULL),(164,163,NULL,'PE CSD CONS FUT OU MPACK CONS IMED PG SB 18 UNID?','kpi_rule_survey_question',NULL,'PECSDCONSFUTOUMPACKCONSIMEDPGSB18UNID','PECSDCONSFUTOUMPACKCONSIMEDPGSB18UNID',749,NULL,750,1,NULL,NULL,NULL,NULL,NULL,NULL,'Y',NULL,0,NULL),(165,164,NULL,'PE CSD CONS FUT OU MPACK CONS IMED PG SB (EQUIP KOF 70%)','kpi_rule_survey_question',NULL,'PECSDCONSFUTOUMPACKCONSIMEDPGSBEQUIPKOF70','PECSDCONSFUTOUMPACKCONSIMEDPGSBEQUIPKOF70',752,NULL,753,1,NULL,NULL,NULL,NULL,NULL,NULL,'Y',NULL,0,NULL),(166,165,NULL,'PE CSD CONS FUT OU MPACK CONS IMED PG SB (GDM KOF 75%)','kpi_rule_survey_question',NULL,'PECSDCONSFUTOUMPACKCONSIMEDPGSBGDMKOF75','PECSDCONSFUTOUMPACKCONSIMEDPGSBGDMKOF75',755,NULL,756,1,NULL,NULL,NULL,NULL,NULL,NULL,'Y',NULL,0,NULL),(167,166,NULL,'PE CSD CONS FUT OU MPACK CONS IMED MERC OU ACOU (ATIV 18 UNID)','kpi_rule_survey_question',NULL,'PECSDCONSFUTOUMPACKCONSIMEDMERCOUACOUATIV18UNID','PECSDCONSFUTOUMPACKCONSIMEDMERCOUACOUATIV18UNID',759,NULL,760,1,NULL,NULL,NULL,NULL,NULL,NULL,'Y',NULL,0,NULL),(168,167,NULL,'PE CSD CONS FUT OU MPACK CONS IMED MERC OU ACOU (EQUIP KOF 70%)','kpi_rule_survey_question',NULL,'PECSDCONSFUTOUMPACKCONSIMEDMERCOUACOUEQUIPKOF70','PECSDCONSFUTOUMPACKCONSIMEDMERCOUACOUEQUIPKOF70',763,NULL,764,1,NULL,NULL,NULL,NULL,NULL,NULL,'Y',NULL,0,NULL),(169,168,NULL,'PE CSD CONS FUT OU MPACK CONS IMED MERC OU ACOU (GDM KOF 75%)','kpi_rule_survey_question',NULL,'PECSDCONSFUTOUMPACKCONSIMEDMERCOUACOUGDMKOF75','PECSDCONSFUTOUMPACKCONSIMEDMERCOUACOUGDMKOF75',766,NULL,767,1,NULL,NULL,NULL,NULL,NULL,NULL,'Y',NULL,0,NULL),(170,169,NULL,'PE MCATEG PAD OU HORT FORA EQUIP 18 UNID CSD + 12 UNID SUCO','kpi_rule_survey_question',NULL,'PEMCATEGPADOUHORTFORAEQUIP18UNIDCSD12UNIDSUCO','PEMCATEGPADOUHORTFORAEQUIP18UNIDCSD12UNIDSUCO',769,NULL,770,1,NULL,NULL,NULL,NULL,NULL,NULL,'Y',NULL,0,NULL),(171,170,NULL,'PE MCATEG PAD OU HORT EQUIP KOF 0,7 (50% DE CSD E 0,5 NCB)','kpi_rule_survey_question',NULL,'PEMCATEGPADOUHORTEQUIPKOF7050DECSDE50NCB','PEMCATEGPADOUHORTEQUIPKOF7050DECSDE50NCB',772,NULL,773,1,NULL,NULL,NULL,NULL,NULL,NULL,'Y',NULL,0,NULL),(172,171,NULL,'PE MCATEG PAD OU HORT GDM KOF 0,75 (50% DE CSD E 0,5 NCB)','kpi_rule_survey_question',NULL,'PEMCATEGPADOUHORTGDMKOF7550DECSDE50NCB','PEMCATEGPADOUHORTGDMKOF7550DECSDE50NCB',775,NULL,776,1,NULL,NULL,NULL,NULL,NULL,NULL,'Y',NULL,0,NULL),(173,172,NULL,'PE SUCO 100% OU D VALLE NEC PAD OU HORT FORA EQUIP (ATIV 12 UNID)','kpi_rule_survey_question',NULL,'PESUCO100%OUDVALLENECPADOUHORTFORAEQUIPATIV12UNID','PESUCO100%OUDVALLENECPADOUHORTFORAEQUIPATIV12UNID',778,NULL,779,1,NULL,NULL,NULL,NULL,NULL,NULL,'Y',NULL,0,NULL),(174,173,NULL,'PE SUCO 100% OU D VALLE NEC PAD OU HORT (EQUIP KOF 70%)','kpi_rule_survey_question',NULL,'PESUCO100%OUDVALLENECPADOUHORTEQUIPKOF70','PESUCO100%OUDVALLENECPADOUHORTEQUIPKOF70',781,NULL,782,1,NULL,NULL,NULL,NULL,NULL,NULL,'Y',NULL,0,NULL),(175,174,NULL,'PE SUCO 100% OU D VALLE NEC PAD OU HORT (GDM KOF 75%)','kpi_rule_survey_question',NULL,'PESUCO100%OUDVALLENECPADOUHORTGDMKOF75','PESUCO100%OUDVALLENECPADOUHORTGDMKOF75',784,NULL,785,1,NULL,NULL,NULL,NULL,NULL,NULL,'Y',NULL,0,NULL),(176,175,NULL,'PE CSD SEÇÃO DE BISC (ATIV 18 UNID)','kpi_rule_survey_question',NULL,'PECSDSEÇÃODEBISCATIV18UNID','PECSDSEÇÃODEBISCATIV18UNID',787,NULL,788,1,NULL,NULL,NULL,NULL,NULL,NULL,'Y',NULL,0,NULL),(177,176,NULL,'PE CSD SEÇÃO DE BISC (EQUIP KOF 70%)','kpi_rule_survey_question',NULL,'PECSDSEÇÃODEBISCEQUIPKOF70','PECSDSEÇÃODEBISCEQUIPKOF70',790,NULL,791,1,NULL,NULL,NULL,NULL,NULL,NULL,'Y',NULL,0,NULL),(178,177,NULL,'PE CSD SEÇÃO DE BISC (GDM KOF 75%)','kpi_rule_survey_question',NULL,'PECSDSEÇÃODEBISCGDMKOF75','PECSDSEÇÃODEBISCGDMKOF75',793,NULL,794,1,NULL,NULL,NULL,NULL,NULL,NULL,'Y',NULL,0,NULL),(179,178,NULL,'REFPET AO LADO DE COCA COLA 2L DESCARTÁVEL?','kpi_rule_survey_question',NULL,'REFPETAOLADODECC2LDESCARTAVEL','REFPETAOLADODECC2LDESCARTAVEL',796,NULL,797,1,NULL,NULL,NULL,NULL,NULL,NULL,'Y',NULL,0,NULL),(180,179,NULL,'HÁ PRESENÇA DE TUBAINA NO PDV?','kpi_rule_survey_question',NULL,'HAPRESENÇADEITUBAINANOPDV','HAPRESENÇADEITUBAINANOPDV',799,NULL,800,1,NULL,NULL,NULL,NULL,NULL,NULL,'Y',NULL,0,NULL),(182,181,NULL,'GDM CERV INVAD POR CSD/NCAT KOF?','kpi_rule_count',NULL,'GDMCERVINVADPORCSDNCATKOF','GDMCERVINVADPORCSDNCATKOF',806,NULL,807,1,NULL,NULL,NULL,NULL,NULL,NULL,'Y',NULL,0,NULL),(183,182,NULL,'GDM CERV INVAD POR OUT PROD?','kpi_rule_count',NULL,'GDMCERVINVADPOROUTPROD','GDMCERVINVADPOROUTPROD',810,NULL,811,1,NULL,NULL,NULL,NULL,NULL,NULL,'Y',NULL,0,NULL),(184,183,NULL,'GDM CSD INVAD PELA CONC? ','kpi_rule_count',NULL,'GDMCSDINVADPELACONC ','GDMCSDINVADPELACONC ',813,NULL,814,1,NULL,NULL,NULL,NULL,NULL,NULL,'Y',NULL,0,NULL),(185,184,NULL,'GDM CSD INVAD POR OUT PROD?','kpi_rule_count',NULL,'GDMCSDINVADPOROUTPROD','GDMCSDINVADPOROUTPROD',816,NULL,817,1,NULL,NULL,NULL,NULL,NULL,NULL,'Y',NULL,0,NULL),(186,185,NULL,'GDM CSD/NCAT INVAD POR CERV KOF?','kpi_rule_count',NULL,'GDMCSDNCATINVADPORCERVKOF','GDMCSDNCATINVADPORCERVKOF',819,NULL,820,1,NULL,NULL,NULL,NULL,NULL,NULL,'Y',NULL,0,NULL),(187,186,NULL,'GDM NCAT INVAD PELA CONC?','kpi_rule_count',NULL,'GDMNCATINVADPELACONC','GDMNCATINVADPELACONC',823,NULL,824,1,NULL,NULL,NULL,NULL,NULL,NULL,'Y',NULL,0,NULL),(188,187,NULL,'GDM NCAT INVAD POR OUT PROD?','kpi_rule_count',NULL,'GDMNCATINVADPOROUTPROD','GDMNCATINVADPOROUTPROD',827,NULL,828,1,NULL,NULL,NULL,NULL,NULL,NULL,'Y',NULL,0,NULL),(190,189,NULL,'CONTEM MIN 2 CATEG NO MENU?','kpi_rule_survey_question',NULL,'CONTEMMIN2CATEGNOMENU','CONTEMMIN2CATEGNOMENU',832,NULL,833,1,NULL,NULL,NULL,NULL,NULL,NULL,'Y',NULL,0,NULL),(191,190,NULL,'HA 1 PROD KOF NO MENUBOARD?','kpi_rule_survey_question',NULL,'HA1PRODKOFNOMENUBOARD ','HA1PRODKOFNOMENUBOARD ',835,NULL,836,1,NULL,NULL,NULL,NULL,NULL,NULL,'Y',NULL,0,NULL),(192,191,NULL,'PE EXIB','kpi_rule_count',NULL,'PEEXIB','PEEXIB',838,NULL,839,1,NULL,NULL,NULL,NULL,NULL,NULL,'Y',NULL,0,NULL),(193,192,NULL,'PE COM DE PRECO EXIB','kpi_rule_count',NULL,'PECOMDEPRECOEXIB','PECOMDEPRECOEXIB',841,NULL,842,1,NULL,NULL,NULL,NULL,NULL,NULL,'Y',NULL,0,NULL),(194,194,NULL,'PE GDM','kpi_rule_count',NULL,'PEGDM','PEGDM',847,NULL,848,1,NULL,NULL,NULL,NULL,NULL,NULL,'Y',NULL,0,NULL),(195,195,NULL,'PE COM DE PRECO GDM','kpi_rule_count',NULL,'PECOMDEPRECOGDM','PECOMDEPRECOGDM',850,NULL,851,1,NULL,NULL,NULL,NULL,NULL,NULL,'Y',NULL,0,NULL),(196,196,NULL,'PE ILHA','kpi_rule_count',NULL,'PEILHA','PEILHA',853,NULL,854,1,NULL,NULL,NULL,NULL,NULL,NULL,'Y',NULL,0,NULL),(197,197,NULL,'PE COM DE PRECO ILHA','kpi_rule_count',NULL,'PECOMDEPRECOILHA','PECOMDEPRECOILHA',856,NULL,857,1,NULL,NULL,NULL,NULL,NULL,NULL,'Y',NULL,0,NULL),(198,198,NULL,'PE PG','kpi_rule_count',NULL,'PEPG','PEPG',859,NULL,860,1,NULL,NULL,NULL,NULL,NULL,NULL,'Y',NULL,0,NULL),(199,199,NULL,'PE COM DE PRECO PG','kpi_rule_count',NULL,'PECOMDEPRECOPG','PECOMDEPRECOPG',862,NULL,863,1,NULL,NULL,NULL,NULL,NULL,NULL,'Y',NULL,0,NULL),(200,200,NULL,'PE RACK','kpi_rule_count',NULL,'PERACK','PERACK',865,NULL,866,1,NULL,NULL,NULL,NULL,NULL,NULL,'Y',NULL,0,NULL),(201,201,NULL,'HA MAT COM COMBO KOF?','kpi_rule_survey_question',NULL,'HAMATCOMCOMBOKOF','HAMATCOMCOMBOKOF',868,NULL,869,1,NULL,NULL,NULL,NULL,NULL,NULL,'Y',NULL,0,NULL),(202,202,NULL,'PE COM DE PRECO RACK','kpi_rule_count',NULL,'PECOMDEPRECORACK','PECOMDEPRECORACK',871,NULL,872,1,NULL,NULL,NULL,NULL,NULL,NULL,'Y',NULL,0,NULL),(203,203,NULL,'PE SB','kpi_rule_count',NULL,'PESB','PESB',874,NULL,875,1,NULL,NULL,NULL,NULL,NULL,NULL,'Y',NULL,0,NULL),(204,204,NULL,'PE COM DE PRECO SB','kpi_rule_count',NULL,'PECOMDEPRECOSB','PECOMDEPRECOSB',877,NULL,878,1,NULL,NULL,NULL,NULL,NULL,NULL,'Y',NULL,0,NULL),(205,205,NULL,'GDM KOF EM POS.DE LIDERANÇA','kpi_rule_minimal_total_distribution',NULL,'GDMKOFEMPOS.DELIDERANÇA','GDMKOFEMPOS.DELIDERANÇA',880,NULL,881,1,NULL,NULL,NULL,NULL,NULL,NULL,'Y',NULL,0,NULL),(206,206,NULL,'HA MININO 20 FRENTES AGUA CRYSTAL','kpi_rule_count',NULL,'HAMININO20FRENTESAGUACRYSTAL','HAMININO20FRENTESAGUACRYSTAL',883,NULL,884,1,NULL,NULL,NULL,NULL,NULL,NULL,'Y',NULL,0,NULL),(207,207,NULL,'HA PE CSD 20 FRENTES PRECIF','kpi_rule_count',NULL,'HAPECSD20FRENTESPRECIF','HAPECSD20FRENTESPRECIF',886,NULL,887,1,NULL,NULL,NULL,NULL,NULL,NULL,'Y',NULL,0,NULL),(208,208,NULL,'HA PE NCB 20 FRENTES PRECIF','kpi_rule_count',NULL,'HAPENCB20FRENTESPRECIF','HAPENCB20FRENTESPRECIF',889,NULL,890,1,NULL,NULL,NULL,NULL,NULL,NULL,'Y',NULL,0,NULL),(209,209,NULL,'INV CC LT','kpi_rule_survey_question',NULL,'INV CC LT','INV CC LT',892,NULL,893,1,NULL,NULL,NULL,NULL,NULL,NULL,'Y',NULL,0,NULL),(211,211,NULL,'PE MCATEG PAD EQUIP KOF 70% (50% DE CSD E 50% NCB)','kpi_rule_survey_question',NULL,'PEMCATEGPADEQUIPKOF70%(50%DECSDE50%NCB)','PEMCATEGPADEQUIPKOF70%(50%DECSDE50%NCB)',920,NULL,921,1,NULL,NULL,NULL,NULL,NULL,NULL,'Y',NULL,0,NULL),(213,213,NULL,'PE MCATEG PAD GDM KOF 75% (50% DE CSD E 50% NCB)','kpi_rule_survey_question',NULL,'PEMCATEGPADGDMKOF75%(50%DECSDE50%NCB)','PEMCATEGPADGDMKOF75%(50%DECSDE50%NCB)',926,NULL,927,1,NULL,NULL,NULL,NULL,NULL,NULL,'Y',NULL,0,NULL),(214,214,NULL,'PE MCATEG HORT EQUIP KOF 70% (50% DE CSD E 50% NCB)','kpi_rule_survey_question',NULL,'PEMCATEGHORTEQUIPKOF70%(50%DECSDE50%NCB)','PEMCATEGHORTEQUIPKOF70%(50%DECSDE50%NCB)',929,NULL,930,1,NULL,NULL,NULL,NULL,NULL,NULL,'Y',NULL,0,NULL),(215,215,NULL,'PE MCATEG HORT GDM KOF 75% (50% DE CSD E 50% NCB)','kpi_rule_survey_question',NULL,'PEMCATEGHORTGDMKOF75%(50%DECSDE50%NCB)','PEMCATEGHORTGDMKOF75%(50%DECSDE50%NCB)',932,NULL,933,1,NULL,NULL,NULL,NULL,NULL,NULL,'Y',NULL,0,NULL),(216,216,NULL,'PE CSD CONS FUT OU MPACK CONS IMED ACOU (EQUIP KOF 70%)','kpi_rule_survey_question',NULL,'PECSDCONSFUTOUMPACKCONSIMEDACOU(EQUIPKOF70%)','PECSDCONSFUTOUMPACKCONSIMEDACOU(EQUIPKOF70%)',935,NULL,936,1,NULL,NULL,NULL,NULL,NULL,NULL,'Y',NULL,0,NULL),(217,217,NULL,'PE CSD CONS FUT OU MPACK CONS IMED ACOU (GDM KOF 75%)','kpi_rule_survey_question',NULL,'PECSDCONSFUTOUMPACKCONSIMEDACOU(GDMKOF75%)','PECSDCONSFUTOUMPACKCONSIMEDACOU(GDMKOF75%)',938,NULL,939,1,NULL,NULL,NULL,NULL,NULL,NULL,'Y',NULL,0,NULL),(218,218,NULL,'PE CSD CONS FUT OU MPACK CONS IMED MERC (EQUIP KOF 70%)','kpi_rule_survey_question',NULL,'PECSDCONSFUTOUMPACKCONSIMEDMERC(EQUIPKOF70%)','PECSDCONSFUTOUMPACKCONSIMEDMERC(EQUIPKOF70%)',941,NULL,942,1,NULL,NULL,NULL,NULL,NULL,NULL,'Y',NULL,0,NULL),(219,219,NULL,'PE CSD CONS FUT OU MPACK CONS IMED MERC (GDM KOF 75%)','kpi_rule_survey_question',NULL,'PECSDCONSFUTOUMPACKCONSIMEDMERC(GDMKOF75%)','PECSDCONSFUTOUMPACKCONSIMEDMERC(GDMKOF75%)',944,NULL,945,1,NULL,NULL,NULL,NULL,NULL,NULL,'Y',NULL,0,NULL),(220,220,NULL,'PE CSD E KAPO SEC BISCOITOS EQUIP KOF 70% (50% DE CSD E 50% KAPO)','kpi_rule_survey_question',NULL,'PECSDEKAPOSECBISCOITOSEQUIPKOF70%(50%DECSDE50%KAPO)','PECSDEKAPOSECBISCOITOSEQUIPKOF70%(50%DECSDE50%KAPO)',947,NULL,948,1,NULL,NULL,NULL,NULL,NULL,NULL,'Y',NULL,0,NULL),(221,221,NULL,'PE CSD E KAPO SEC BISCOITOS GDM KOF 75% (50% DE CSD E 50% KAPO)','kpi_rule_survey_question',NULL,'PECSDEKAPOSECBISCOITOSGDMKOF75%(50%DECSDE50%KAPO)','PECSDEKAPOSECBISCOITOSGDMKOF75%(50%DECSDE50%KAPO)',950,NULL,951,1,NULL,NULL,NULL,NULL,NULL,NULL,'Y',NULL,0,NULL),(222,222,NULL,'PER ATIV CSD OU NCB AREA INT TAM MIN PROD+PREÇO','kpi_rule_survey_question',NULL,'PERATIVCSDOUNCBAREAINTTAMMINPROD+PREÇO','PERATIVCSDOUNCBAREAINTTAMMINPROD+PREÇO',953,NULL,954,1,NULL,NULL,NULL,NULL,NULL,NULL,'Y',NULL,0,NULL),(223,223,NULL,'PE CSD E KAPO SEC BISCOITOS (ATIV 18 UN CSD E 4 UN KAPO)','kpi_rule_survey_question',NULL,'PECSDEKAPOSECBISCOITOSATIV12UNCSDE4UNKAPO','PECSDEKAPOSECBISCOITOSATIV12UNCSDE4UNKAPO',956,NULL,957,1,NULL,NULL,NULL,NULL,NULL,NULL,'Y',NULL,0,NULL),(224,224,NULL,'PER RACK CSD RET FUTURO ENTRADA LOJA OU ATE A 1ª PG - 50% ABAST','kpi_rule_survey_question',NULL,'PERRACKCSDRETFUTUROENTRADALOJAOUATEA1ªPG-50%ABAST','PERRACKCSDRETFUTUROENTRADALOJAOUATEA1ªPG-50%ABAST',959,NULL,960,1,NULL,NULL,NULL,NULL,NULL,NULL,'Y',NULL,0,NULL),(225,225,NULL,'PE SUCOS EQUIP KOF 70%','kpi_rule_survey_question',NULL,'PESUCOSEQUIPKOF70','PESUCOSEQUIPKOF70',962,NULL,963,1,NULL,NULL,NULL,NULL,NULL,NULL,'Y',NULL,0,NULL),(226,226,NULL,'PE SUCOS GDM KOF 75%','kpi_rule_survey_question',NULL,'PESUCOSGDMKOF75','PESUCOSGDMKOF75',965,NULL,966,1,NULL,NULL,NULL,NULL,NULL,NULL,'Y',NULL,0,NULL),(227,227,NULL,'COMBO CSD NO BALCÃO','kpi_rule_survey_question',NULL,'COMBOCSDNOBALCÃO','COMBOCSDNOBALCÃO',968,NULL,969,1,NULL,NULL,NULL,NULL,NULL,NULL,'Y',NULL,0,NULL),(228,228,NULL,'MENUBOARD COM COMBO CSD','kpi_rule_survey_question',NULL,'MENUBOARDCOMCOMBOCSD','MENUBOARDCOMCOMBOCSD',971,NULL,972,1,NULL,NULL,NULL,NULL,NULL,NULL,'Y',NULL,0,NULL),(229,229,NULL,'ATIV CSD EXT/ENTRADA LJ TAM MIN PROD+PREÇO','kpi_rule_survey_question',NULL,'ATIVCSDEXT/ENTRADALJTAMMINPROD+PREÇO','ATIVCSDEXT/ENTRADALJTAMMINPROD+PREÇO',974,NULL,975,1,NULL,NULL,NULL,NULL,NULL,NULL,'Y',NULL,0,NULL),(230,230,NULL,'COMBO SUCO NO BALCÃO','kpi_rule_survey_question',NULL,'COMBOSUCONOBALCÃO','COMBOSUCONOBALCÃO',977,NULL,978,1,NULL,NULL,NULL,NULL,NULL,NULL,'Y',NULL,0,NULL),(231,231,NULL,'ATIV BALCÃO CSD TAM MIN GUARDANUDO','kpi_rule_survey_question',NULL,'ATIVBALCÃOCSDTAMMINGUARDANUDO','ATIVBALCÃOCSDTAMMINGUARDANUDO',980,NULL,981,1,NULL,NULL,NULL,NULL,NULL,NULL,'Y',NULL,0,NULL),(232,232,NULL,'ATIV BALCÃO NCB TAM MIN GUARDANUDO','kpi_rule_survey_question',NULL,'ATIVBALCÃONCBTAMMINGUARDANUDO','ATIVBALCÃONCBTAMMINGUARDANUDO',983,NULL,984,1,NULL,NULL,NULL,NULL,NULL,NULL,'Y',NULL,0,NULL),(233,233,NULL,'ATIV BALCÃO SUCO NCB TAM MIN GUARDANUDO','kpi_rule_survey_question',NULL,'ATIVBALCÃOSUCONCBTAMMINGUARDANUDO','ATIVBALCÃOSUCONCBTAMMINGUARDANUDO',986,NULL,987,1,NULL,NULL,NULL,NULL,NULL,NULL,'Y',NULL,0,NULL),(234,234,NULL,'INV CC 2,5L','kpi_rule_survey_question',NULL,'INV CC 2.5L','INV CC 2.5L',990,NULL,991,1,NULL,NULL,NULL,NULL,NULL,NULL,'Y',NULL,0,NULL),(235,235,NULL,'PERPEKAPOSECBISCOITOSATIV4UNKAPO','kpi_rule_survey_question',NULL,'PERPEKAPOSECBISCOITOSATIV4UNKAPO','PERPEKAPOSECBISCOITOSATIV4UNKAPO',994,NULL,995,1,NULL,NULL,NULL,NULL,NULL,NULL,'Y',NULL,0,NULL),(236,236,NULL,'GDM CERV INVAD PELA CONC?','kpi_rule_count',NULL,'GDMCERVINVADPELACONC?','GDMCERVINVADPELACONC?',997,NULL,998,1,NULL,NULL,NULL,NULL,NULL,NULL,'Y',NULL,0,NULL),(237,237,NULL,'PECSDEKAPOSEÇÃODEBISCCSD30FRENTESKAPO30FRENTES','kpi_rule_count',NULL,'PECSDEKAPOSEÇÃODEBISCCSD30FRENTESKAPO30FRENTES','PECSDEKAPOSEÇÃODEBISCCSD30FRENTESKAPO30FRENTES',1001,NULL,1002,1,NULL,NULL,NULL,NULL,NULL,NULL,'Y',NULL,0,NULL),(238,238,NULL,'PESUCOSATIV40FRENTES','kpi_rule_count',NULL,'PESUCOSATIV40FRENTES','PESUCOSATIV40FRENTES',1004,NULL,1005,1,NULL,NULL,NULL,NULL,NULL,NULL,'Y',NULL,0,NULL),(239,239,NULL,'INVGUARANAJESUS','kpi_rule_survey_question',NULL,'INVGUARANAJESUS','INVGUARANAJESUS',1007,NULL,1008,1,NULL,NULL,NULL,NULL,NULL,NULL,'Y',NULL,0,NULL),(240,240,NULL,'PERPECSDCONSFUTOUMPACKCONSIMEDMERC(ATIV40FRENTES)','kpi_rule_count',NULL,'PERPECSDCONSFUTOUMPACKCONSIMEDMERC(ATIV40FRENTES)','PERPECSDCONSFUTOUMPACKCONSIMEDMERC(ATIV40FRENTES)',1010,NULL,1011,1,NULL,NULL,NULL,NULL,NULL,NULL,'Y',NULL,0,NULL),(241,237,NULL,'PECSDEKAPOSEÇÃODEBISCCSD30FRENTES2','kpi_rule_count',NULL,'PECSDEKAPOSEÇÃODEBISCCSD30FRENTES','PECSDEKAPOSEÇÃODEBISCCSD30FRENTES',1012,NULL,1013,2,NULL,NULL,NULL,NULL,NULL,NULL,'Y',NULL,0,NULL),(244,242,NULL,'PECSDCONSFUTOUMPACKCONSIMEDPGSB40FRENTES','kpi_rule_count',NULL,'PECSDCONSFUTOUMPACKCONSIMEDPGSB40FRENTES','PECSDCONSFUTOUMPACKCONSIMEDPGSB40FRENTES',1019,NULL,1020,1,NULL,NULL,NULL,NULL,NULL,NULL,'Y',NULL,0,NULL),(245,242,NULL,'PECSDCONSFUTOUMPACKCONSIMEDPGSB40FRENTES2','kpi_rule_count',NULL,'PECSDCONSFUTOUMPACKCONSIMEDPGSB40FRENTES2','PECSDCONSFUTOUMPACKCONSIMEDPGSB40FRENTES2',1021,NULL,1022,2,NULL,NULL,NULL,NULL,NULL,NULL,'Y',NULL,0,NULL),(246,243,NULL,'PEMCATEGPADFORAEQUIP30FRENTESCSD30FRENTESNCB','kpi_rule_count',NULL,'PEMCATEGPADFORAEQUIP30FRENTESCSD30FRENTESNCB','PEMCATEGPADFORAEQUIP30FRENTESCSD30FRENTESNCB',1024,NULL,1025,1,NULL,NULL,NULL,NULL,NULL,NULL,'Y',NULL,0,NULL),(247,243,NULL,'PEMCATEGPADFORAEQUIP30FRENTESCSD30FRENTESNCB2','kpi_rule_count',NULL,'PEMCATEGPADFORAEQUIP30FRENTESCSD30FRENTESNCB2','PEMCATEGPADFORAEQUIP30FRENTESCSD30FRENTESNCB2',1026,NULL,1027,2,NULL,NULL,NULL,NULL,NULL,NULL,'Y',NULL,0,NULL),(248,244,NULL,'PEMCATEGHORTFORAEQUIP30FRENTESCSD30FRENTESNCB','kpi_rule_count',NULL,'PEMCATEGHORTFORAEQUIP30FRENTESCSD30FRENTESNCB','PEMCATEGHORTFORAEQUIP30FRENTESCSD30FRENTESNCB',1029,NULL,1030,1,NULL,NULL,NULL,NULL,NULL,NULL,'Y',NULL,0,NULL),(249,244,NULL,'PEMCATEGHORTFORAEQUIP30FRENTESCSD30FRENTESNCB2','kpi_rule_count',NULL,'PEMCATEGHORTFORAEQUIP30FRENTESCSD30FRENTESNCB2','PEMCATEGHORTFORAEQUIP30FRENTESCSD30FRENTESNCB2',1031,NULL,1032,2,NULL,NULL,NULL,NULL,NULL,NULL,'Y',NULL,0,NULL),(250,245,NULL,'PECSDCONSFUTOUMPACKCONSIMEDACOUATIV40FRENTES','kpi_rule_count',NULL,'PECSDCONSFUTOUMPACKCONSIMEDACOUATIV40FRENTES','PECSDCONSFUTOUMPACKCONSIMEDACOUATIV40FRENTES',1034,NULL,1035,1,NULL,NULL,NULL,NULL,NULL,NULL,'Y',NULL,0,NULL),(251,245,NULL,'PECSDCONSFUTOUMPACKCONSIMEDACOUATIV40FRENTES2','kpi_rule_count',NULL,'PECSDCONSFUTOUMPACKCONSIMEDACOUATIV40FRENTES2','PECSDCONSFUTOUMPACKCONSIMEDACOUATIV40FRENTES2',1036,NULL,1037,2,NULL,NULL,NULL,NULL,NULL,NULL,'Y',NULL,0,NULL),(253,248,NULL,'HÁ ALGUMA GDM KOF INVADIDA','kpi_rule_survey_question',NULL,'HÁALGUMAGDMKOFINVADIDA','HÁALGUMAGDMKOFINVADIDA',1057,NULL,1058,1,NULL,NULL,NULL,NULL,NULL,NULL,'Y',NULL,0,NULL),(254,250,NULL,'GDM KOF CSD NO CAIXA RÁPIDO','kpi_rule_survey_question',NULL,'GDMKOFCSDNOCAIXARÁPIDO','GDMKOFCSDNOCAIXARÁPIDO',1063,NULL,1064,1,NULL,NULL,NULL,NULL,NULL,NULL,'Y',NULL,0,NULL),(255,251,NULL,'GDM KOF CSD NO CAIXA RÁPIDO COM 50% CSD FUTURO','kpi_rule_survey_question',NULL,'GDMKOFCSDNOCAIXARÁPIDOCOM50%CSDFUTURO','GDMKOFCSDNOCAIXARÁPIDOCOM50%CSDFUTURO',1066,NULL,1067,1,NULL,NULL,NULL,NULL,NULL,NULL,'N',NULL,0,NULL),(256,252,NULL,'GDM KOF CSD NO CAIXA NORMAL','kpi_rule_survey_question',NULL,'GDMKOFCSDNOCAIXANORMAL','GDMKOFCSDNOCAIXANORMAL',1069,NULL,1070,1,NULL,NULL,NULL,NULL,NULL,NULL,'Y',NULL,0,NULL),(257,253,NULL,'GDM KOF CSD NO CAIXA NORMAL COM 50% CSD INDIVIDUAL','kpi_rule_survey_question',NULL,'GDMKOFCSDNOCAIXANORMALCOM50%CSDINDIVIDUAL','GDMKOFCSDNOCAIXANORMALCOM50%CSDINDIVIDUAL',1072,NULL,1073,1,NULL,NULL,NULL,NULL,NULL,NULL,'Y',NULL,0,NULL),(258,254,NULL,'HÁ MATERIAL DE CSD OU NCB NO BALCÃO/MESA','kpi_rule_survey_question',NULL,'HÁMATERIALDECSDOUNCBNOBALCÃO/MESA','HÁMATERIALDECSDOUNCBNOBALCÃO/MESA',1076,NULL,1077,1,NULL,NULL,NULL,NULL,NULL,NULL,'Y',NULL,0,NULL),(259,256,NULL,'PORTA GDM CSD FEMSA','kpi_rule_survey_question',NULL,'PERPORTAGDMCSDFEMSA','PERPORTAGDMCSDFEMSA',1087,NULL,1088,1,NULL,NULL,NULL,NULL,NULL,NULL,'Y',NULL,0,NULL),(260,257,NULL,'PORTA GDM NCB FEMSA','kpi_rule_survey_question',NULL,'PERPORTAGDMNCBFEMSA','PERPORTAGDMNCBFEMSA',1090,NULL,1091,1,NULL,NULL,NULL,NULL,NULL,NULL,'Y',NULL,0,NULL),(261,258,NULL,'PORTA GDM CERVEJA  FEMSA','kpi_rule_survey_question',NULL,'PERPORTAGDMCERVEJAFEMSA','PERPORTAGDMCERVEJAFEMSA',1093,NULL,1094,1,NULL,NULL,NULL,NULL,NULL,NULL,'Y',NULL,0,NULL),(262,259,NULL,'HA IMAGEM DE PROD KOF?','kpi_rule_survey_question',NULL,'PERHAIMAGEMDEPRODKOF','PERHAIMAGEMDEPRODKOF',1099,NULL,1100,1,NULL,NULL,NULL,NULL,NULL,NULL,'Y',NULL,0,NULL),(263,260,NULL,'GDM 50% VISIVEL?','kpi_rule_survey_question',NULL,'PERGDM50VISIVEL','PERGDM50VISIVEL',1102,NULL,1103,1,NULL,NULL,NULL,NULL,NULL,NULL,'Y',NULL,0,NULL),(264,262,NULL,'RACK COM MÍNIMO 75% DA ABAST','kpi_rule_survey_question',NULL,'PERRACKCOMMINIMO75DAABAST','PERRACKCOMMINIMO75DAABAST',1111,NULL,1112,1,NULL,NULL,NULL,NULL,NULL,NULL,'Y',NULL,0,NULL),(265,263,NULL,'RACK COM COCA-COLA COM DEL VALLE OU CRYSTAL','kpi_rule_survey_question',NULL,'PERRACKCOMCOCACOLACOMDELVALLEOUCRYSTAL','PERRACKCOMCOCACOLACOMDELVALLEOUCRYSTAL',1114,NULL,1115,1,NULL,NULL,NULL,NULL,NULL,NULL,'Y',NULL,0,NULL),(266,264,NULL,'GDM KOF 1 PORTA CSD/NCB','kpi_rule_survey_question',NULL,'PERGDMKOF1PORTACSDNCB','PERGDMKOF1PORTACSDNCB',1117,NULL,1118,1,NULL,NULL,NULL,NULL,NULL,NULL,'Y',NULL,0,NULL),(267,265,NULL,'GDM KOF CSD/NCB MINIMO 75% ABAST','kpi_rule_survey_question',NULL,'PERGDMKOFCSD/NCBMINIMO75%ABAST','PERGDMKOFCSD/NCBMINIMO75%ABAST',1120,NULL,1121,1,NULL,NULL,NULL,NULL,NULL,NULL,'Y',NULL,0,NULL),(268,266,NULL,'RACK MULTICATEGORIA / REF-PET','kpi_rule_survey_question',NULL,'PERRACKMULTICATEGORIA/REF-PET','PERRACKMULTICATEGORIA/REF-PET',1123,NULL,1124,1,NULL,NULL,NULL,NULL,NULL,NULL,'Y',NULL,0,NULL),(269,2,NULL,'NADA EXPOSTO2','kpi_rule_survey_question',NULL,'NADA EXPOSTO2','NADA EXPOSTO2',1128,NULL,1129,2,NULL,NULL,NULL,NULL,NULL,NULL,'Y',NULL,0,NULL),(270,267,NULL,'HÁ PRODUTO PRECIFICADO','kpi_rule_survey_question',NULL,'PERHAPRODUTOPRECIFICADO','PERHAPRODUTOPRECIFICADO',1132,NULL,1133,1,NULL,NULL,NULL,NULL,NULL,NULL,'Y',NULL,0,NULL),(271,268,NULL,'PERTRABALHACOMAGUAKOF','kpi_rule_minimal_total_distribution',NULL,'PERTRABALHACOMAGUAKOF','PERTRABALHACOMAGUAKOF',1137,NULL,1138,1,NULL,NULL,NULL,NULL,NULL,NULL,'Y',NULL,0,NULL),(272,269,NULL,'PERTRABALHACOMCHAKOF','kpi_rule_minimal_total_distribution',NULL,'PERTRABALHACOMCHAKOF','PERTRABALHACOMCHAKOF',1140,NULL,1141,1,'Y',NULL,NULL,NULL,NULL,NULL,'Y',NULL,0,NULL),(273,270,NULL,'PERTRABALHACOMREFRIGKOF','kpi_rule_minimal_total_distribution',NULL,'PERTRABALHACOMREFRIGKOF','PERTRABALHACOMREFRIGKOF',1143,NULL,1144,1,NULL,NULL,NULL,NULL,NULL,NULL,'Y',NULL,0,NULL),(274,271,NULL,'INV CC 2.5L','kpi_rule_survey_question',NULL,'INV CC 2.5L','INV CC 2.5L',1146,NULL,1147,1,NULL,NULL,NULL,NULL,NULL,NULL,'Y',NULL,0,NULL),(275,272,NULL,'INV CC 2L','kpi_rule_survey_question',NULL,'INV CC 2L','INV CC 2L',1149,NULL,1150,1,NULL,NULL,NULL,NULL,NULL,NULL,'Y',NULL,0,NULL),(276,273,NULL,'INV CC LT','kpi_rule_survey_question',NULL,'INV CC LT','INV CC LT',1152,NULL,1153,1,NULL,NULL,NULL,NULL,NULL,NULL,'Y',NULL,0,NULL),(277,274,NULL,'PER3FRENTESCERVNAGDM','kpi_rule_count',NULL,'PER3FRENTESCERVNAGDM','PER3FRENTESCERVNAGDM',1155,NULL,1156,1,NULL,NULL,NULL,NULL,NULL,NULL,'Y',NULL,0,NULL),(278,275,NULL,'PER4FRENTESCERVNAGDM','kpi_rule_count',NULL,'PER4FRENTESCERVNAGDM','PER4FRENTESCERVNAGDM',1158,NULL,1159,1,NULL,NULL,NULL,NULL,NULL,NULL,'Y',NULL,0,NULL),(280,277,NULL,'PERCONTEMMIN2CATEGNOMENU','kpi_rule_survey_question',NULL,'PERCONTEMMIN2CATEGNOMENU','PERCONTEMMIN2CATEGNOMENU',1164,NULL,1165,1,NULL,NULL,NULL,NULL,NULL,NULL,'Y',NULL,0,NULL),(281,278,NULL,'PERHARETCONSFUTAOLADODETUBAINAS','kpi_rule_survey_question',NULL,'PERHARETCONSFUTAOLADODETUBAINAS','PERHARETCONSFUTAOLADODETUBAINAS',1167,NULL,1168,1,NULL,NULL,NULL,NULL,NULL,NULL,'Y',NULL,0,NULL),(282,279,NULL,'PERNADAEXPOSTO','kpi_rule_count',NULL,'PERNADAEXPOSTO','PERNADAEXPOSTO',1170,NULL,1171,1,NULL,NULL,NULL,NULL,NULL,NULL,'Y',NULL,0,NULL),(283,279,NULL,'PERNADAEXPOSTO2','kpi_rule_survey_question',NULL,'PERNADAEXPOSTO2','PERNADAEXPOSTO2',1172,NULL,1173,2,NULL,NULL,NULL,NULL,NULL,NULL,'Y',NULL,0,NULL),(284,280,NULL,'PERREFPETAOLADODECC2LDESCARTAVEL','kpi_rule_survey_question',NULL,'PERREFPETAOLADODECC2LDESCARTAVEL','PERREFPETAOLADODECC2LDESCARTAVEL',1175,NULL,1176,1,NULL,NULL,NULL,NULL,NULL,NULL,'Y',NULL,0,NULL),(285,281,NULL,'PERTRABALHACOMAGUAKOF','kpi_rule_minimal_total_distribution',NULL,'PERTRABALHACOMAGUAKOF','PERTRABALHACOMAGUAKOF',1178,NULL,1179,1,NULL,NULL,NULL,NULL,NULL,NULL,'Y',NULL,0,NULL),(286,282,NULL,'PERTRABALHACOMCHAKOF','kpi_rule_minimal_total_distribution',NULL,'PERTRABALHACOMCHAKOF','PERTRABALHACOMCHAKOF',1181,NULL,1182,1,NULL,NULL,NULL,NULL,NULL,NULL,'Y',NULL,0,NULL),(287,283,NULL,'PERTRABALHACOMREFRIGKOF','kpi_rule_minimal_total_distribution',NULL,'PERTRABALHACOMREFRIGKOF','PERTRABALHACOMREFRIGKOF',1184,NULL,1185,1,NULL,NULL,NULL,NULL,NULL,NULL,'Y',NULL,0,NULL),(288,284,NULL,'PERHAMATCOMCOMBOKOF','kpi_rule_survey_question',NULL,'PERHAMATCOMCOMBOKOF','PERHAMATCOMCOMBOKOF',1187,NULL,1188,1,NULL,NULL,NULL,NULL,NULL,NULL,'Y',NULL,0,NULL),(289,285,NULL,'PERCOMBOCSDNOBALCÃO','kpi_rule_survey_question',NULL,'PERCOMBOCSDNOBALCÃO','PERCOMBOCSDNOBALCÃO',1190,NULL,1191,1,NULL,NULL,NULL,NULL,NULL,NULL,'Y',NULL,0,NULL),(290,286,NULL,'PERCOMBOKOFEXCLUSIVO','kpi_rule_survey_question',NULL,'PERCOMBOKOFEXCLUSIVO','PERCOMBOKOFEXCLUSIVO',1193,NULL,1194,1,NULL,NULL,NULL,NULL,NULL,NULL,'Y',NULL,0,NULL),(291,287,NULL,'PERCOMBONCB','kpi_rule_survey_question',NULL,'PERCOMBONCB','PERCOMBONCB',1196,NULL,1197,1,NULL,NULL,NULL,NULL,NULL,NULL,'Y',NULL,0,NULL),(292,288,NULL,'PERCOMBOSUCONOBALCÃO','kpi_rule_survey_question',NULL,'PERCOMBOSUCONOBALCÃO','PERCOMBOSUCONOBALCÃO',1199,NULL,1200,1,NULL,NULL,NULL,NULL,NULL,NULL,'Y',NULL,0,NULL),(293,289,NULL,'MENUBOARDCOMCOMBOKOFCSDOUNCB','kpi_rule_survey_question',NULL,'MENUBOARDCOMCOMBOKOFCSDOUNCB','MENUBOARDCOMCOMBOKOFCSDOUNCB',1202,NULL,1203,1,NULL,NULL,NULL,NULL,NULL,NULL,'Y',NULL,0,NULL),(294,290,NULL,'PERMENUBOARDCOMCOMBOCSD','kpi_rule_survey_question',NULL,'PERMENUBOARDCOMCOMBOCSD','PERMENUBOARDCOMCOMBOCSD',1205,NULL,1206,1,NULL,NULL,NULL,NULL,NULL,NULL,'Y',NULL,0,NULL),(295,291,NULL,'PERHAPRESENCADECOMBOKOF','kpi_rule_survey_question',NULL,'PERHAPRESENCADECOMBOKOF','PERHAPRESENCADECOMBOKOF',1208,NULL,1209,1,NULL,NULL,NULL,NULL,NULL,NULL,'Y',NULL,0,NULL),(301,297,NULL,'HÁMATERIALDECSDOUNCBNOBALCÃO/MESA','kpi_rule_survey_question',NULL,'HÁMATERIALDECSDOUNCBNOBALCÃO/MESA','HÁMATERIALDECSDOUNCBNOBALCÃO/MESA',1227,NULL,1228,1,NULL,NULL,NULL,NULL,NULL,NULL,'Y',NULL,0,NULL),(302,298,NULL,'PERHAIMAGEMDEPRODKOF','kpi_rule_survey_question',NULL,'PERHAIMAGEMDEPRODKOF','PERHAIMAGEMDEPRODKOF',1230,NULL,1231,1,NULL,NULL,NULL,NULL,NULL,NULL,'Y',NULL,0,NULL),(303,299,NULL,'PERATIVBALCÃOCSDTAMMINGUARDANUDO','kpi_rule_survey_question',NULL,'PERATIVBALCÃOCSDTAMMINGUARDANUDO','PERATIVBALCÃOCSDTAMMINGUARDANUDO',1233,NULL,1234,1,NULL,NULL,NULL,NULL,NULL,NULL,'Y',NULL,0,NULL),(304,300,NULL,'PERATIVBALCÃONCBTAMMINGUARDANUDO','kpi_rule_survey_question',NULL,'PERATIVBALCÃONCBTAMMINGUARDANUDO','PERATIVBALCÃONCBTAMMINGUARDANUDO',1236,NULL,1237,1,NULL,NULL,NULL,NULL,NULL,NULL,'Y',NULL,0,NULL),(305,301,NULL,'PERATIVBALCÃOSUCOTAMMINGUARDANUDO','kpi_rule_survey_question',NULL,'PERATIVBALCÃOSUCOTAMMINGUARDANUDO','PERATIVBALCÃOSUCOTAMMINGUARDANUDO',1239,NULL,1240,1,NULL,NULL,NULL,NULL,NULL,NULL,'Y',NULL,0,NULL),(306,302,NULL,'PERATIVCERVEJA','kpi_rule_minimal_total_distribution',NULL,'PERATIVCERVEJA','PERATIVCERVEJA',1242,NULL,1243,1,NULL,NULL,NULL,NULL,NULL,NULL,'Y',NULL,0,NULL),(307,303,NULL,'PERATIVCSD','kpi_rule_minimal_total_distribution',NULL,'PERATIVCSD','PERATIVCSD',1245,NULL,1246,1,NULL,NULL,NULL,NULL,NULL,NULL,'Y',NULL,0,NULL),(308,304,NULL,'ATIVEXTOUENTDALOJACSDCONSFUTPRECIFICADOSUP80CM','kpi_rule_survey_question',NULL,'ATIVEXTOUENTDALOJACSDCONSFUTPRECIFICADOSUP80CM','ATIVEXTOUENTDALOJACSDCONSFUTPRECIFICADOSUP80CM',1248,NULL,1249,1,NULL,NULL,NULL,NULL,NULL,NULL,'Y',NULL,0,NULL),(309,305,NULL,'ATIVEXTOUENTDALOJACSDCONSFUTRETORPRECIFICADOSUP80CM','kpi_rule_survey_question',NULL,'ATIVEXTOUENTDALOJACSDCONSFUTRETORPRECIFICADOSUP80CM','ATIVEXTOUENTDALOJACSDCONSFUTRETORPRECIFICADOSUP80CM',1251,NULL,1252,1,NULL,NULL,NULL,NULL,NULL,NULL,'Y',NULL,0,NULL),(310,306,NULL,'ATIVEXTOUENTDALOJACSDCONSIMEPRECIFICADOSUP80CM','kpi_rule_survey_question',NULL,'ATIVEXTOUENTDALOJACSDCONSIMEPRECIFICADOSUP80CM','ATIVEXTOUENTDALOJACSDCONSIMEPRECIFICADOSUP80CM',1255,NULL,1256,1,NULL,NULL,NULL,NULL,NULL,NULL,'Y',NULL,0,NULL),(311,307,NULL,'ATIVEXTOUENTDALOJACSDQQTAMPRECIFICADOSUP80CM','kpi_rule_survey_question',NULL,'ATIVEXTOUENTDALOJACSDQQTAMPRECIFICADOSUP80CM','ATIVEXTOUENTDALOJACSDQQTAMPRECIFICADOSUP80CM',1258,NULL,1259,1,NULL,NULL,NULL,NULL,NULL,NULL,'Y',NULL,0,NULL),(312,308,NULL,'PERATIVCSDMPACKENTRADALOJA','kpi_rule_survey_question',NULL,'PERATIVCSDMPACKENTRADALOJA','PERATIVCSDMPACKENTRADALOJA',1261,NULL,1262,1,NULL,NULL,NULL,NULL,NULL,NULL,'Y',NULL,0,NULL),(313,309,NULL,'PERATIVCSDSB','kpi_rule_minimal_total_distribution',NULL,'PERATIVCSDSB','PERATIVCSDSB',1264,NULL,1265,1,NULL,NULL,NULL,NULL,NULL,NULL,'Y',NULL,0,NULL),(314,310,NULL,'PERATIVNCATSB','kpi_rule_minimal_total_distribution',NULL,'PERATIVNCATSB','PERATIVNCATSB',1267,NULL,1268,1,NULL,NULL,NULL,NULL,NULL,NULL,'Y',NULL,0,NULL),(315,311,NULL,'PERATIVNCB','kpi_rule_minimal_total_distribution',NULL,'PERATIVNCB','PERATIVNCB',1271,NULL,1272,1,NULL,NULL,NULL,NULL,NULL,NULL,'Y',NULL,0,NULL),(316,312,NULL,'CERVEGELAOUBALDECERVEJAMARCAHEINEKEN','kpi_rule_survey_question',NULL,'CERVEGELAOUBALDECERVEJAMARCAHEINEKEN','CERVEGELAOUBALDECERVEJAMARCAHEINEKEN',1274,NULL,1275,1,NULL,NULL,NULL,NULL,NULL,NULL,'Y',NULL,0,NULL),(317,313,NULL,'PERHA1PRODKOFNOMENUBOARD','kpi_rule_survey_question',NULL,'PERHA1PRODKOFNOMENUBOARD','PERHA1PRODKOFNOMENUBOARD',1277,NULL,1278,1,NULL,NULL,NULL,NULL,NULL,NULL,'Y',NULL,0,NULL),(318,314,NULL,'PERHAATIVACAOINTERNACSDOUNCB','kpi_rule_survey_question',NULL,'PERHAATIVACAOINTERNACSDOUNCB','PERHAATIVACAOINTERNACSDOUNCB',1280,NULL,1281,1,NULL,NULL,NULL,NULL,NULL,NULL,'Y',NULL,0,NULL),(319,315,NULL,'CERVEGELAOUBALDECERVEJAMARCAAMSTEL','kpi_rule_survey_question',NULL,'CERVEGELAOUBALDECERVEJAMARCAAMSTEL','CERVEGELAOUBALDECERVEJAMARCAAMSTEL',1283,NULL,1284,1,NULL,NULL,NULL,NULL,NULL,NULL,'Y',NULL,0,NULL),(320,316,NULL,'PERHAMATERIALDEPRECOPOSITIVO','kpi_rule_survey_question',NULL,'PERHAMATERIALDEPRECOPOSITIVO','PERHAMATERIALDEPRECOPOSITIVO',1286,NULL,1287,1,NULL,NULL,NULL,NULL,NULL,NULL,'Y',NULL,0,NULL),(321,317,NULL,'MATERIALCOMMARCACOCA-COLA(QUALQUERTAMANHO)','kpi_rule_survey_question',NULL,'MATERIALCOM MARCA COCA-COLA(QUALQUERTAMANHO)','MATERIALCOM MARCA COCA-COLA(QUALQUERTAMANHO)',1289,NULL,1290,1,NULL,NULL,NULL,NULL,NULL,NULL,'Y',NULL,0,NULL),(322,318,NULL,'PERHAMATERIALTEMPORARIO','kpi_rule_survey_question',NULL,'PERHAMATERIALTEMPORARIO','PERHAMATERIALTEMPORARIO',1292,NULL,1293,1,NULL,NULL,NULL,NULL,NULL,NULL,'Y',NULL,0,NULL),(323,319,NULL,'PERHAPRODUTOPRECIFICADO','kpi_rule_survey_question',NULL,'PERHAPRODUTOPRECIFICADO','PERHAPRODUTOPRECIFICADO',1295,NULL,1296,1,NULL,NULL,NULL,NULL,NULL,NULL,'Y',NULL,0,NULL),(324,320,NULL,'PERHAQUADROOUCARTAZDEKAIBAVAMSTEL','kpi_rule_survey_question',NULL,'PERHAQUADROOUCARTAZDEKAIBAVAMSTEL','PERHAQUADROOUCARTAZDEKAIBAVAMSTEL',1298,NULL,1299,1,NULL,NULL,NULL,NULL,NULL,NULL,'Y',NULL,0,NULL),(325,321,NULL,'PERHAQUADROOULUMINOSOHNK','kpi_rule_survey_question',NULL,'PERHAQUADROOULUMINOSOHNK','PERHAQUADROOULUMINOSOHNK',1301,NULL,1302,1,NULL,NULL,NULL,NULL,NULL,NULL,'Y',NULL,0,NULL),(326,322,NULL,'PERHAVENTBURNABASTEC','kpi_rule_survey_question',NULL,'PERHAVENTBURNABASTEC','PERHAVENTBURNABASTEC',1304,NULL,1305,1,NULL,NULL,NULL,NULL,NULL,NULL,'Y',NULL,0,NULL),(327,323,NULL,'PERMATPOPCERVEJA','kpi_rule_count',NULL,'PERMATPOPCERVEJA','PERMATPOPCERVEJA',1308,NULL,1309,1,NULL,NULL,NULL,NULL,NULL,NULL,'Y',NULL,0,NULL),(328,324,NULL,'ATIVINTERNACSDCONSFUTPRECIFICADOMIN80CM','kpi_rule_survey_question',NULL,'ATIVINTERNACSDCONSFUTPRECIFICADOMIN80CM','ATIVINTERNACSDCONSFUTPRECIFICADOMIN80CM',1311,NULL,1312,1,NULL,NULL,NULL,NULL,NULL,NULL,'Y',NULL,0,NULL),(329,334,NULL,'PERGDMCERVINVADPOROUTPROD','kpi_rule_count',NULL,'PERGDMCERVINVADPOROUTPROD','PERGDMCERVINVADPOROUTPROD',1324,NULL,1325,1,NULL,NULL,NULL,NULL,NULL,NULL,'Y',NULL,0,NULL),(330,333,NULL,'PERGDMCERVINVADPORCSDNCATKOF','kpi_rule_count',NULL,'PERGDMCERVINVADPORCSDNCATKOF','PERGDMCERVINVADPORCSDNCATKOF',1326,NULL,1327,1,NULL,NULL,NULL,NULL,NULL,NULL,'Y',NULL,0,NULL),(331,332,NULL,'PERGDMCERVINVADPELACONC?','kpi_rule_count',NULL,'PERGDMCERVINVADPELACONC?','PERGDMCERVINVADPELACONC?',1328,NULL,1329,1,NULL,NULL,NULL,NULL,NULL,NULL,'Y',NULL,0,NULL),(332,331,NULL,'PERGDMNCATINVADPOROUTPROD','kpi_rule_count',NULL,'PERGDMNCATINVADPOROUTPROD','PERGDMNCATINVADPOROUTPROD',1330,NULL,1331,1,NULL,NULL,NULL,NULL,NULL,NULL,'Y',NULL,0,NULL),(333,330,NULL,'PERGDMNCATINVADPELACONC','kpi_rule_count',NULL,'PERGDMNCATINVADPELACONC','PERGDMNCATINVADPELACONC',1332,NULL,1333,1,NULL,NULL,NULL,NULL,NULL,NULL,'Y',NULL,0,NULL),(334,329,NULL,'PERGDMCSDNCATINVADPORCERVKOF','kpi_rule_count',NULL,'PERGDMCSDNCATINVADPORCERVKOF','PERGDMCSDNCATINVADPORCERVKOF',1334,NULL,1335,1,NULL,NULL,NULL,NULL,NULL,NULL,'Y',NULL,0,NULL),(335,328,NULL,'PERGDMCSDINVADPOROUTPROD','kpi_rule_count',NULL,'PERGDMCSDINVADPOROUTPROD','PERGDMCSDINVADPOROUTPROD',1336,NULL,1337,1,NULL,NULL,NULL,NULL,NULL,NULL,'Y',NULL,0,NULL),(336,327,NULL,'PERGDMCSDINVADPELACONC ','kpi_rule_count',NULL,'PERGDMCSDINVADPELACONC ','PERGDMCSDINVADPELACONC ',1338,NULL,1339,1,NULL,NULL,NULL,NULL,NULL,NULL,'Y',NULL,0,NULL),(337,326,NULL,'INVGDMNCAT','kpi_rule_count',NULL,'INVGDMNCAT','INVGDMNCAT',1340,NULL,1341,1,NULL,NULL,NULL,NULL,NULL,NULL,'Y',NULL,0,NULL),(338,325,NULL,'INVGDMHNK','kpi_rule_count',NULL,'INVGDMHNK','INVGDMHNK',1342,NULL,1343,1,NULL,NULL,NULL,NULL,NULL,NULL,'Y',NULL,0,NULL),(339,335,NULL,'BLOCOGDMCSD50COLASCONSUMOIMEDIATODAABATECIMENTO','kpi_rule_survey_question',NULL,'BLOCOGDMCSD50COLASCONSUMOIMEDIATODAABATECIMENTO','BLOCOGDMCSD50COLASCONSUMOIMEDIATODAABATECIMENTO',1345,NULL,1346,1,NULL,NULL,NULL,NULL,NULL,NULL,'Y',NULL,0,NULL),(340,336,NULL,'BLOCOGDMCSD50COLASTOTALDOABASTECIMENTO','kpi_rule_survey_question',NULL,'BLOCOGDMCSD50COLASTOTALDOABASTECIMENTO','BLOCOGDMCSD50COLASTOTALDOABASTECIMENTO',1348,NULL,1349,1,NULL,NULL,NULL,NULL,NULL,NULL,'Y',NULL,0,NULL),(343,339,NULL,'ABSGDMCSDCNCAT','kpi_rule_survey_question',NULL,'ABSGDMCSDCNCAT','ABSGDMCSDCNCAT',1357,NULL,1358,1,NULL,NULL,NULL,NULL,NULL,NULL,'Y',NULL,0,NULL),(345,341,NULL,'ABSGDMHNKCHNK','kpi_rule_survey_question',NULL,'ABSGDMHNKCHNK','ABSGDMHNKCHNK',1363,NULL,1364,1,NULL,NULL,NULL,NULL,NULL,NULL,'Y',NULL,0,NULL),(346,342,NULL,'ABSGDMHNKCNCAT','kpi_rule_survey_question',NULL,'ABSGDMHNKCNCAT','ABSGDMHNKCNCAT',1366,NULL,1367,1,NULL,NULL,NULL,NULL,NULL,NULL,'Y',NULL,0,NULL),(347,343,NULL,'ABSGDMNCATCCSD','kpi_rule_survey_question',NULL,'ABSGDMNCATCCSD','ABSGDMNCATCCSD',1369,NULL,1370,1,NULL,NULL,NULL,NULL,NULL,NULL,'Y',NULL,0,NULL),(348,344,NULL,'ABSGDMNCATCHNK','kpi_rule_survey_question',NULL,'ABSGDMNCATCHNK','ABSGDMNCATCHNK',1372,NULL,1373,1,NULL,NULL,NULL,NULL,NULL,NULL,'Y',NULL,0,NULL),(349,345,NULL,'ABSGDMNCATCNCAT','kpi_rule_survey_question',NULL,'ABSGDMNCATCNCAT','ABSGDMNCATCNCAT',1375,NULL,1376,1,NULL,NULL,NULL,NULL,NULL,NULL,'Y',NULL,0,NULL),(350,346,NULL,'GDMKOFCSDNOCAIXANORMALCOM50%CSDINDIVIDUAL','kpi_rule_survey_question',NULL,'GDMKOFCSDNOCAIXANORMALCOM50%CSDINDIVIDUAL','GDMKOFCSDNOCAIXANORMALCOM50%CSDINDIVIDUAL',1378,NULL,1379,1,NULL,NULL,NULL,NULL,NULL,NULL,'Y',NULL,0,NULL),(351,347,NULL,'GDMKOFCSDNOCAIXARÁPIDO','kpi_rule_survey_question',NULL,'GDMKOFCSDNOCAIXARÁPIDO','GDMKOFCSDNOCAIXARÁPIDO',1381,NULL,1382,1,NULL,NULL,NULL,NULL,NULL,NULL,'Y',NULL,0,NULL),(352,348,NULL,'GDMKOFCSDNOCAIXARÁPIDOCOM50%CSDFUTURO','kpi_rule_survey_question',NULL,'GDMKOFCSDNOCAIXARÁPIDOCOM50%CSDFUTURO','GDMKOFCSDNOCAIXARÁPIDOCOM50%CSDFUTURO',1384,NULL,1385,1,NULL,NULL,NULL,NULL,NULL,NULL,'Y',NULL,0,NULL),(353,349,NULL,'INVGDMCSD','kpi_rule_count',NULL,'INVGDMCSD','INVGDMCSD',1387,NULL,1388,1,NULL,NULL,NULL,NULL,NULL,NULL,'Y',NULL,0,NULL),(354,350,NULL,'PERGDM50VISIVEL','kpi_rule_survey_question',NULL,'PERGDM50VISIVEL','PERGDM50VISIVEL',1390,NULL,1391,1,NULL,NULL,NULL,NULL,NULL,NULL,'Y',NULL,0,NULL),(355,351,NULL,'PERGDMCSD1POS','kpi_rule_minimal_total_distribution',NULL,'PERGDMCSD1POS','PERGDMCSD1POS',1393,NULL,1394,1,NULL,NULL,NULL,NULL,NULL,NULL,'Y',NULL,0,NULL),(356,352,NULL,'PERGDMFEMSANOCKOUT','kpi_rule_minimal_total_distribution',NULL,'PERGDMFEMSANOCKOUT','PERGDMFEMSANOCKOUT',1397,NULL,1398,1,NULL,NULL,NULL,NULL,NULL,NULL,'Y',NULL,0,NULL),(357,353,NULL,'PERGDMFEMSANOCKOUTMIN80%CSD','kpi_rule_survey_question',NULL,'PERGDMFEMSANOCKOUTMIN80%CSD','PERGDMFEMSANOCKOUTMIN80%CSD',1400,NULL,1401,1,NULL,NULL,NULL,NULL,NULL,NULL,'Y',NULL,0,NULL),(358,354,NULL,'PERGDMKOFCSDNOCAIXANORMALMIN80%ABAST','kpi_rule_survey_question',NULL,'PERGDMKOFCSDNOCAIXANORMALMIN80%ABAST','PERGDMKOFCSDNOCAIXANORMALMIN80%ABAST',1404,NULL,1405,1,NULL,NULL,NULL,NULL,NULL,NULL,'Y',NULL,0,NULL),(359,355,NULL,'PERGDMKOFCSDNOCAIXARAPIDOMIN 80%ABAST','kpi_rule_survey_question',NULL,'PERGDMKOFCSDNOCAIXARAPIDOMIN 80%ABAST','PERGDMKOFCSDNOCAIXARAPIDOMIN 80%ABAST',1409,NULL,1410,1,NULL,NULL,NULL,NULL,NULL,NULL,'Y',NULL,0,NULL),(360,356,NULL,'PERGDMKOFEMPOS.DELIDERANÇA','kpi_rule_minimal_total_distribution',NULL,'PERGDMKOFEMPOS.DELIDERANÇA','PERGDMKOFEMPOS.DELIDERANÇA',1413,NULL,1414,1,NULL,NULL,NULL,NULL,NULL,NULL,'Y',NULL,0,NULL),(361,357,NULL,'PERGDMKOFMINIMO80%ABAST','kpi_rule_survey_question',NULL,'PERGDMKOFMINIMO80%ABAST','PERGDMKOFMINIMO80%ABAST',1417,NULL,1418,1,NULL,NULL,NULL,NULL,NULL,NULL,'Y',NULL,0,NULL),(362,358,NULL,'PERGDMNCB1POS','kpi_rule_minimal_total_distribution',NULL,'PERGDMNCB1POS','PERGDMNCB1POS',1420,NULL,1421,1,NULL,NULL,NULL,NULL,NULL,NULL,'Y',NULL,0,NULL),(363,359,NULL,'PERPORTAGDMCERVEJAFEMSA','kpi_rule_survey_question',NULL,'PERPORTAGDMCERVEJAFEMSA','PERPORTAGDMCERVEJAFEMSA',1423,NULL,1424,1,NULL,NULL,NULL,NULL,NULL,NULL,'Y',NULL,0,NULL),(364,360,NULL,'PERPORTAGDMCSDFEMSA','kpi_rule_survey_question',NULL,'PERPORTAGDMCSDFEMSA','PERPORTAGDMCSDFEMSA',1426,NULL,1427,1,NULL,NULL,NULL,NULL,NULL,NULL,'Y',NULL,0,NULL),(365,361,NULL,'PERPORTAGDMNCBFEMSA','kpi_rule_survey_question',NULL,'PERPORTAGDMNCBFEMSA','PERPORTAGDMNCBFEMSA',1429,NULL,1430,1,NULL,NULL,NULL,NULL,NULL,NULL,'Y',NULL,0,NULL),(366,362,NULL,'POSSUICAIXARÁPIDO','kpi_rule_survey_question',NULL,'POSSUICAIXARÁPIDO','POSSUICAIXARÁPIDO',1433,NULL,1434,1,NULL,NULL,NULL,NULL,NULL,NULL,'Y',NULL,0,NULL),(367,363,NULL,'QTD','kpi_rule_survey_question',NULL,'QTD','QTD',1436,NULL,1437,1,NULL,NULL,NULL,NULL,NULL,NULL,'Y',NULL,0,NULL),(368,364,NULL,'QTDGDMCSD','kpi_rule_count',NULL,'QTDGDMCSD','QTDGDMCSD',1440,NULL,1441,1,NULL,NULL,NULL,NULL,NULL,NULL,'Y',NULL,0,NULL),(369,365,NULL,'QTDGDMHNK','kpi_rule_count',NULL,'QTDGDMHNK','QTDGDMHNK',1443,NULL,1444,1,NULL,NULL,NULL,NULL,NULL,NULL,'Y',NULL,0,NULL),(370,366,NULL,'QTDGDMNCAT','kpi_rule_count',NULL,'QTDGDMNCAT','QTDGDMNCAT',1447,NULL,1448,1,NULL,NULL,NULL,NULL,NULL,NULL,'Y',NULL,0,NULL),(371,367,NULL,'PERCSDMPACKCKOUTS','kpi_rule_survey_question',NULL,'PERCSDMPACKCKOUTS','PERCSDMPACKCKOUTS',1450,NULL,1451,1,NULL,NULL,NULL,NULL,NULL,NULL,'Y',NULL,0,NULL),(372,368,NULL,'PEREQUIPPROXAOCAIXACSDNCAT','kpi_rule_minimal_total_distribution',NULL,'PEREQUIPPROXAOCAIXACSDNCAT','PEREQUIPPROXAOCAIXACSDNCAT',1454,NULL,1455,1,NULL,NULL,NULL,NULL,NULL,NULL,'Y',NULL,0,NULL),(373,369,NULL,'PEREQUIPPROXAOFOODSERVICECSDNCAT','kpi_rule_minimal_total_distribution',NULL,'PEREQUIPPROXAOFOODSERVICECSDNCAT','PEREQUIPPROXAOFOODSERVICECSDNCAT',1457,NULL,1458,1,'Y',NULL,NULL,NULL,NULL,NULL,'Y',NULL,0,NULL),(374,370,NULL,'PERHAMININO20FRENTESAGUACRYSTAL','kpi_rule_count',NULL,'PERHAMININO20FRENTESAGUACRYSTAL','PERHAMININO20FRENTESAGUACRYSTAL',1460,NULL,1461,1,NULL,NULL,NULL,NULL,NULL,NULL,'Y',NULL,0,NULL),(375,371,NULL,'PERHAPECSD20FRENTESPRECIF','kpi_rule_count',NULL,'PERHAPECSD20FRENTESPRECIF','PERHAPECSD20FRENTESPRECIF',1464,NULL,1465,1,NULL,NULL,NULL,NULL,NULL,NULL,'Y',NULL,0,NULL),(376,372,NULL,'PERHAPENCB20FRENTESPRECIF','kpi_rule_count',NULL,'PERHAPENCB20FRENTESPRECIF','PERHAPENCB20FRENTESPRECIF',1467,NULL,1468,1,NULL,NULL,NULL,NULL,NULL,NULL,'Y',NULL,0,NULL),(377,373,NULL,'PERHAPRESENÇADETUBAINANOPDV','kpi_rule_survey_question',NULL,'PERHAPRESENÇADETUBAINANOPDV','PERHAPRESENÇADETUBAINANOPDV',1470,NULL,1471,1,NULL,NULL,NULL,NULL,NULL,NULL,'Y',NULL,0,NULL),(378,375,NULL,'PERPECERVEJA','kpi_rule_minimal_total_distribution',NULL,'PERPECERVEJA','PERPECERVEJA',1474,NULL,1475,1,NULL,NULL,NULL,NULL,NULL,NULL,'Y',NULL,0,NULL),(380,379,NULL,'PERPECSDCONSFUTOUMPACKCONSIMEDACOUATIV40FRENTES','kpi_rule_count',NULL,'PERPECSDCONSFUTOUMPACKCONSIMEDACOUATIV40FRENTES','PERPECSDCONSFUTOUMPACKCONSIMEDACOUATIV40FRENTES',1482,NULL,1483,1,NULL,NULL,NULL,NULL,NULL,NULL,'Y',NULL,0,NULL),(381,379,NULL,'PERPECSDCONSFUTOUMPACKCONSIMEDACOUATIV40FRENTES2','kpi_rule_count',NULL,'PERPECSDCONSFUTOUMPACKCONSIMEDACOUATIV40FRENTES2','PERPECSDCONSFUTOUMPACKCONSIMEDACOUATIV40FRENTES2',1484,NULL,1485,2,NULL,NULL,NULL,NULL,NULL,NULL,'Y',NULL,0,NULL),(382,380,NULL,'PECSDCONSFUTOUMPACKQQTAMANHOACOUGUE(EQUIPKOF50)','kpi_rule_survey_question',NULL,'PECSDCONSFUTOUMPACKQQTAMANHOACOUGUE(EQUIPKOF50)','PECSDCONSFUTOUMPACKQQTAMANHOACOUGUE(EQUIPKOF50)',1487,NULL,1488,1,NULL,NULL,NULL,NULL,NULL,NULL,'Y',NULL,0,NULL),(383,381,NULL,'PERPECSDCONSFUTOUMPACKCONSIMEDACOU(GDMKOF80%)','kpi_rule_survey_question',NULL,'PERPECSDCONSFUTOUMPACKCONSIMEDACOU(GDMKOF80%)','PERPECSDCONSFUTOUMPACKCONSIMEDACOU(GDMKOF80%)',1490,NULL,1491,1,NULL,NULL,NULL,NULL,NULL,NULL,'Y',NULL,0,NULL),(384,383,NULL,'PGSECBEBIDASCSDCONSFUTUROECONSIMEDEQUIPKOF50(MINIMO50CONSIMEDIATO)','kpi_rule_survey_question',NULL,'PGSECBEBIDASCSDCONSFUTUROECONSIMEDEQUIPKOF50(MINIMO50CONSIMEDIATO)','PGSECBEBIDASCSDCONSFUTUROECONSIMEDEQUIPKOF50(MINIMO50CONSIMEDIATO)',1494,NULL,1495,1,NULL,NULL,NULL,NULL,NULL,NULL,'Y',NULL,0,NULL),(385,384,NULL,'PGSECBEBIDASCSDCONSFUTUROECONSIMEDGDMKOF80(MINIMO50CONSIMEDIATO)','kpi_rule_survey_question',NULL,'PGSECBEBIDASCSDCONSFUTUROECONSIMEDGDMKOF80(MINIMO50CONSIMEDIATO)','PGSECBEBIDASCSDCONSFUTUROECONSIMEDGDMKOF80(MINIMO50CONSIMEDIATO)',1497,NULL,1498,1,NULL,NULL,NULL,NULL,NULL,NULL,'Y',NULL,0,NULL),(386,385,NULL,'PECSDEKAPOCORREDORSEÇÃODEBISC(ATIVAÇÃOCSDIMEDIATO30FRENTES+KAPO30FRENTES)','kpi_rule_count',NULL,'PECSDEKAPOCORREDORSEÇÃODEBISC(ATIVAÇÃOCSDIMEDIATO30FRENTES+KAPO30FRENTES)','PECSDEKAPOCORREDORSEÇÃODEBISC(ATIVAÇÃOCSDIMEDIATO30FRENTES+KAPO30FRENTES)',1500,NULL,1501,1,NULL,NULL,NULL,NULL,NULL,NULL,'Y',NULL,0,NULL),(387,385,NULL,'PERPECSDEKAPOSEÇÃODEBISC(CSD30FRENTES+KAPO30FRENTES)2','kpi_rule_count',NULL,'PERPECSDEKAPOSEÇÃODEBISC(CSD30FRENTES+KAPO30FRENTES)2','PERPECSDEKAPOSEÇÃODEBISC(CSD30FRENTES+KAPO30FRENTES)2',1502,NULL,1503,2,NULL,NULL,NULL,NULL,NULL,NULL,'Y',NULL,0,NULL),(389,387,NULL,'PERPECSDEKAPOSECBISCOITOSGDMKOF80%(50%DECSDE50%KAPO)','kpi_rule_survey_question',NULL,'PERPECSDEKAPOSECBISCOITOSGDMKOF80%(50%DECSDE50%KAPO)','PERPECSDEKAPOSECBISCOITOSGDMKOF80%(50%DECSDE50%KAPO)',1508,NULL,1509,1,NULL,NULL,NULL,NULL,NULL,NULL,'Y',NULL,0,NULL),(390,390,NULL,'PERPEMCATEGHORTEQUIPKOF50%(25%DECSDE25%NCB)','kpi_rule_survey_question',NULL,'PERPEMCATEGHORTEQUIPKOF50%(25%DECSDE25%NCB)','PERPEMCATEGHORTEQUIPKOF50%(25%DECSDE25%NCB)',1513,NULL,1514,1,NULL,NULL,NULL,NULL,NULL,NULL,'Y',NULL,0,NULL),(391,391,NULL,'AOMENOS20FRENTESCSDQUALQUERTAMANHOFEMSAE20FRENTESAGUAEOUSUCOQUALQUERTAMANHOFEMSA','kpi_rule_count',NULL,'AOMENOS20FRENTESCSDQUALQUERTAMANHOFEMSAE20FRENTESAGUAEOUSUCOQUALQUERTAMANHOFEMSA','AOMENOS20FRENTESCSDQUALQUERTAMANHOFEMSAE20FRENTESAGUAEOUSUCOQUALQUERTAMANHOFEMSA',1516,NULL,1517,1,NULL,NULL,NULL,NULL,NULL,NULL,'Y',NULL,0,NULL),(392,391,NULL,'AOMENOS20FRENTESCSDQUALQUERTAMANHOFEMSAE20FRENTESAGUAEOUSUCOQUALQUERTAMANHOFEMSA2','kpi_rule_count',NULL,'AOMENOS20FRENTESCSDQUALQUERTAMANHOFEMSAE20FRENTESAGUAEOUSUCOQUALQUERTAMANHOFEMSA2','AOMENOS20FRENTESCSDQUALQUERTAMANHOFEMSAE20FRENTESAGUAEOUSUCOQUALQUERTAMANHOFEMSA2',1518,NULL,1519,2,NULL,NULL,NULL,NULL,NULL,NULL,'Y',NULL,0,NULL),(393,392,NULL,'PEMCATEGQQTAMANHOHORTIFRUTIGDMKOF80(40DECSDE40NCB)','kpi_rule_survey_question',NULL,'PEMCATEGQQTAMANHOHORTIFRUTIGDMKOF80(40DECSDE40NCB)','PEMCATEGQQTAMANHOHORTIFRUTIGDMKOF80(40DECSDE40NCB)',1521,NULL,1522,1,NULL,NULL,NULL,NULL,NULL,NULL,'Y',NULL,0,NULL),(394,393,NULL,'PEMCATEGQQTAMANHOPADARIAEQUIPKOF70(25DECSDE25NCB)','kpi_rule_survey_question',NULL,'PEMCATEGQQTAMANHOPADARIAEQUIPKOF70(25DECSDE25NCB)','PEMCATEGQQTAMANHOPADARIAEQUIPKOF70(25DECSDE25NCB)',1524,NULL,1525,1,NULL,NULL,NULL,NULL,NULL,NULL,'Y',NULL,0,NULL),(395,394,NULL,'PEMCATEGQQTAMANHOPADARIA(ATIVACAO20FRENTESCSD20FRENTESAGUAEOUSUCO)','kpi_rule_count',NULL,'PEMCATEGQQTAMANHOPADARIA(ATIVACAO20FRENTESCSD20FRENTESAGUAEOUSUCO)','PEMCATEGQQTAMANHOPADARIA(ATIVACAO20FRENTESCSD20FRENTESAGUAEOUSUCO)',1527,NULL,1528,1,NULL,NULL,NULL,NULL,NULL,NULL,'Y',NULL,0,NULL),(396,394,NULL,'PEMCATEGQQTAMANHOPADARIA(ATIVACAO20FRENTESCSD20FRENTESAGUAEOUSUCO)2','kpi_rule_count',NULL,'PEMCATEGQQTAMANHOPADARIA(ATIVACAO20FRENTESCSD20FRENTESAGUAEOUSUCO)2','PEMCATEGQQTAMANHOPADARIA(ATIVACAO20FRENTESCSD20FRENTESAGUAEOUSUCO)2',1529,NULL,1530,2,NULL,NULL,NULL,NULL,NULL,NULL,'Y',NULL,0,NULL),(397,395,NULL,'PERPEMCATEGPADGDMKOF80%(40%DECSDE40%NCB)','kpi_rule_survey_question',NULL,'PERPEMCATEGPADGDMKOF80%(40%DECSDE40%NCB)','PERPEMCATEGPADGDMKOF80%(40%DECSDE40%NCB)',1532,NULL,1533,1,NULL,NULL,NULL,NULL,NULL,NULL,'Y',NULL,0,NULL),(398,396,NULL,'CERVEJAMPACKFECHADOGÔNDOLA','kpi_rule_count',NULL,'CERVEJAMPACKFECHADOGÔNDOLA','CERVEJAMPACKFECHADOGÔNDOLA',1535,NULL,1536,1,NULL,NULL,NULL,NULL,NULL,NULL,'Y',NULL,0,NULL),(399,397,NULL,'PERPEMPACKNCBSB','kpi_rule_survey_question',NULL,'PERPEMPACKNCBSB','PERPEMPACKNCBSB',1538,NULL,1539,1,NULL,NULL,NULL,NULL,NULL,NULL,'Y',NULL,0,NULL),(400,398,NULL,'PERPEMPACKSABORESSB','kpi_rule_survey_question',NULL,'PERPEMPACKSABORESSB','PERPEMPACKSABORESSB',1541,NULL,1542,1,NULL,NULL,NULL,NULL,NULL,NULL,'Y',NULL,0,NULL),(401,399,NULL,'PERPENCATMPACKFORASB','kpi_rule_survey_question',NULL,'PERPENCATMPACKFORASB','PERPENCATMPACKFORASB',1544,NULL,1545,1,NULL,NULL,NULL,NULL,NULL,NULL,'Y',NULL,0,NULL),(402,400,NULL,'RACKCSDRETORNAVELCONSFUTURO50ABAST','kpi_rule_survey_question',NULL,'RACKCSDRETORNAVELCONSFUTURO50ABAST','RACKCSDRETORNAVELCONSFUTURO50ABAST',1547,NULL,1548,1,NULL,NULL,NULL,NULL,NULL,NULL,'Y',NULL,0,NULL),(403,401,NULL,'PESUCOS(ATIVAÇÃO20FRENTES)','kpi_rule_count',NULL,'PESUCOS(ATIVAÇÃO20FRENTES)','PESUCOS(ATIVAÇÃO20FRENTES)',1550,NULL,1551,1,NULL,NULL,NULL,NULL,NULL,NULL,'Y',NULL,0,NULL),(405,403,NULL,'PERPESUCOSGDMKOF80%','kpi_rule_survey_question',NULL,'PERPESUCOSGDMKOF80%','PERPESUCOSGDMKOF80%',1556,NULL,1557,1,NULL,NULL,NULL,NULL,NULL,NULL,'Y',NULL,0,NULL),(406,404,NULL,'PERPGMPACKNCBSB','kpi_rule_survey_question',NULL,'PERPGMPACKNCBSB','PERPGMPACKNCBSB',1559,NULL,1560,1,NULL,NULL,NULL,NULL,NULL,NULL,'Y',NULL,0,NULL),(407,405,NULL,'PERPGMPACKSABORESSB','kpi_rule_survey_question',NULL,'PERPGMPACKSABORESSB','PERPGMPACKSABORESSB',1562,NULL,1563,1,NULL,NULL,NULL,NULL,NULL,NULL,'Y',NULL,0,NULL),(408,406,NULL,'PERPECERVACOU','kpi_rule_survey_question',NULL,'PERPECERVACOU','PERPECERVACOU',1565,NULL,1566,1,NULL,NULL,NULL,NULL,NULL,NULL,'Y',NULL,0,NULL),(409,407,NULL,'POSSPGSBNAOALCOOLICOS','kpi_rule_survey_question',NULL,'POSSPGSBNAOALCOOLICOS','POSSPGSBNAOALCOOLICOS',1569,NULL,1570,1,NULL,NULL,NULL,NULL,NULL,NULL,'Y',NULL,0,NULL),(410,334,NULL,'PERGDMCERVINVADPOROUTPROD2','kpi_rule_count',NULL,'PERGDMCERVINVADPOROUTPROD2','PERGDMCERVINVADPOROUTPROD2',1573,NULL,1574,2,NULL,NULL,NULL,NULL,NULL,NULL,'Y',NULL,0,NULL),(411,331,NULL,'PERGDMNCATINVADPOROUTPROD2','kpi_rule_count',NULL,'PERGDMNCATINVADPOROUTPROD2','PERGDMNCATINVADPOROUTPROD2',1575,NULL,1576,2,NULL,NULL,NULL,NULL,NULL,NULL,'Y',NULL,0,NULL),(412,325,NULL,'INVGDMHNK2','kpi_rule_count',NULL,'INVGDMHNK2','INVGDMHNK2',1577,NULL,1578,2,NULL,NULL,NULL,NULL,NULL,NULL,'Y',NULL,0,NULL),(413,325,NULL,'INVGDMHNK3','kpi_rule_count',NULL,'INVGDMHNK3','INVGDMHNK3',1579,NULL,1580,3,NULL,NULL,NULL,NULL,NULL,NULL,'Y',NULL,0,NULL),(414,326,NULL,'INVGDMNCAT2','kpi_rule_count',NULL,'INVGDMNCAT2','INVGDMNCAT2',1581,NULL,1582,2,NULL,NULL,NULL,NULL,NULL,NULL,'Y',NULL,0,NULL),(415,326,NULL,'INVGDMNCAT3','kpi_rule_count',NULL,'INVGDMNCAT3','INVGDMNCAT3',1583,NULL,1584,3,NULL,NULL,NULL,NULL,NULL,NULL,'Y',NULL,0,NULL),(416,349,NULL,'INVGDMCSD2','kpi_rule_count',NULL,'INVGDMCSD2','INVGDMCSD2',1585,NULL,1586,2,NULL,NULL,NULL,NULL,NULL,NULL,'Y',NULL,0,NULL),(417,349,NULL,'INVGDMCSD3','kpi_rule_count',NULL,'INVGDMCSD3','INVGDMCSD3',1587,NULL,1588,3,NULL,NULL,NULL,NULL,NULL,NULL,'Y',NULL,0,NULL),(418,328,NULL,'PERGDMCSDINVADPOROUTPROD2','kpi_rule_count',NULL,'PERGDMCSDINVADPOROUTPROD2','PERGDMCSDINVADPOROUTPROD2',1589,NULL,1590,2,NULL,NULL,NULL,NULL,NULL,NULL,'Y',NULL,0,NULL),(419,382,NULL,'PGSECBEBIDASCSDCONSFUTUROECONSIMED-40FRENTES(20FUTUROE20IMEDIATO)','kpi_rule_count',NULL,'PGSECBEBIDASCSDCONSFUTUROECONSIMED-40FRENTES(20FUTUROE20IMEDIATO)','PGSECBEBIDASCSDCONSFUTUROECONSIMED-40FRENTES(20FUTUROE20IMEDIATO)',1591,NULL,1592,1,NULL,NULL,NULL,NULL,NULL,NULL,'Y',NULL,0,NULL),(420,382,NULL,'PGSECBEBIDASCSDCONSFUTUROECONSIMED-40FRENTES(20FUTUROE20IMEDIATO)2','kpi_rule_count',NULL,'PGSECBEBIDASCSDCONSFUTUROECONSIMED-40FRENTES(20FUTUROE20IMEDIATO)2','PGSECBEBIDASCSDCONSFUTUROECONSIMED-40FRENTES(20FUTUROE20IMEDIATO)2',1593,NULL,1594,2,NULL,NULL,NULL,NULL,NULL,NULL,'Y',NULL,0,NULL),(421,408,NULL,'PERHAMATERIALDASOLIMPIADAS','kpi_rule_survey_question',NULL,'PERHAMATERIALDASOLIMPIADAS','PERHAMATERIALDASOLIMPIADAS',1597,NULL,1598,1,NULL,NULL,NULL,NULL,NULL,NULL,'Y',NULL,0,NULL),(422,409,NULL,'PERHAALGUMAGDMKOFINVADIDA','kpi_rule_survey_question',NULL,'PERHAALGUMAGDMKOFINVADIDA','PERHAALGUMAGDMKOFINVADIDA',1600,NULL,1601,1,NULL,NULL,NULL,NULL,NULL,NULL,'Y',NULL,0,NULL),(423,410,NULL,'PERFOIPOSSIVELREALIZARAPESQUISA','kpi_rule_survey_question',NULL,'PERFOIPOSSIVELREALIZARAPESQUISA','PERFOIPOSSIVELREALIZARAPESQUISA',1604,NULL,1605,1,NULL,NULL,NULL,NULL,NULL,NULL,'Y',NULL,0,NULL),(424,411,NULL,'PERMOTIVOQUEIMPEDIUREALIZARVISITA','kpi_rule_survey_question',NULL,'PERMOTIVOQUEIMPEDIUREALIZARVISITA','PERMOTIVOQUEIMPEDIUREALIZARVISITA',1607,NULL,1608,1,NULL,NULL,NULL,NULL,NULL,NULL,'Y',NULL,0,NULL),(425,412,NULL,'PERPEMPACKCSD','kpi_rule_survey_question',NULL,'PERPEMPACKCSD','PERPEMPACKCSD',1611,NULL,1612,1,NULL,NULL,NULL,NULL,NULL,NULL,'Y',NULL,0,NULL),(426,413,NULL,'PERPEMPACKNCB','kpi_rule_survey_question',NULL,'PERPEMPACKNCB','PERPEMPACKNCB',1614,NULL,1615,1,NULL,NULL,NULL,NULL,NULL,NULL,'Y',NULL,0,NULL),(427,414,NULL,'PERPEMPACKCERVGDM','kpi_rule_survey_question',NULL,'PERPEMPACKCERVGDM','PERPEMPACKCERVGDM',1618,NULL,1619,1,NULL,NULL,NULL,NULL,NULL,NULL,'Y',NULL,0,NULL),(428,415,NULL,'PERHANOMINIMO2MATERIAISPERMANENTES','kpi_rule_survey_question',NULL,'PERHANOMINIMO2MATERIAISPERMANENTES','PERHANOMINIMO2MATERIAISPERMANENTES',1623,NULL,1624,1,NULL,NULL,NULL,NULL,NULL,NULL,'Y',NULL,0,NULL),(429,416,NULL,'PERPECSDLT','kpi_rule_survey_question',NULL,'PERPECSDLT','PERPECSDLT',1627,NULL,1628,1,NULL,NULL,NULL,NULL,NULL,NULL,'Y',NULL,0,NULL),(430,417,NULL,'AD- PERRAZÃOSOCIAL','kpi_rule_survey_question',NULL,'PERRAZÃOSOCIAL','PERRAZÃOSOCIAL',1671,NULL,1672,1,NULL,NULL,NULL,NULL,NULL,NULL,'Y',NULL,0,NULL),(431,418,NULL,'AD- PERMATRICULA','kpi_rule_survey_question',NULL,'PERMATRICULA','PERMATRICULA',1674,NULL,1675,1,NULL,NULL,NULL,NULL,NULL,NULL,'Y',NULL,0,NULL),(432,419,NULL,'AD - PERENDEREÇO','kpi_rule_survey_question',NULL,'PERENDEREÇO','PERENDEREÇO',1677,NULL,1678,1,NULL,NULL,NULL,NULL,NULL,NULL,'Y',NULL,0,NULL),(433,420,NULL,'AD- PERCNPJ','kpi_rule_survey_question',NULL,'PERCNPJ','PERCNPJ',1680,NULL,1681,1,NULL,NULL,NULL,NULL,NULL,NULL,'Y',NULL,0,NULL),(434,421,NULL,'AD- PERBAIRRO','kpi_rule_survey_question',NULL,'PERBAIRRO','PERBAIRRO',1683,NULL,1684,1,NULL,NULL,NULL,NULL,NULL,NULL,'Y',NULL,0,NULL),(435,422,NULL,'AD- PERCIDADE','kpi_rule_survey_question',NULL,'PERCIDADE','PERCIDADE',1686,NULL,1687,1,NULL,NULL,NULL,NULL,NULL,NULL,'Y',NULL,0,NULL),(436,423,NULL,'AD- PERCEP','kpi_rule_survey_question',NULL,'PERCEP','PERCEP',1689,NULL,1690,1,NULL,NULL,NULL,NULL,NULL,NULL,'Y',NULL,0,NULL),(437,424,NULL,'AD - PERTELEFONE','kpi_rule_survey_question',NULL,'PERTELEFONE','PERTELEFONE',1692,NULL,1693,1,NULL,NULL,NULL,NULL,NULL,NULL,'Y',NULL,0,NULL),(438,425,NULL,'AD- PERDADOSDOENTREVISTA','kpi_rule_survey_question',NULL,'PERDADOSDOENTREVISTA','PERDADOSDOENTREVISTA',1695,NULL,1696,1,NULL,NULL,NULL,NULL,NULL,NULL,'Y',NULL,0,NULL),(439,426,NULL,'AD- PERTELEFONEDOCLIENTE','kpi_rule_survey_question',NULL,'PERTELEFONEDOCLIENTE','PERTELEFONEDOCLIENTE',1698,NULL,1699,1,NULL,NULL,NULL,NULL,NULL,NULL,'Y',NULL,0,NULL),(440,427,NULL,'AD- PERTIPODEESTABELECIMENTO','kpi_rule_survey_question',NULL,'PERTIPODEESTABELECIMENTO','PERTIPODEESTABELECIMENTO',1701,NULL,1702,1,NULL,NULL,NULL,NULL,NULL,NULL,'Y',NULL,0,NULL),(441,428,NULL,'AD- PERSENÃOQUISRESPONDERQUALOMOTIVO','kpi_rule_survey_question',NULL,'PERSENÃOQUISRESPONDERQUALOMOTIVO','PERSENÃOQUISRESPONDERQUALOMOTIVO',1704,NULL,1705,1,NULL,NULL,NULL,NULL,NULL,NULL,'Y',NULL,0,NULL),(442,429,NULL,'AD- PEROBSERVAÇÕESADICIONAIS','kpi_rule_survey_question',NULL,'PEROBSERVAÇÕESADICIONAIS','PEROBSERVAÇÕESADICIONAIS',1707,NULL,1708,1,NULL,NULL,NULL,NULL,NULL,NULL,'Y',NULL,0,NULL),(443,430,NULL,'AD- PER PDV possui CSD COLAS KOF','kpi_rule_survey_question',NULL,'PER PDV possui CSD COLAS KOF','PER PDV possui CSD COLAS KOF',1710,NULL,1711,1,NULL,NULL,NULL,NULL,NULL,NULL,'Y',NULL,0,NULL),(444,431,NULL,'AD- PER PDV possui CSD SABORES KOF','kpi_rule_survey_question',NULL,'PER PDV possui CSD SABORES KOF','PER PDV possui CSD SABORES KOF',1713,NULL,1714,1,NULL,NULL,NULL,NULL,NULL,NULL,'Y',NULL,0,NULL),(445,432,NULL,'AD- PER PDV possui NCB KOF','kpi_rule_survey_question',NULL,'PER PDV possui NCB KOF','PER PDV possui NCB KOF',1716,NULL,1717,1,NULL,NULL,NULL,NULL,NULL,NULL,'Y',NULL,0,NULL),(446,433,NULL,'AD- PER PDV possui CERVEJA KOF','kpi_rule_survey_question',NULL,'PER PDV possui CERVEJA KOF','PER PDV possui CERVEJA KOF',1719,NULL,1720,1,NULL,NULL,NULL,NULL,NULL,NULL,'Y',NULL,0,NULL),(447,434,NULL,'AD- PER PDV possui CSD COLAS de outros fabricantes','kpi_rule_survey_question',NULL,'PER PDV possui CSD COLAS de outros fabricantes','PER PDV possui CSD COLAS de outros fabricantes',1722,NULL,1723,1,NULL,NULL,NULL,NULL,NULL,NULL,'Y',NULL,0,NULL),(448,435,NULL,'AD- PER PDV possui CSD SABORES de outros fabricantes','kpi_rule_survey_question',NULL,'PER PDV possui CSD SABORES de outros fabricantes','PER PDV possui CSD SABORES de outros fabricantes',1725,NULL,1726,1,NULL,NULL,NULL,NULL,NULL,NULL,'Y',NULL,0,NULL),(449,436,NULL,'AD- PER PDV possui NCB de outros fabricantes','kpi_rule_survey_question',NULL,'PER PDV possui NCB de outros fabricantes','PER PDV possui NCB de outros fabricantes',1728,NULL,1729,1,NULL,NULL,NULL,NULL,NULL,NULL,'Y',NULL,0,NULL),(450,437,NULL,'AD- PER PDV possui CSD CERVEJA de outros fabricantes','kpi_rule_survey_question',NULL,'PER PDV possui CSD CERVEJA de outros fabricantes','PER PDV possui CSD CERVEJA de outros fabricantes',1731,NULL,1732,1,NULL,NULL,NULL,NULL,NULL,NULL,'Y',NULL,0,NULL),(451,438,NULL,'AD- PER Quantidade compras REFRIGERANTE COLAS KOF em caixa fisica semanal:','kpi_rule_survey_question',NULL,'PER Quantidade compras REFRIGERANTE COLAS KOF em caixa fisica semanal:','PER Quantidade compras REFRIGERANTE COLAS KOF em caixa fisica semanal:',1734,NULL,1735,1,NULL,NULL,NULL,NULL,NULL,NULL,'Y',NULL,0,NULL),(452,439,NULL,'AD- PER Quantidade compras REFRIGERANTE SABORES KOF em caixa fisica semanal:','kpi_rule_survey_question',NULL,'PER Quantidade compras REFRIGERANTE SABORES KOF em caixa fisica semanal:','PER Quantidade compras REFRIGERANTE SABORES KOF em caixa fisica semanal:',1737,NULL,1738,1,NULL,NULL,NULL,NULL,NULL,NULL,'Y',NULL,0,NULL),(453,440,NULL,'AD- PER Quantidade compras ÁGUA KOF em caixa fisica semanal:','kpi_rule_survey_question',NULL,'PER Quantidade compras ÁGUA KOF em caixa fisica semanal:','PER Quantidade compras ÁGUA KOF em caixa fisica semanal:',1740,NULL,1741,1,NULL,NULL,NULL,NULL,NULL,NULL,'Y',NULL,0,NULL),(454,441,NULL,'AD- PER Quantidade compras SUCOS KOF em caixa fisica semanal:','kpi_rule_survey_question',NULL,'PER Quantidade compras SUCOS KOF em caixa fisica semanal:','PER Quantidade compras SUCOS KOF em caixa fisica semanal:',1743,NULL,1744,1,NULL,NULL,NULL,NULL,NULL,NULL,'Y',NULL,0,NULL),(455,442,NULL,'AD- PER Quantidade compras REFRESCO KOF em caixa fisica semanal','kpi_rule_survey_question',NULL,'PER Quantidade compras REFRESCO KOF em caixa fisica semanal','PER Quantidade compras REFRESCO KOF em caixa fisica semanal',1746,NULL,1747,1,NULL,NULL,NULL,NULL,NULL,NULL,'Y',NULL,0,NULL),(456,443,NULL,'AD- PER Quantidade compras CERVEJA KOF em caixa fisica semanal','kpi_rule_survey_question',NULL,'PER Quantidade compras CERVEJA KOF em caixa fisica semanal','PER Quantidade compras CERVEJA KOF em caixa fisica semanal',1749,NULL,1750,1,NULL,NULL,NULL,NULL,NULL,NULL,'Y',NULL,0,NULL),(457,444,NULL,'AD- PER Quantidade compras OUTROS KOF em caixa fisica semanal','kpi_rule_survey_question',NULL,'PER Quantidade compras OUTROS KOF em caixa fisica semanal','PER Quantidade compras OUTROS KOF em caixa fisica semanal',1752,NULL,1753,1,NULL,NULL,NULL,NULL,NULL,NULL,'Y',NULL,0,NULL),(458,445,NULL,'AD- PER Quantidade compras REFRIGERANTE COLAS CONCORRENTE em caixa física semanal','kpi_rule_survey_question',NULL,'PER Quantidade compras REFRIGERANTE COLAS CONCORRENTE em caixa física semanal','PER Quantidade compras REFRIGERANTE COLAS CONCORRENTE em caixa física semanal',1755,NULL,1756,1,NULL,NULL,NULL,NULL,NULL,NULL,'Y',NULL,0,NULL),(459,446,NULL,'AD- PER Quantidade compras REFRIGERANTE SABORES CONCORRENTE em caixa física semanal','kpi_rule_survey_question',NULL,'PER Quantidade compras REFRIGERANTE SABORES CONCORRENTE em caixa física semanal','PER Quantidade compras REFRIGERANTE SABORES CONCORRENTE em caixa física semanal',1758,NULL,1759,1,NULL,NULL,NULL,NULL,NULL,NULL,'Y',NULL,0,NULL),(460,447,NULL,'AD- PER Quantidade compras ÁGUA CONCORRENTE em caixa física semanal','kpi_rule_survey_question',NULL,'PER Quantidade compras ÁGUA CONCORRENTE em caixa física semanal','PER Quantidade compras ÁGUA CONCORRENTE em caixa física semanal',1761,NULL,1762,1,NULL,NULL,NULL,NULL,NULL,NULL,'Y',NULL,0,NULL),(461,448,NULL,'AD- PER Quantidade compras SUCOS CONCORRENTE em caixa física semanal','kpi_rule_survey_question',NULL,'PER Quantidade compras SUCOS CONCORRENTE em caixa física semanal','PER Quantidade compras SUCOS CONCORRENTE em caixa física semanal',1764,NULL,1765,1,NULL,NULL,NULL,NULL,NULL,NULL,'Y',NULL,0,NULL),(462,449,NULL,'AD- PER Quantidade compras REFRESCO CONCORRENTE em caixa física semanal','kpi_rule_survey_question',NULL,'PER Quantidade compras REFRESCO CONCORRENTE em caixa física semanal','PER Quantidade compras REFRESCO CONCORRENTE em caixa física semanal',1767,NULL,1768,1,NULL,NULL,NULL,NULL,NULL,NULL,'Y',NULL,0,NULL),(463,450,NULL,'AD- PER Quantidade compras CERVEJA CONCORRENTE em caixa física semanal','kpi_rule_survey_question',NULL,'AD- PER Quantidade compras CERVEJA CONCORRENTE em caixa física semanal','AD- PER Quantidade compras CERVEJA CONCORRENTE em caixa física semanal',1770,NULL,1771,1,NULL,NULL,NULL,NULL,NULL,NULL,'Y',NULL,0,NULL),(464,451,NULL,'AD- PER Quantidade compras OUTROS CONCORRENTE em caixa física semanal','kpi_rule_survey_question',NULL,'PER Quantidade compras OUTROS CONCORRENTE em caixa física semanal','PER Quantidade compras OUTROS CONCORRENTE em caixa física semanal',1773,NULL,1774,1,NULL,NULL,NULL,NULL,NULL,NULL,'Y',NULL,0,NULL),(465,452,NULL,'AD- PER Com quem compra produtos Coca Cola','kpi_rule_survey_question',NULL,'PER Com quem compra produtos Coca Cola','PER Com quem compra produtos Coca Cola',1776,NULL,1777,1,NULL,NULL,NULL,NULL,NULL,NULL,'Y',NULL,0,NULL),(466,453,NULL,'AD- PER Com quem compra produtos Concorrentes','kpi_rule_survey_question',NULL,'PER Com quem compra produtos Concorrentes','PER Com quem compra produtos Concorrentes',1779,NULL,1780,1,NULL,NULL,NULL,NULL,NULL,NULL,'Y',NULL,0,NULL),(467,454,NULL,'AD- PER Tem interrese de ser atendido por um vendedor Coca Cola','kpi_rule_survey_question',NULL,'PER Tem interrese de ser atendido por um vendedor Coca Cola','PER Tem interrese de ser atendido por um vendedor Coca Cola',1782,NULL,1783,1,'Y',NULL,NULL,NULL,NULL,NULL,'Y',NULL,0,NULL),(468,455,NULL,'AD- PER Se compra em outros canais, quais são os motivadores dessa compra','kpi_rule_survey_question',NULL,'PER Se compra em outros canais, quais são os motivadores dessa compra','PER Se compra em outros canais, quais são os motivadores dessa compra',1785,NULL,1786,1,NULL,NULL,NULL,NULL,NULL,NULL,'Y',NULL,0,NULL),(469,456,NULL,'AD- PER Na sua percepção qual seria a classificação por GEC desse cliente','kpi_rule_survey_question',NULL,'PER Na sua percepção qual seria a classificação por GEC desse cliente','PER Na sua percepção qual seria a classificação por GEC desse cliente',1788,NULL,1789,1,NULL,NULL,NULL,NULL,NULL,NULL,'Y',NULL,0,NULL),(470,457,NULL,'AD- PER Identificou invasão de outras franquias','kpi_rule_survey_question',NULL,'PER Identificou invasão de outras franquias','PER Identificou invasão de outras franquias',1791,NULL,1792,1,NULL,NULL,NULL,NULL,NULL,NULL,'Y',NULL,0,NULL),(471,458,NULL,'PERHACOMUMPROMOÇÃOL6P5CCPET600ml','kpi_rule_survey_question',NULL,'PERHACOMUMPROMOÇÃOL6P5CCPET600ml','PERHACOMUMPROMOÇÃOL6P5CCPET600ml',1796,NULL,1797,1,NULL,NULL,NULL,NULL,NULL,NULL,'Y',NULL,0,NULL),(472,459,NULL,'PERHACOMUMDESCONTOCCPET2.5L','kpi_rule_survey_question',NULL,'PERHACOMUMDESCONTOCCPET2.5L','PERHACOMUMDESCONTOCCPET2.5L',1799,NULL,1800,1,NULL,NULL,NULL,NULL,NULL,NULL,'Y',NULL,0,NULL),(473,460,NULL,'PERHAALGUMAGDMKOF','kpi_rule_survey_question',NULL,'PERHAALGUMAGDMKOF','PERHAALGUMAGDMKOF',1805,NULL,1806,1,NULL,NULL,NULL,NULL,NULL,NULL,'Y',NULL,0,NULL),(474,461,NULL,'PERHAPEDECC2LPRECO5.99','kpi_rule_survey_question',NULL,'PERHAPEDECC2LPRECO5.99','PERHAPEDECC2LPRECO5.99',1808,NULL,1809,1,NULL,NULL,NULL,NULL,NULL,NULL,'Y',NULL,0,NULL),(475,462,NULL,'PERHAPEDESABORES2LPRECO4.99','kpi_rule_survey_question',NULL,'PERHAPEDESABORES2LPRECO4.99','PERHAPEDESABORES2LPRECO4.99',1811,NULL,1812,1,NULL,NULL,NULL,NULL,NULL,NULL,'Y',NULL,0,NULL),(476,463,NULL,'PERHACOMUMDESCONTOSABORESPET2L','kpi_rule_survey_question',NULL,'PERHACOMUMDESCONTOSABORESPET2L','PERHACOMUMDESCONTOSABORESPET2L',1815,NULL,1816,1,NULL,NULL,NULL,NULL,NULL,NULL,'Y',NULL,0,NULL),(477,464,NULL,'PERHACOMUMDESCONTOCCPET2LOU2.5L','kpi_rule_survey_question',NULL,'PERHACOMUMDESCONTOCCPET2LOU2.5L','PERHACOMUMDESCONTOCCPET2LOU2.5L',1820,NULL,1821,1,NULL,NULL,NULL,NULL,NULL,NULL,'Y',NULL,0,NULL),(478,465,NULL,'INE-Vende ao menos três produtos da lista','kpi_rule_survey_question',NULL,'INE-Vende ao menos três produtos da lista','INE-Vende ao menos três produtos da lista',1825,NULL,1826,1,NULL,NULL,NULL,NULL,NULL,NULL,'Y',NULL,0,NULL),(479,466,NULL,'INE-Qual o negócio principal da loja','kpi_rule_survey_question',NULL,'INE-Qual o negócio principal da loja','INE-Qual o negócio principal da loja',1828,NULL,1829,1,NULL,NULL,NULL,NULL,NULL,NULL,'Y',NULL,0,NULL),(481,467,NULL,'INE-A loja tem nome de padaria / panificadora / confeitaria','kpi_rule_survey_question',NULL,'INE-A loja tem nome de padaria / panificadora / confeitaria','INE-A loja tem nome de padaria / panificadora / confeitaria',1832,NULL,1833,1,NULL,NULL,NULL,NULL,NULL,NULL,'Y',NULL,0,NULL),(482,469,NULL,'INE-O consumidor escolhe os produtos diretamente no estabelecimento?','kpi_rule_survey_question',NULL,'INE-O consumidor escolhe os produtos diretamente no estabelecimento?','INE-O consumidor escolhe os produtos diretamente no estabelecimento?',1839,NULL,1840,1,NULL,NULL,NULL,NULL,NULL,NULL,'Y',NULL,0,NULL),(483,470,NULL,'INE-O Estabelecimento possui quantos checkouts?','kpi_rule_survey_question',NULL,'INE-O Estabelecimento possui quantos checkouts?','INE-O Estabelecimento possui quantos checkouts?',1842,NULL,1843,1,NULL,NULL,NULL,NULL,NULL,NULL,'Y',NULL,0,NULL),(484,471,NULL,'INE-Se o estabelecimento tem 1 cko, responder a pergunta','kpi_rule_survey_question',NULL,'INE-Se o estabelecimento tem 1 cko, responder a pergunta','INE-Se o estabelecimento tem 1 cko, responder a pergunta',1846,NULL,1847,1,NULL,NULL,NULL,NULL,NULL,NULL,'Y',NULL,0,NULL),(485,472,NULL,'O estabelecimento negocia produtos no atacado e varejo?','kpi_rule_survey_question',NULL,'O estabelecimento negocia produtos no atacado e varejo?','O estabelecimento negocia produtos no atacado e varejo?',1849,NULL,1850,1,NULL,NULL,NULL,NULL,NULL,NULL,'Y',NULL,0,NULL),(486,473,NULL,'INE-O estabelecimento atende através do balcão?','kpi_rule_survey_question',NULL,'INE-O estabelecimento atende através do balcão?','INE-O estabelecimento atende através do balcão?',1852,NULL,1853,1,NULL,NULL,NULL,NULL,NULL,NULL,'Y',NULL,0,NULL),(487,474,NULL,'INE-O estabelecimento possui no máximo 19 mesas?','kpi_rule_survey_question',NULL,'INE-O estabelecimento possui no máximo 19 mesas?','INE-O estabelecimento possui no máximo 19 mesas?',1855,NULL,1856,1,NULL,NULL,NULL,NULL,NULL,NULL,'Y',NULL,0,NULL),(488,475,NULL,'INE-Se possui no máximo 19 mesas responder','kpi_rule_survey_question',NULL,'INE-Se possui no máximo 19 mesas responder','INE-Se possui no máximo 19 mesas responder',1858,NULL,1859,1,NULL,NULL,NULL,NULL,NULL,NULL,'Y',NULL,0,NULL),(489,476,NULL,'INE-Se possui no máximo 19 mesas, vende ao menos três produtos da lista?','kpi_rule_survey_question',NULL,'INE-Se possui no máximo 19 mesas, vende ao menos três produtos da lista?','INE-Se possui no máximo 19 mesas, vende ao menos três produtos da lista?',1861,NULL,1862,1,NULL,NULL,NULL,NULL,NULL,NULL,'Y',NULL,0,NULL),(490,477,NULL,'INE-O Estabelecimento possui quantos checkouts?','kpi_rule_survey_question',NULL,'INE-O Estabelecimento possui quantos checkouts?','INE-O Estabelecimento possui quantos checkouts?',1864,NULL,1865,1,NULL,NULL,NULL,NULL,NULL,NULL,'Y',NULL,0,NULL),(491,478,NULL,'PERQUADROCERVEJAMARCAHEINEKEN','kpi_rule_survey_question',NULL,'PERQUADROCERVEJAMARCAHEINEKEN','PERQUADROCERVEJAMARCAHEINEKEN',1901,NULL,1902,1,NULL,NULL,NULL,NULL,NULL,NULL,'Y',NULL,0,NULL),(493,480,NULL,'ATIVINTERNACSDCONSFUTRETORPRECIFICADO(LIQUIDOVASILHAME)SUP80CM','kpi_rule_survey_question',NULL,'ATIVINTERNACSDCONSFUTRETORPRECIFICADO(LIQUIDOVASILHAME)SUP80CM','ATIVINTERNACSDCONSFUTRETORPRECIFICADO(LIQUIDOVASILHAME)SUP80CM',1907,NULL,1908,1,NULL,NULL,NULL,NULL,NULL,NULL,'Y',NULL,0,NULL),(494,481,NULL,'PERQUADROOULUMINOSOCERVEJAMARCASOLPREMIUM','kpi_rule_survey_question',NULL,'PERQUADROOULUMINOSOCERVEJAMARCASOLPREMIUM','PERQUADROOULUMINOSOCERVEJAMARCASOLPREMIUM',1910,NULL,1911,1,NULL,NULL,NULL,NULL,NULL,NULL,'Y',NULL,0,NULL),(495,482,NULL,'PERQUADROOULUMINOSOCERVEJAMARCAHEINEKEN','kpi_rule_survey_question',NULL,'PERQUADROOULUMINOSOCERVEJAMARCAHEINEKEN','PERQUADROOULUMINOSOCERVEJAMARCAHEINEKEN',1913,NULL,1914,1,NULL,NULL,NULL,NULL,NULL,NULL,'Y',NULL,0,NULL),(496,483,NULL,'PE PG OU ILHA CSD SABORES CONS IMED (EQUIP KOF 70%)','kpi_rule_survey_question',NULL,'PE PG OU ILHA CSD SABORES CONS IMED (EQUIP KOF 70%)','PE PG OU ILHA CSD SABORES CONS IMED (EQUIP KOF 70%)',1916,NULL,1917,1,NULL,NULL,NULL,NULL,NULL,NULL,'Y',NULL,0,NULL),(497,485,NULL,'PE PG OU ILHA CSD SABORES CONS IMED (GDM KOF 80%)','kpi_rule_survey_question',NULL,'PE PG OU ILHA CSD SABORES CONS IMED (GDM KOF 80%)','PE PG OU ILHA CSD SABORES CONS IMED (GDM KOF 80%)',1920,NULL,1921,1,NULL,NULL,NULL,NULL,NULL,NULL,'Y',NULL,0,NULL),(498,486,NULL,'PE PG OU ILHA SUCOS CONS IMED (EQUIP KOF 70%)','kpi_rule_survey_question',NULL,'PE PG OU ILHA SUCOS CONS IMED (EQUIP KOF 70%)','PE PG OU ILHA SUCOS CONS IMED (EQUIP KOF 70%)',1923,NULL,1924,1,NULL,NULL,NULL,NULL,NULL,NULL,'Y',NULL,0,NULL),(499,487,NULL,'PE PG OU ILHA SUCOS CONS IMED (GDM KOF 80%)','kpi_rule_survey_question',NULL,'PE PG OU ILHA SUCOS CONS IMED (GDM KOF 80%)','PE PG OU ILHA SUCOS CONS IMED (GDM KOF 80%)',1926,NULL,1927,1,NULL,NULL,NULL,NULL,NULL,NULL,'Y',NULL,0,NULL),(500,488,NULL,'PE CERVEJA KAISER OU BAVARIA OU AMSTEL OU SOL PREMIUM OU DESPERADOS (EQUIP KOF 70%)','kpi_rule_survey_question',NULL,'PE CERVEJA KAISER OU BAVARIA OU AMSTEL OU SOL PREMIUM OU DESPERADOS (EQUIP KOF 70%)','PE CERVEJA KAISER OU BAVARIA OU AMSTEL OU SOL PREMIUM OU DESPERADOS (EQUIP KOF 70%)',1929,NULL,1930,1,NULL,NULL,NULL,NULL,NULL,NULL,'Y',NULL,0,NULL),(501,489,NULL,'PE CERVEJA HEINEKEN  (EQUIP KOF 70%)','kpi_rule_survey_question',NULL,'PE CERVEJA HEINEKEN  (EQUIP KOF 70%)','PE CERVEJA HEINEKEN  (EQUIP KOF 70%)',1932,NULL,1933,1,NULL,NULL,NULL,NULL,NULL,NULL,'Y',NULL,0,NULL),(502,490,NULL,'PE CERVEJA KAISER OU BAVARIA OU AMSTEL OU SOL PREMIUM OU DESPERADOS (ATIVAÇÃO 10 FRENTES)','kpi_rule_count',NULL,'PE CERVEJA KAISER OU BAVARIA OU AMSTEL OU SOL PREMIUM OU DESPERADOS (ATIVAÇÃO 10 FRENTES)','PE CERVEJA KAISER OU BAVARIA OU AMSTEL OU SOL PREMIUM OU DESPERADOS (ATIVAÇÃO 10 FRENTES)',1935,NULL,1936,1,NULL,NULL,NULL,NULL,NULL,NULL,'Y',NULL,0,NULL),(503,491,NULL,'PE CSD QUALQUER TAMANHO (EQUIP KOF 70%)','kpi_rule_survey_question',NULL,'PE CSD QUALQUER TAMANHO (EQUIP KOF 70%)','PE CSD QUALQUER TAMANHO (EQUIP KOF 70%)',1938,NULL,1939,1,NULL,NULL,NULL,NULL,NULL,NULL,'Y',NULL,0,NULL),(504,492,NULL,'PE CSD QUALQUER TAMANHO (GDM KOF 80%)','kpi_rule_survey_question',NULL,'PE CSD QUALQUER TAMANHO (GDM KOF 80%)','PE CSD QUALQUER TAMANHO (GDM KOF 80%)',1942,NULL,1943,1,NULL,NULL,NULL,NULL,NULL,NULL,'Y',NULL,0,NULL),(505,493,NULL,'RACK RETORNÁVEL 50% ABS CONS FUTURO ESTÁ NA ENTRADA DA LOJA OU 1ª EXPO REGULAR','kpi_rule_survey_question',NULL,'RACK RETORNÁVEL 50% ABS CONS FUTURO ESTÁ NA ENTRADA DA LOJA OU 1ª EXPO REGULAR','RACK RETORNÁVEL 50% ABS CONS FUTURO ESTÁ NA ENTRADA DA LOJA OU 1ª EXPO REGULAR',1945,NULL,1946,1,NULL,NULL,NULL,NULL,NULL,NULL,'Y',NULL,0,NULL),(506,494,NULL,'PERACKCOMMINIMO50DAABAST','kpi_rule_survey_question',NULL,'PERACKCOMMINIMO50DAABAST','PERACKCOMMINIMO50DAABAST',1949,NULL,1950,1,NULL,NULL,NULL,NULL,NULL,NULL,'Y',NULL,0,NULL),(507,495,NULL,'ALIMENTOS DO COMBO CSD DISPONÍVEIS','kpi_rule_survey_question',NULL,'ALIMENTOS DO COMBO CSD DISPONÍVEIS','ALIMENTOS DO COMBO CSD DISPONÍVEIS',1952,NULL,1953,1,NULL,NULL,NULL,NULL,NULL,NULL,'Y',NULL,0,NULL),(508,496,NULL,'ALIMENTOS DO COMBO NCB DISPONÍVEIS','kpi_rule_survey_question',NULL,'ALIMENTOS DO COMBO NCB DISPONÍVEIS','ALIMENTOS DO COMBO NCB DISPONÍVEIS',1956,NULL,1957,1,NULL,NULL,NULL,NULL,NULL,NULL,'Y',NULL,0,NULL),(509,497,NULL,'HA GDM DESLIGADA ','kpi_rule_survey_question',NULL,'HA GDM DESLIGADA ','HA GDM DESLIGADA ',1959,NULL,1960,1,NULL,NULL,NULL,NULL,NULL,NULL,'Y',NULL,0,NULL),(510,498,NULL,'BLOCO GDM CERVEJA KOF','kpi_rule_survey_question',NULL,'BLOCO GDM CERVEJA KOF','BLOCO GDM CERVEJA KOF',1962,NULL,1963,1,NULL,NULL,NULL,NULL,NULL,NULL,'Y',NULL,0,NULL),(511,499,NULL,'BLOCO CERVEJA COM 50% MARCA HEINEKEN DO ABASTECIMENTO','kpi_rule_survey_question',NULL,'BLOCO CERVEJA COM 50% MARCA HEINEKEN DO ABASTECIMENTO','BLOCO CERVEJA COM 50% MARCA HEINEKEN DO ABASTECIMENTO',1965,NULL,1966,1,NULL,NULL,NULL,NULL,NULL,NULL,'Y',NULL,0,NULL),(512,500,NULL,'COLETOU ALGUM PREÇO ','kpi_rule_survey_question',NULL,'COLETOU ALGUM PREÇO ','COLETOU ALGUM PREÇO ',1968,NULL,1969,1,NULL,NULL,NULL,NULL,NULL,NULL,'Y',NULL,0,NULL),(513,501,NULL,'CERVEGELAOUBALDECERVEJAMARCASOLPREMIUM','kpi_rule_survey_question',NULL,'CERVEGELAOUBALDECERVEJAMARCASOLPREMIUM','CERVEGELAOUBALDECERVEJAMARCASOLPREMIUM',2001,NULL,2002,1,NULL,NULL,NULL,NULL,NULL,NULL,'Y',NULL,0,NULL),(514,502,NULL,'PEMCATEGQQTAMANHOPADARIA(ATIVACAO30FRENTESCSD+30FRENTESNCB)','kpi_rule_count',NULL,'PEMCATEGQQTAMANHOPADARIA(ATIVACAO30FRENTESCSD+30FRENTESNCB)','PEMCATEGQQTAMANHOPADARIA(ATIVACAO30FRENTESCSD+30FRENTESNCB)',2005,NULL,2006,1,NULL,NULL,NULL,NULL,NULL,NULL,'Y',NULL,0,NULL),(515,502,NULL,'PEMCATEGQQTAMANHOPADARIA(ATIVACAO30FRENTESCSD+30FRENTESNCB)2','kpi_rule_count',NULL,'PEMCATEGQQTAMANHOPADARIA(ATIVACAO30FRENTESCSD+30FRENTESNCB)2','PEMCATEGQQTAMANHOPADARIA(ATIVACAO30FRENTESCSD+30FRENTESNCB)2',2007,NULL,2008,2,NULL,NULL,NULL,NULL,NULL,NULL,'Y',NULL,0,NULL),(516,503,NULL,'ATIVAÇÃOINTERNACSDOUNCB','kpi_rule_minimal_total_distribution',NULL,'ATIVAÇÃOINTERNACSDOUNCB','ATIVAÇÃOINTERNACSDOUNCB',2010,NULL,2011,1,NULL,NULL,NULL,NULL,NULL,NULL,'Y',NULL,0,NULL),(517,504,NULL,'ATIVAÇÃOEXTERNACSDOUNCB','kpi_rule_minimal_total_distribution',NULL,'ATIVAÇÃOEXTERNACSDOUNCB','ATIVAÇÃOEXTERNACSDOUNCB',2013,NULL,2014,1,NULL,NULL,NULL,NULL,NULL,NULL,'Y',NULL,0,NULL),(518,505,NULL,'PEPGOUILHACSDSABORESCONSIMED(ATIVAÇÃO100FRENTES)','kpi_rule_count',NULL,'PEPGOUILHACSDSABORESCONSIMED(ATIVAÇÃO100FRENTES)','PEPGOUILHACSDSABORESCONSIMED(ATIVAÇÃO100FRENTES)',2016,NULL,2017,1,NULL,NULL,NULL,NULL,NULL,NULL,'Y',NULL,0,NULL),(519,506,NULL,'PEPGOUILHASUCOSCONSIMED(ATIVAÇÃO80FRENTES)','kpi_rule_count',NULL,'PEPGOUILHASUCOSCONSIMED(ATIVAÇÃO80FRENTES)','PEPGOUILHASUCOSCONSIMED(ATIVAÇÃO80FRENTES)',2019,NULL,2020,1,NULL,NULL,NULL,NULL,NULL,NULL,'Y',NULL,0,NULL),(520,507,NULL,'PECSDCONSFUTOUMPACKQQTAMANHOACOUGUE(ATIV30FRENTES)','kpi_rule_count',NULL,'PECSDCONSFUTOUMPACKQQTAMANHOACOUGUE(ATIV30FRENTES)','PECSDCONSFUTOUMPACKQQTAMANHOACOUGUE(ATIV30FRENTES)',2022,NULL,2023,1,NULL,NULL,NULL,NULL,NULL,NULL,'Y',NULL,0,NULL),(521,507,NULL,'PECSDCONSFUTOUMPACKQQTAMANHOACOUGUE(ATIV30FRENTES)2','kpi_rule_count',NULL,'PECSDCONSFUTOUMPACKQQTAMANHOACOUGUE(ATIV30FRENTES)2','PECSDCONSFUTOUMPACKQQTAMANHOACOUGUE(ATIV30FRENTES)2',2024,NULL,2025,2,NULL,NULL,NULL,NULL,NULL,NULL,'Y',NULL,0,NULL),(522,508,NULL,'PECSDEKAPOCORREDORSEÇÃODEBISC(ATIVAÇÃOCSDIMEDIATO20FRENTES+KAPO20FRENTES)','kpi_rule_count',NULL,'PECSDEKAPOCORREDORSEÇÃODEBISC(ATIVAÇÃOCSDIMEDIATO20FRENTES+KAPO20FRENTES)','PECSDEKAPOCORREDORSEÇÃODEBISC(ATIVAÇÃOCSDIMEDIATO20FRENTES+KAPO20FRENTES)',2028,NULL,2029,1,NULL,NULL,NULL,NULL,NULL,NULL,'Y',NULL,0,NULL),(523,508,NULL,'PECSDEKAPOCORREDORSEÇÃODEBISC(ATIVAÇÃOCSDIMEDIATO20FRENTES+KAPO20FRENTES)2','kpi_rule_count',NULL,'PECSDEKAPOCORREDORSEÇÃODEBISC(ATIVAÇÃOCSDIMEDIATO20FRENTES+KAPO20FRENTES)2','PECSDEKAPOCORREDORSEÇÃODEBISC(ATIVAÇÃOCSDIMEDIATO20FRENTES+KAPO20FRENTES)2',2030,NULL,2031,2,NULL,NULL,NULL,NULL,NULL,NULL,'Y',NULL,0,NULL),(524,509,NULL,'PECERVEVEJAHEINEKEN(ATIVAÇÃO10FRENTES)','kpi_rule_count',NULL,'PECERVEVEJAHEINEKEN(ATIVAÇÃO10FRENTES)','PECERVEVEJAHEINEKEN(ATIVAÇÃO10FRENTES)',2033,NULL,2034,1,NULL,NULL,NULL,NULL,NULL,NULL,'Y',NULL,0,NULL),(525,510,NULL,'PECSDQUALQUERTAMANHO(ATIVAÇÃO10FRENTES)','kpi_rule_count',NULL,'PECSDQUALQUERTAMANHO(ATIVAÇÃO10FRENTES)','PECSDQUALQUERTAMANHO(ATIVAÇÃO10FRENTES)',2036,NULL,2037,1,NULL,NULL,NULL,NULL,NULL,NULL,'Y',NULL,0,NULL),(526,511,NULL,'PE MCATEG QQ TAMANHO HORTFRUT (ATIVACAO 30 FRENTES CSD + 30 FRENTES AGUA/E OU SUCO)','kpi_rule_count',NULL,'PE MCATEG QQ TAMANHO HORTFRUT (ATIVACAO 30 FRENTES CSD + 30 FRENTES AGUA/E OU SUCO)','PE MCATEG QQ TAMANHO HORTFRUT (ATIVACAO 30 FRENTES CSD + 30 FRENTES AGUA/E OU SUCO)',2040,NULL,2041,1,NULL,NULL,NULL,NULL,NULL,NULL,'Y',NULL,0,NULL),(527,511,NULL,'PE MCATEG QQ TAMANHO HORTFRUT (ATIVACAO 30 FRENTES CSD + 30 FRENTES AGUA/E OU SUCO)2','kpi_rule_count',NULL,'PE MCATEG QQ TAMANHO HORTFRUT (ATIVACAO 30 FRENTES CSD + 30 FRENTES AGUA/E OU SUCO)2','PE MCATEG QQ TAMANHO HORTFRUT (ATIVACAO 30 FRENTES CSD + 30 FRENTES AGUA/E OU SUCO)2',2042,NULL,2043,2,NULL,NULL,NULL,NULL,NULL,NULL,'Y',NULL,0,NULL),(528,512,NULL,'PEFEMSACSD/NCB(ATIVAÇÃO8FRENTES)','kpi_rule_count',NULL,'PEFEMSACSD/NCB(ATIVAÇÃO8FRENTES)','PEFEMSACSD/NCB(ATIVAÇÃO8FRENTES)',2045,NULL,2046,1,NULL,NULL,NULL,NULL,NULL,NULL,'Y',NULL,0,NULL),(530,514,NULL,'3FRENTEKSGELADOGDMPRÓPRIO','kpi_rule_count',NULL,'3FRENTEKSGELADOGDMPRÓPRIO','3FRENTEKSGELADOGDMPRÓPRIO',2054,NULL,2055,1,NULL,NULL,NULL,NULL,NULL,NULL,'Y',NULL,0,NULL),(532,513,NULL,'3FRENTEKSGELADOGDMKOF(CSD/NCB/ENERG)','kpi_rule_count',NULL,'3FRENTEKSGELADOGDMKOF(CSD/NCB/ENERG)','3FRENTEKSGELADOGDMKOF(CSD/NCB/ENERG)',2059,NULL,2060,2,NULL,NULL,NULL,NULL,NULL,NULL,'Y',NULL,0,NULL),(533,515,NULL,'3FRENTEKSGELADOGDMCSDCHNK','kpi_rule_count',NULL,'3FRENTEKSGELADOGDMCSDCHNK','3FRENTEKSGELADOGDMCSDCHNK',2062,NULL,2064,1,NULL,NULL,NULL,NULL,NULL,NULL,'Y',NULL,0,NULL),(535,516,NULL,'3FRENTEKSGELADOGDMCSDCNCB','kpi_rule_count',NULL,'3FRENTEKSGELADOGDMCSDCNCB','3FRENTEKSGELADOGDMCSDCNCB',2068,NULL,2070,1,NULL,NULL,NULL,NULL,NULL,NULL,'Y',NULL,0,NULL),(536,516,NULL,'3FRENTEKSGELADOGDMCSDCNCB2','kpi_rule_count',NULL,'3FRENTEKSGELADOGDMCSDCNCB2','3FRENTEKSGELADOGDMCSDCNCB2',2071,NULL,2072,2,NULL,NULL,NULL,NULL,NULL,NULL,'Y',NULL,0,NULL),(537,517,NULL,'3FRENTEKSGELADONCBCCSD','kpi_rule_minimal_sos',NULL,'3FRENTEKSGELADONCBCCSD','3FRENTEKSGELADONCBCCSD',2075,2076,2077,1,NULL,NULL,NULL,NULL,NULL,NULL,'Y',NULL,0,NULL),(538,517,NULL,'3FRENTEKSGELADONCBCCSD2','kpi_rule_count',NULL,'3FRENTEKSGELADONCBCCSD2','3FRENTEKSGELADONCBCCSD2',2078,NULL,2079,2,NULL,NULL,NULL,NULL,NULL,NULL,'Y',NULL,0,NULL),(539,518,NULL,'3FRENTEKSGELADONCBCHNK','kpi_rule_minimal_sos',NULL,'3FRENTEKSGELADONCBCHNK','3FRENTEKSGELADONCBCHNK',2081,2082,2083,1,NULL,NULL,NULL,NULL,NULL,NULL,'Y',NULL,0,NULL),(540,518,NULL,'3FRENTEKSGELADONCBCHNK2','kpi_rule_count',NULL,'3FRENTEKSGELADONCBCHNK2','3FRENTEKSGELADONCBCHNK2',2084,NULL,2085,2,NULL,NULL,NULL,NULL,NULL,NULL,'Y',NULL,0,NULL),(541,519,NULL,'3FRENTEKSGELADONCBCNCB','kpi_rule_minimal_total_sos',NULL,'3FRENTEKSGELADONCBCNCB','3FRENTEKSGELADONCBCNCB',2088,2089,2090,1,NULL,NULL,NULL,NULL,NULL,NULL,'Y',NULL,0,NULL),(542,519,NULL,'3FRENTEKSGELADONCBCNCB2','kpi_rule_count',NULL,'3FRENTEKSGELADONCBCNCB2','3FRENTEKSGELADONCBCNCB2',2091,NULL,2092,2,NULL,NULL,NULL,NULL,NULL,NULL,'Y',NULL,0,NULL),(543,520,NULL,'PECERVEJA(EQUIPKOF70)','kpi_rule_survey_question',NULL,'PECERVEJA(EQUIPKOF70)','PECERVEJA(EQUIPKOF70)',2094,NULL,2095,1,NULL,NULL,NULL,NULL,NULL,NULL,'Y',NULL,0,NULL),(544,521,NULL,'PECERVEVEJA(ATIVAÇÃO10FRENTES)','kpi_rule_count',NULL,'PECERVEVEJA(ATIVAÇÃO10FRENTES)','PECERVEVEJA(ATIVAÇÃO10FRENTES)',2098,NULL,2099,1,NULL,NULL,NULL,NULL,NULL,NULL,'Y',NULL,0,NULL),(545,522,NULL,'PECSDCONSFUTOUMPACKQQTAMANHOACOUGUE(ATIV40FRENTES)','kpi_rule_count',NULL,'PECSDCONSFUTOUMPACKQQTAMANHOACOUGUE(ATIV40FRENTES)','PECSDCONSFUTOUMPACKQQTAMANHOACOUGUE(ATIV40FRENTES)',2107,NULL,2108,1,NULL,NULL,NULL,NULL,NULL,NULL,'Y',NULL,0,NULL),(546,522,NULL,'PECSDCONSFUTOUMPACKQQTAMANHOACOUGUE(ATIV40FRENTES)2','kpi_rule_count',NULL,'PECSDCONSFUTOUMPACKQQTAMANHOACOUGUE(ATIV40FRENTES)2','PECSDCONSFUTOUMPACKQQTAMANHOACOUGUE(ATIV40FRENTES)2',2109,NULL,2110,2,NULL,NULL,NULL,NULL,NULL,NULL,'Y',NULL,0,NULL),(547,523,NULL,'PEKOFCSD','kpi_rule_minimal_total_distribution',NULL,'PEKOFCSD','PEKOFCSD',2113,NULL,2114,1,NULL,NULL,NULL,NULL,NULL,NULL,'Y',NULL,0,NULL),(548,524,NULL,'PERQUADROCERVEJAMARCAKAISER','kpi_rule_survey_question',NULL,'PERQUADROCERVEJAMARCAKAISER','PERQUADROCERVEJAMARCAKAISER',2118,NULL,2119,1,NULL,NULL,NULL,NULL,NULL,NULL,'Y',NULL,0,NULL),(549,525,NULL,'PERQUADROCERVEJAMARCABAVARIA','kpi_rule_survey_question',NULL,'PERQUADROCERVEJAMARCABAVARIA','PERQUADROCERVEJAMARCABAVARIA',2121,NULL,2122,1,NULL,NULL,NULL,NULL,NULL,NULL,'Y',NULL,0,NULL),(550,526,NULL,'PERHAMATERIALCAMPANHALEVAESSA ','kpi_rule_survey_question',NULL,'PERHAMATERIALCAMPANHALEVAESSA ','PERHAMATERIALCAMPANHALEVAESSA ',2127,NULL,2128,1,NULL,NULL,NULL,NULL,NULL,NULL,'Y',NULL,0,NULL),(551,527,NULL,'PERHAVENTOSACOMMARCADEENERGETICOEMGDMKOF','kpi_rule_survey_question',NULL,'PERHAVENTOSACOMMARCADEENERGETICOEMGDMKOF','PERHAVENTOSACOMMARCADEENERGETICOEMGDMKOF',2130,NULL,2131,1,NULL,NULL,NULL,NULL,NULL,NULL,'Y',NULL,0,NULL),(552,528,NULL,'PERHAVENTOSASEMMARCADEENERGETICOEMGDMKOF','kpi_rule_survey_question',NULL,'PERHAVENTOSASEMMARCADEENERGETICOEMGDMKOF','PERHAVENTOSASEMMARCADEENERGETICOEMGDMKOF',2133,NULL,2134,1,NULL,NULL,NULL,NULL,NULL,NULL,'Y',NULL,0,NULL),(553,529,NULL,'ABSGDMKOFCSDOUNCB','kpi_rule_survey_question',NULL,'ABSGDMKOFCSDOUNCB','ABSGDMKOFCSDOUNCB',2173,NULL,2174,1,NULL,NULL,NULL,NULL,NULL,NULL,'Y',NULL,0,NULL),(554,530,NULL,'INVGDMKOFCSDOUNCB','kpi_rule_count',NULL,'INVGDMKOFCSDOUNCB','INVGDMKOFCSDOUNCB',2178,NULL,2179,1,NULL,NULL,NULL,NULL,NULL,NULL,'Y',NULL,0,NULL),(555,530,NULL,'INVGDMKOFCSDOUNCB2','kpi_rule_count',NULL,'INVGDMKOFCSDOUNCB2','INVGDMKOFCSDOUNCB2',2180,NULL,2181,2,NULL,NULL,NULL,NULL,NULL,NULL,'Y',NULL,0,NULL),(556,531,NULL,'ABSGDMKOF80CSDNCBENERG','kpi_rule_survey_question',NULL,'ABSGDMKOF80CSDNCBENERG','ABSGDMKOF80CSDNCBENERG',2183,NULL,2184,1,NULL,NULL,NULL,NULL,NULL,NULL,'Y',NULL,0,NULL),(557,532,NULL,'ABSGDMNCBKOF','kpi_rule_survey_question',NULL,'ABSGDMNCBKOF','ABSGDMNCBKOF',2186,NULL,2187,1,NULL,NULL,NULL,NULL,NULL,NULL,'Y',NULL,0,NULL),(558,533,NULL,'PORTAGDMCSDNOCKOUTFEMSA','kpi_rule_survey_question',NULL,'PORTAGDMCSDNOCKOUTFEMSA','PORTAGDMCSDNOCKOUTFEMSA',2190,NULL,2191,1,NULL,NULL,NULL,NULL,NULL,NULL,'Y',NULL,0,NULL),(559,534,NULL,'PORTAGDMNCBNOCKOUTFEMSA','kpi_rule_survey_question',NULL,'PORTAGDMNCBNOCKOUTFEMSA','PORTAGDMNCBNOCKOUTFEMSA',2193,NULL,2194,1,NULL,NULL,NULL,NULL,NULL,NULL,'Y',NULL,0,NULL),(562,537,NULL,'PESECMERCEARIASALGADACSDQQTAMANHOEQUIPKOF50','kpi_rule_count',NULL,'PESECMERCEARIASALGADACSDQQTAMANHOEQUIPKOF50','PESECMERCEARIASALGADACSDQQTAMANHOEQUIPKOF50',2204,NULL,2205,1,NULL,NULL,NULL,NULL,NULL,NULL,'Y',NULL,0,NULL),(570,545,NULL,'PEREFRESCOCONSFUTUROGDMKOF80ABAST(DVFRUTOUDVFRESH)','kpi_rule_survey_question',NULL,'PEREFRESCOCONSFUTUROGDMKOF80ABAST(DVFRUTOUDVFRESH)','PEREFRESCOCONSFUTUROGDMKOF80ABAST(DVFRUTOUDVFRESH)',2231,NULL,2232,1,NULL,NULL,NULL,NULL,NULL,NULL,'Y',NULL,0,NULL),(572,547,NULL,'PESEÇAODEBISCNCBATE300MLEQUIPKOF50(MENOSENERGEISOTONICO)','kpi_rule_survey_question',NULL,'PESEÇAODEBISCNCBATE300MLEQUIPKOF50(MENOSENERGEISOTONICO)','PESEÇAODEBISCNCBATE300MLEQUIPKOF50(MENOSENERGEISOTONICO)',2237,NULL,2238,1,NULL,NULL,NULL,NULL,NULL,NULL,'Y',NULL,0,NULL),(574,549,NULL,'PECONSIMEDIATO(CSD)','kpi_rule_survey_question',NULL,'PECONSIMEDIATO(CSD)','PECONSIMEDIATO(CSD)',2281,NULL,2282,1,NULL,NULL,NULL,NULL,NULL,NULL,'Y',NULL,0,NULL),(575,550,NULL,'HAMATERIALDECOMUNICACAODEPRECOPRECIFICADO','kpi_rule_survey_question',NULL,'HAMATERIALDECOMUNICACAODEPRECOPRECIFICADO','HAMATERIALDECOMUNICACAODEPRECOPRECIFICADO',2285,NULL,2286,1,NULL,NULL,NULL,NULL,NULL,NULL,'Y',NULL,0,NULL),(576,551,NULL,'GDMKOF80ABASTCONSFUTUROESTANAENTDALOJAOU1ªEXPOREGE5FRENTESDENCB','kpi_rule_survey_question',NULL,'GDMKOF80ABASTCONSFUTUROESTANAENTDALOJAOU1ªEXPOREGE5FRENTESDENCB','GDMKOF80ABASTCONSFUTUROESTANAENTDALOJAOU1ªEXPOREGE5FRENTESDENCB',2289,NULL,2290,1,NULL,NULL,NULL,NULL,NULL,NULL,'Y',NULL,0,NULL),(578,552,NULL,'GDMKOF80ABASTCONSFUTUROESTANAENTDALOJAOU1ªEXPOREGE5FRENTESDERETORN','kpi_rule_survey_question',NULL,'GDMKOF80ABASTCONSFUTUROESTANAENTDALOJAOU1ªEXPOREGE5FRENTESDERETORN','GDMKOF80ABASTCONSFUTUROESTANAENTDALOJAOU1ªEXPOREGE5FRENTESDERETORN',2294,NULL,2295,1,NULL,NULL,NULL,NULL,NULL,NULL,'Y',NULL,0,NULL),(579,542,NULL,'PESECBISCOITOMULTICATEGORIACSDENCBGDMKOF80(40NCBE40NCB)','kpi_rule_survey_question',NULL,'PESECBISCOITOMULTICATEGORIACSDENCBGDMKOF80(40NCBE40NCB)','PESECBISCOITOMULTICATEGORIACSDENCBGDMKOF80(40NCBE40NCB)',2296,NULL,2297,1,NULL,NULL,NULL,NULL,NULL,NULL,'Y',NULL,0,NULL),(581,541,NULL,'PESECBISCOITOMULTICATEGORIACSDENCBEQUIPKOF50(25CSDE25NCB)','kpi_rule_survey_question',NULL,'PESECBISCOITOMULTICATEGORIACSDENCBEQUIPKOF50(25CSDE25NCB)','PESECBISCOITOMULTICATEGORIACSDENCBEQUIPKOF50(25CSDE25NCB)',2300,NULL,2301,1,NULL,NULL,NULL,NULL,NULL,NULL,'Y',NULL,0,NULL),(582,540,NULL,'PESECCONGELADOSMULTICATEGORIACSDENCBGDMKOF80(40NCBE40NCB)','kpi_rule_survey_question',NULL,'PESECCONGELADOSMULTICATEGORIACSDENCBGDMKOF80(40NCBE40NCB)','PESECCONGELADOSMULTICATEGORIACSDENCBGDMKOF80(40NCBE40NCB)',2302,NULL,2303,1,NULL,NULL,NULL,NULL,NULL,NULL,'Y',NULL,0,NULL),(583,539,NULL,'PESECCONGELADOSMULTICATEGORIACSDENCBEQUIPKOF50(25CSDE25NCB)','kpi_rule_survey_question',NULL,'PESECCONGELADOSMULTICATEGORIACSDENCBEQUIPKOF50(25CSDE25NCB)','PESECCONGELADOSMULTICATEGORIACSDENCBEQUIPKOF50(25CSDE25NCB)',2304,NULL,2305,1,NULL,NULL,NULL,NULL,NULL,NULL,'Y',NULL,0,NULL),(584,538,NULL,'PESECMERCEARIASALGADACSDQQTAMANHOGDMKOF80','kpi_rule_survey_question',NULL,'PESECMERCEARIASALGADACSDQQTAMANHOGDMKOF80','PESECMERCEARIASALGADACSDQQTAMANHOGDMKOF80',2306,NULL,2307,1,NULL,NULL,NULL,NULL,NULL,NULL,'Y',NULL,0,NULL),(585,553,NULL,'PESECMERCEARIASALGADACSDQQTAMANHOEQUIPKOF50','kpi_rule_survey_question',NULL,'PESECMERCEARIASALGADACSDQQTAMANHOEQUIPKOF50','PESECMERCEARIASALGADACSDQQTAMANHOEQUIPKOF50',2309,NULL,2310,1,NULL,NULL,NULL,NULL,NULL,NULL,'Y',NULL,0,NULL),(586,536,NULL,'PESECBEBIDASNAOALCOOLICASMULTICATEGORIACSDENCBGDMKOF80(40NCBE40NCB)','kpi_rule_survey_question',NULL,'PESECBEBIDASNAOALCOOLICASMULTICATEGORIACSDENCBGDMKOF80(40NCBE40NCB)','PESECBEBIDASNAOALCOOLICASMULTICATEGORIACSDENCBGDMKOF80(40NCBE40NCB)',2311,NULL,2312,1,NULL,NULL,NULL,NULL,NULL,NULL,'Y',NULL,0,NULL),(587,535,NULL,'PESECBEBIDASNAOALCOOLICASMULTICATEGORIACSDENCBEQUIPKOF50(25CSDE25NCB)','kpi_rule_survey_question',NULL,'PESECBEBIDASNAOALCOOLICASMULTICATEGORIACSDENCBEQUIPKOF50(25CSDE25NCB)','PESECBEBIDASNAOALCOOLICASMULTICATEGORIACSDENCBEQUIPKOF50(25CSDE25NCB)',2313,NULL,2314,1,NULL,NULL,NULL,NULL,NULL,NULL,'Y',NULL,0,NULL),(588,546,NULL,'PESEÇAODEBISCNCBATE300MLGDMKOF80(MENOSENERGEISPTONICO)','kpi_rule_survey_question',NULL,'PESEÇAODEBISCNCBATE300MLGDMKOF80(MENOSENERGEISPTONICO)','PESEÇAODEBISCNCBATE300MLGDMKOF80(MENOSENERGEISPTONICO)',2315,NULL,2316,1,NULL,NULL,NULL,NULL,NULL,NULL,'Y',NULL,0,NULL),(589,544,NULL,'PERACKCOMMINIMO50ABAST(DVFRUTOUDVFRESH)','kpi_rule_survey_question',NULL,'PERACKCOMMINIMO50ABAST(DVFRUTOUDVFRESH)','PERACKCOMMINIMO50ABAST(DVFRUTOUDVFRESH)',2317,NULL,2318,1,NULL,NULL,NULL,NULL,NULL,NULL,'Y',NULL,0,NULL),(590,554,NULL,'INVGDMCSD','kpi_rule_count',NULL,'INVGDMCSD','INVGDMCSD',2321,NULL,2322,1,NULL,NULL,NULL,NULL,NULL,NULL,'Y',NULL,0,NULL),(591,554,NULL,'INVGDMCSD2','kpi_rule_count',NULL,'INVGDMCSD2','INVGDMCSD2',2323,NULL,2324,2,NULL,NULL,NULL,NULL,NULL,NULL,'Y',NULL,0,NULL),(592,554,NULL,'INVGDMCSD3','kpi_rule_count',NULL,'INVGDMCSD3','INVGDMCSD3',2325,NULL,2326,3,NULL,NULL,NULL,NULL,NULL,NULL,'Y',NULL,0,NULL),(593,276,NULL,'5FRENTESCSDCONSUMOFUTURORETORNÁVELGELADO','kpi_rule_count',NULL,'5FRENTESCSDCONSUMOFUTURORETORNÁVELGELADO','5FRENTESCSDCONSUMOFUTURORETORNÁVELGELADO',2327,NULL,2328,1,NULL,NULL,NULL,NULL,NULL,'0.01','Y',NULL,0,NULL),(595,555,NULL,'PESEÇAODEBISCNCBATE300ML(ATIVAÇAONCBMIN60FRENTES)','kpi_rule_count',NULL,'PESEÇAODEBISCNCBATE300ML(ATIVAÇAONCBMIN60FRENTES)','PESEÇAODEBISCNCBATE300ML(ATIVAÇAONCBMIN60FRENTES)',2334,NULL,2335,1,NULL,NULL,NULL,NULL,NULL,NULL,'Y',NULL,0,NULL),(596,556,NULL,'PECSDCONSFUTURORETORNMIN10FRENTESENTLOJA','kpi_rule_count',NULL,'PECSDCONSFUTURORETORNMIN10FRENTESENTLOJA','PECSDCONSFUTURORETORNMIN10FRENTESENTLOJA',2338,NULL,2339,1,NULL,NULL,NULL,NULL,NULL,NULL,'Y',NULL,0,NULL),(597,557,NULL,'PEREFRESCOCONSFUTURO(DVFRESHDVFRUT)(ATIVAÇAO20FRENTES)','kpi_rule_count',NULL,'PEREFRESCOCONSFUTURO(DVFRESHDVFRUT)(ATIVAÇAO20FRENTES)','PEREFRESCOCONSFUTURO(DVFRESHDVFRUT)(ATIVAÇAO20FRENTES)',2341,NULL,2342,1,NULL,NULL,NULL,NULL,NULL,NULL,'Y',NULL,0,NULL),(598,558,NULL,'PESEÇAODEBISCNCBATE300ML(ATIVAÇAONCBMIN40FRENTES)','kpi_rule_count',NULL,'PESEÇAODEBISCNCBATE300ML(ATIVAÇAONCBMIN40FRENTES)','PESEÇAODEBISCNCBATE300ML(ATIVAÇAONCBMIN40FRENTES)',2344,NULL,2345,1,NULL,NULL,NULL,NULL,NULL,NULL,'Y',NULL,0,NULL),(599,559,NULL,'PESECBEBIDASNAOALCOOLICASMULTICATEGORIACSDENCBQQTAMMIN50FRENTES(CSDEOUNCB)','kpi_rule_count',NULL,'PESECBEBIDASNAOALCOOLICASMULTICATEGORIACSDENCBQQTAMMIN50FRENTES(CSDEOUNCB)','PESECBEBIDASNAOALCOOLICASMULTICATEGORIACSDENCBQQTAMMIN50FRENTES(CSDEOUNCB)',2347,NULL,2348,1,NULL,NULL,NULL,NULL,NULL,NULL,'Y',NULL,0,NULL),(600,559,NULL,'PESECBEBIDASNAOALCOOLICASMULTICATEGORIACSDENCBQQTAMMIN50FRENTES(CSDEOUNCB)2','kpi_rule_count',NULL,'PESECBEBIDASNAOALCOOLICASMULTICATEGORIACSDENCBQQTAMMIN50FRENTES(CSDEOUNCB)2','PESECBEBIDASNAOALCOOLICASMULTICATEGORIACSDENCBQQTAMMIN50FRENTES(CSDEOUNCB)2',2349,NULL,2350,2,NULL,NULL,NULL,NULL,NULL,NULL,'Y',NULL,0,NULL),(601,560,NULL,'PERPESECMERCEARIASALGADACSDQQTAMANHO(MIN80FRENTES)','kpi_rule_count',NULL,'PERPESECMERCEARIASALGADACSDQQTAMANHO(MIN80FRENTES)','PERPESECMERCEARIASALGADACSDQQTAMANHO(MIN80FRENTES)',2352,NULL,2353,1,NULL,NULL,NULL,NULL,NULL,NULL,'Y',NULL,0,NULL),(602,561,NULL,'PESECCONGELADOSMULTICATEGORIACSDENCBQQTAMMIN30FRENTES(CSDENCB)','kpi_rule_count',NULL,'PESECCONGELADOSMULTICATEGORIACSDENCBQQTAMMIN30FRENTES(CSDENCB)','PESECCONGELADOSMULTICATEGORIACSDENCBQQTAMMIN30FRENTES(CSDENCB)',2355,NULL,2356,1,NULL,NULL,NULL,NULL,NULL,NULL,'Y',NULL,0,NULL),(603,562,NULL,'PESECBISCOITOMULTICATEGORIACSDENCBQQTAMMIN30FRENTES(CSDENCB)','kpi_rule_count',NULL,'PESECBISCOITOMULTICATEGORIACSDENCBQQTAMMIN30FRENTES(CSDENCB)','PESECBISCOITOMULTICATEGORIACSDENCBQQTAMMIN30FRENTES(CSDENCB)',2358,NULL,2359,1,NULL,NULL,NULL,NULL,NULL,NULL,'Y',NULL,0,NULL),(604,562,NULL,'PERPESECBISCOITOMULTICATEGORIACSDENCBQQTAMMIN30FRENTES(CSDENCB)2','kpi_rule_count',NULL,'PERPESECBISCOITOMULTICATEGORIACSDENCBQQTAMMIN30FRENTES(CSDENCB)2','PERPESECBISCOITOMULTICATEGORIACSDENCBQQTAMMIN30FRENTES(CSDENCB)2',2360,NULL,2361,2,NULL,NULL,NULL,NULL,NULL,NULL,'Y',NULL,0,NULL),(605,561,NULL,'PESECCONGELADOSMULTICATEGORIACSDENCBQQTAMMIN30FRENTES(CSDENCB)2','kpi_rule_count',NULL,'PESECCONGELADOSMULTICATEGORIACSDENCBQQTAMMIN30FRENTES(CSDENCB)2','PESECCONGELADOSMULTICATEGORIACSDENCBQQTAMMIN30FRENTES(CSDENCB)2',2362,NULL,2363,2,NULL,NULL,NULL,NULL,NULL,NULL,'Y',NULL,0,NULL),(606,563,NULL,'5FRENTESNCBEMGDMKOF','kpi_rule_count',NULL,'5FRENTESNCBEMGDMKOF','5FRENTESNCBEMGDMKOF',2365,NULL,2366,1,NULL,NULL,NULL,NULL,NULL,NULL,'Y',NULL,0,NULL),(607,564,NULL,'PEBURN','kpi_rule_count',NULL,'PEBURN','PEBURN',2368,NULL,2369,1,NULL,NULL,NULL,NULL,NULL,NULL,'Y',NULL,0,NULL),(608,565,NULL,'PERPECONSFUTUROCSDNCAT','kpi_rule_minimal_total_distribution',NULL,'PERPECONSFUTUROCSDNCAT','PERPECONSFUTUROCSDNCAT',2371,NULL,2372,1,NULL,NULL,NULL,NULL,NULL,NULL,'Y',NULL,0,NULL),(609,566,NULL,'PERPECONSIMEDIATOEXCETOBURNECERV','kpi_rule_minimal_total_distribution',NULL,'PERPECONSIMEDIATOEXCETOBURNECERV','PERPECONSIMEDIATOEXCETOBURNECERV',2374,NULL,2375,1,NULL,NULL,NULL,NULL,NULL,NULL,'Y',NULL,0,NULL),(610,567,NULL,'PERPECONSIMEDIATONCAT','kpi_rule_minimal_total_distribution',NULL,'PERPECONSIMEDIATONCAT','PERPECONSIMEDIATONCAT',2378,NULL,2379,1,NULL,NULL,NULL,NULL,NULL,NULL,'Y',NULL,0,NULL),(611,568,NULL,'PERPEKOFCSDNCAT','kpi_rule_minimal_total_distribution',NULL,'PERPEKOFCSDNCAT','PERPEKOFCSDNCAT',2381,NULL,2382,1,NULL,NULL,NULL,NULL,NULL,NULL,'Y',NULL,0,NULL),(612,569,NULL,'PERPEKOFEXCETOBURNECERV','kpi_rule_minimal_total_distribution',NULL,'PERPEKOFEXCETOBURNECERV','PERPEKOFEXCETOBURNECERV',2384,NULL,2385,1,NULL,NULL,NULL,NULL,NULL,NULL,'Y',NULL,0,NULL),(613,570,NULL,'PRODUTOS KOF CSD PRECIFICADOS','kpi_rule_survey_question',NULL,'PRODUTOS KOF CSD PRECIFICADOS','PRODUTOS KOF CSD PRECIFICADOS',2391,NULL,2392,1,NULL,NULL,NULL,NULL,NULL,'0.01','Y',NULL,0,NULL),(614,571,NULL,'PRODUTOS KOF NCB PRECIFICADOS','kpi_rule_survey_question',NULL,'PRODUTOS KOF NCB PRECIFICADOS','PRODUTOS KOF NCB PRECIFICADOS',2394,NULL,2395,1,NULL,NULL,NULL,NULL,NULL,NULL,'Y',NULL,0,NULL),(615,572,NULL,'GDM KOF CSD/NCB EM POSIÇÃO DE LIDERANÇA','kpi_rule_survey_question',NULL,'GDM KOF CSD/NCB EM POSIÇÃO DE LIDERANÇA','GDM KOF CSD/NCB EM POSIÇÃO DE LIDERANÇA',2397,NULL,2398,1,NULL,NULL,NULL,NULL,NULL,NULL,'Y',NULL,0,NULL),(616,573,NULL,'5FRENTESPRODUTOSKOFCSDNCBGDMCLIENTE','kpi_rule_count',NULL,'5FRENTESPRODUTOSKOFCSDNCBGDMCLIENTE','5FRENTESPRODUTOSKOFCSDNCBGDMCLIENTE',2400,NULL,2401,1,NULL,NULL,NULL,NULL,NULL,NULL,'Y',NULL,0,NULL),(617,574,NULL,'PECSDKOFMINIMO4FRENTES','kpi_rule_count',NULL,'PECSDKOFMINIMO4FRENTES','PECSDKOFMINIMO4FRENTES',2404,NULL,2405,1,NULL,NULL,NULL,NULL,NULL,NULL,'Y',NULL,0,NULL),(618,575,NULL,'PENCBKOFMINIMO4FRENTES','kpi_rule_count',NULL,'PENCBKOFMINIMO4FRENTES','PENCBKOFMINIMO4FRENTES',2408,NULL,2409,1,NULL,NULL,NULL,NULL,NULL,NULL,'Y',NULL,0,NULL),(619,576,NULL,'PEAGUAKOFMINIMO8FRENTES','kpi_rule_count',NULL,'PEAGUAKOFMINIMO8FRENTES','PEAGUAKOFMINIMO8FRENTES',2411,NULL,2412,1,NULL,NULL,NULL,NULL,NULL,NULL,'Y',NULL,0,NULL),(620,577,NULL,'GDMKOFCSDNCBEMPOSICAODELIDERANCA','kpi_rule_survey_question',NULL,'GDMKOFCSDNCBEMPOSICAODELIDERANCA','GDMKOFCSDNCBEMPOSICAODELIDERANCA',2419,NULL,2420,1,NULL,NULL,NULL,NULL,NULL,NULL,'Y',NULL,0,NULL),(621,578,NULL,'POSSUICCFTLARCOMPRECOCOMBINADO','kpi_rule_survey_question',NULL,'POSSUICCFTLARCOMPRECOCOMBINADO','POSSUICCFTLARCOMPRECOCOMBINADO',2425,NULL,2426,1,NULL,NULL,NULL,NULL,NULL,NULL,'Y',NULL,0,NULL),(622,579,NULL,'POSSUICCFTGUACOMPRECOCOMBINADO','kpi_rule_survey_question',NULL,'POSSUICCFTGUACOMPRECOCOMBINADO','POSSUICCFTGUACOMPRECOCOMBINADO',2430,NULL,2431,1,NULL,NULL,NULL,NULL,NULL,NULL,'Y',NULL,0,NULL);
use static;
REPLACE INTO `kpi` (`pk`, `kpi_set_fk`, `scope_param_value_set_fk`, `logical_operator`, `weight`, `presentation_order`, `display_text`, `display_attribute`, `tags`, `kpi_group`) VALUES (1,1,34,'',0.01,1,'HA MATERIAL DE PRECO POSITIVO',NULL,NULL,NULL),(2,1,37,'',0.01,2,'NADA EXPOSTO',NULL,NULL,NULL),(3,1,40,'',0.01,3,'1 PORTA CERVEJA',NULL,NULL,NULL),(4,1,43,'',0.01,4,'1 PORTA CSD',NULL,NULL,NULL),(5,1,46,'',0.01,5,'2 PORTAS CSD',NULL,NULL,NULL),(6,1,49,'',0.01,6,'1 PORTA NCB',NULL,NULL,NULL),(7,1,52,'',0.01,7,'2 PORTAS NCB',NULL,NULL,NULL),(8,1,55,'',0.01,8,'3 OU MAIS PORTAS CSD',NULL,NULL,NULL),(9,1,58,'',0.01,9,'ATIVACAO CSD CONS FUT AREA EXT',NULL,NULL,NULL),(10,1,64,'',0.01,10,'ATIVACAO CSD RET CONS FUT AREA EXT',NULL,NULL,NULL),(11,1,67,'',0.01,11,'ATIV CSD AREA INT',NULL,NULL,NULL),(12,1,70,'',0.01,12,'ATIV NCB AREA IN',NULL,NULL,NULL),(13,1,73,'',0.01,13,'MPACK DE BAV NA GDM',NULL,NULL,NULL),(14,1,76,'',0.01,14,'MPACK DE HNK NA GDM',NULL,NULL,NULL),(15,1,80,'',0.01,15,'MPACK DE KAI NA GDM',NULL,NULL,NULL),(16,1,84,'',0.01,16,'MAT POP CERVEJA',NULL,NULL,NULL),(17,1,87,'',0.01,17,'PERPECERVEJA',NULL,NULL,NULL),(18,1,90,'',0.01,18,'PE NCB',NULL,NULL,NULL),(19,1,93,'',0.01,19,'RACK CSD',NULL,NULL,NULL),(20,1,96,'OR',0.01,20,'5 CSD RET CONS FUT GELADOS',NULL,NULL,NULL),(21,1,130,'',0.01,21,'HA MATERIAL PERMANENTE',NULL,NULL,NULL),(22,1,133,'',0.01,22,'HA MATERIAL TEMPORARIO',NULL,NULL,NULL),(23,1,137,'',0.01,23,'HA PRESENCA DE DUAL NA LOJA',NULL,NULL,NULL),(24,1,141,'',0.01,24,'HA PRESENCA DE DUAL PRECIFICADO',NULL,NULL,NULL),(25,1,144,'',0.01,25,'GDM CKO COLAS ATÉ 1L',NULL,NULL,NULL),(26,1,147,'',0.01,26,'KAPO SECAO BISC (EQUIP KOF 70%)',NULL,NULL,NULL),(27,1,151,'',0.01,27,'KAPO SECAO BISC',NULL,NULL,NULL),(28,1,154,'',0.01,28,'PE MPACK CERV GDM',NULL,NULL,NULL),(29,1,158,'',0.01,29,'PE CSD PG SB (18 UNID)',NULL,NULL,NULL),(30,1,161,'',0.01,30,'PE CSD PG SB',NULL,NULL,NULL),(31,1,164,'',0.01,31,'PE CSD ACOU',NULL,NULL,NULL),(32,1,167,'',0.01,32,'PECERVACOU',NULL,NULL,NULL),(33,1,171,'',0.01,33,'PE CSD CONS FUT ACOU (EQUIP KOF 70% - RACK)',NULL,NULL,NULL),(34,1,175,'',0.01,34,'PE CSD CONS FUT ACOU (ATIV 18UNID)',NULL,NULL,NULL),(35,1,178,'',0.01,35,'PE CSD CONS FUT ACOU (GDM KOF 75%)',NULL,NULL,NULL),(36,1,182,'',0.01,36,'PE CSD CONS FUT ACOU',NULL,NULL,NULL),(37,1,185,'',0.01,37,'PE CSD MERCEA',NULL,NULL,NULL),(38,1,188,'',0.01,38,'PE CSD CONS FUT MERC SALG.(EQUIP KOF 70%)',NULL,NULL,NULL),(39,1,193,'',0.01,39,'PE CSD CONS FUT MERC SALGADA',NULL,NULL,NULL),(40,1,197,'',0.01,40,'PE CSD CONS FUT MERC SALG.(GDM KOF75%)',NULL,NULL,NULL),(41,1,200,'',0.01,41,'PE CSD CONS FUT MERC SALGADA(ATIV 18UNID)',NULL,NULL,NULL),(42,1,203,'',0.01,42,'PE SUCOS CONS FUT PAD(EQUIP KOF70%)',NULL,NULL,NULL),(43,1,209,'',0.01,43,'PE SUCOS CONS FUT PAD (ATIV 18UNID)',NULL,NULL,NULL),(44,1,212,'',0.01,44,'PE SUCOS CONS FUT PAD',NULL,NULL,NULL),(45,1,215,'',0.01,45,'PE SUCOS CONS FUT PAD (GDM KOF75%)',NULL,NULL,NULL),(46,1,218,'',0.01,46,'PE SUCOS CONS FUT HORT (ATIV 18UNID)',NULL,NULL,NULL),(47,1,222,'',0.01,47,'PE SUCOS CONS FUT HORT',NULL,NULL,NULL),(48,1,225,'',0.01,48,'PE SUCOS CONS FUT HORT (EQUIP KOF 70%)',NULL,NULL,NULL),(49,1,226,'',0.01,49,'PE SUCOS CONS FUT HORT (GDM KOF75%)',NULL,NULL,NULL),(50,1,230,'',0.01,50,'PE 1.5L CRY (ATIV 12UNID)',NULL,NULL,NULL),(51,1,234,'',0.01,51,'PE 5L CRY (ATIV 12UNID)',NULL,NULL,NULL),(52,1,237,'',0.01,52,'PE 1.5L CRY (EQUIP KOF 70%)',NULL,NULL,NULL),(53,1,240,'',0.01,53,'PE 5L CRY (EQUIP KOF 70%)',NULL,NULL,NULL),(54,1,241,'',0.01,54,'PE 1.5L CRY',NULL,NULL,NULL),(55,1,244,'',0.01,55,'PE 5L CRY',NULL,NULL,NULL),(56,1,247,'',0.01,56,'PE 1.5L CRY (GDM KOF 75%)',NULL,NULL,NULL),(57,1,250,'',0.01,57,'PE 5L CRY (GDM KOF 75%)',NULL,NULL,NULL),(58,1,253,'',0.01,58,'HA MPACK CSD FILME DECORADO CONS FUT',NULL,NULL,NULL),(59,1,256,'',0.01,59,'ATIV CSD MPACK ENTRADA LOJA',NULL,NULL,NULL),(60,1,259,'',0.01,60,'ATIV CSD SB',NULL,NULL,NULL),(61,1,262,'',0.01,61,'ATIV NCAT SB',NULL,NULL,NULL),(62,1,265,'',0.01,62,'CSD MPACK CKOUTS',NULL,NULL,NULL),(63,1,268,'',0.01,63,'PE MPACK CERV',NULL,NULL,NULL),(64,1,271,'',0.01,64,'PE MPACK NCB SB',NULL,NULL,NULL),(65,1,274,'',0.01,65,'PE MPACK SABORES SB',NULL,NULL,NULL),(66,1,277,'',0.01,66,'PE NCAT MPACK FORA SB',NULL,NULL,NULL),(67,1,280,'',0.01,67,'PG MPACK NCB SB',NULL,NULL,NULL),(68,1,283,'',0.01,68,'PG MPACK SABORES SB',NULL,NULL,NULL),(69,1,286,'',0.01,69,'ATIV BAL CSD',NULL,NULL,NULL),(71,1,290,'',0.01,70,'ATIV BAL NCB',NULL,NULL,NULL),(72,1,293,'',0.01,71,'ATIV CERVEJA',NULL,NULL,NULL),(73,1,296,'',0.01,72,'ATIV CSD AREA EXT',NULL,NULL,NULL),(74,1,299,'',0.01,73,'CERVEJELA',NULL,NULL,NULL),(75,1,302,'',0.01,74,'PER GDM CSD 1 POS',NULL,NULL,NULL),(76,1,306,'',0.01,75,'PER GDM NCB 1 POS',NULL,NULL,NULL),(77,1,321,'',0.01,76,'HA COMBO CSD',NULL,NULL,NULL),(78,1,325,'',0.01,77,'HA MENUBOARD OU MAT DE COMBO',NULL,NULL,NULL),(79,1,328,'',0.01,78,'3 FRENTES CERV NA GDM',NULL,NULL,NULL),(80,1,331,'',0.01,79,'3 SAB DVM LATA',NULL,NULL,NULL),(81,1,334,'',0.01,80,'4 FRENTES CERV NA GDM',NULL,NULL,NULL),(82,1,337,'',0.01,81,'ATIV CSD',NULL,NULL,NULL),(83,1,341,'',0.01,82,'ATIV NCB',NULL,NULL,NULL),(84,1,344,'',0.01,83,'BURN 1L EM GDM',NULL,NULL,NULL),(85,1,347,'',0.01,84,'BURN 260ML EM GDM',NULL,NULL,NULL),(86,1,350,'',0.01,85,'COMBO KOF (EXCLUSIVO)',NULL,NULL,NULL),(87,1,353,'',0.01,86,'COMBO NCB',NULL,NULL,NULL),(88,1,356,'',0.01,87,'EQUIP PROX AO CAIXA (CSD/NCAT)',NULL,NULL,NULL),(89,1,359,'',0.01,88,'EQUIP PROX AO FOOD SERVICE (CSD/NCAT)',NULL,NULL,NULL),(90,1,362,'',0.01,89,'GDM FEMSA NO CKOUT',NULL,NULL,NULL),(92,1,368,'',0.01,91,'PERPEBURN',NULL,NULL,NULL),(93,1,371,'',0.01,92,'PE CONS FUTURO (CSD/NCAT)',NULL,NULL,NULL),(94,1,374,'',0.01,93,'PE CONS IMEDIATO (EXCETO BURN E CERV)',NULL,NULL,NULL),(95,1,378,'',0.01,94,'PE CONS IMEDIATO (NCAT)',NULL,NULL,NULL),(96,1,381,'',0.01,95,'PE CSD LT',NULL,NULL,NULL),(97,1,384,'',0.01,96,'PE KOF (EXCETO BURN E CERV)',NULL,NULL,NULL),(98,1,387,'',0.01,97,'PE KOF CSD/NCAT',NULL,NULL,NULL),(99,1,390,'',0.01,98,'PE MPACK CSD',NULL,NULL,NULL),(100,1,393,'',0.01,99,'PE MPACK NCB',NULL,NULL,NULL),(101,1,396,'',0.01,100,'ATIV CSD AREA INT',NULL,NULL,NULL),(102,1,399,'',0.01,101,'ATIV CSD CONS FUT AREA EXT',NULL,NULL,NULL),(103,1,402,'',0.01,102,'ATIV CSD RET CONS FUT AREA EXT',NULL,NULL,NULL),(104,1,405,'',0.01,103,'GDM 1 POS',NULL,NULL,NULL),(105,1,408,'',0.01,104,'MBOARD COMBO CSD',NULL,NULL,NULL),(106,1,412,'',0.01,105,'PE CSD',NULL,NULL,NULL),(107,1,415,'',0.01,106,'QTD GDM CSD C CSD',NULL,NULL,NULL),(108,1,418,'',0.01,107,'ABS GDM CSD C CSD',NULL,NULL,NULL),(109,1,421,'',0.01,108,'INV GDM CSD C CSD',NULL,NULL,NULL),(110,1,424,'',0.01,109,'QTD GDM CSD C HNK',NULL,NULL,NULL),(111,1,427,'',0.01,110,'ABS GDM CSD C HNK',NULL,NULL,NULL),(112,1,430,'',0.01,111,'INV GDM CSD C HNK',NULL,NULL,NULL),(113,1,433,'',0.01,112,'QTD GDM CSD C NCAT',NULL,NULL,NULL),(114,1,436,'',0.01,113,'ABS GDM CSD C NCAT',NULL,NULL,NULL),(115,1,439,'',0.01,114,'INV GDM CSD C NCAT',NULL,NULL,NULL),(116,1,442,'',0.01,115,'QTD GDM CSD VAZ',NULL,NULL,NULL),(117,1,446,'',0.01,116,'INV GDM CSD VAZ',NULL,NULL,NULL),(118,1,449,'',0.01,117,'QTD GDM HNK C CSD',NULL,NULL,NULL),(119,1,452,'',0.01,118,'ABS GDM HNK C CSD',NULL,NULL,NULL),(120,1,455,'',0.01,119,'INV GDM HNK C CSD',NULL,NULL,NULL),(121,1,458,'',0.01,120,'QTD GDM HNK C HNK',NULL,NULL,NULL),(122,1,461,'',0.01,121,'ABS GDM HNK C HNK',NULL,NULL,NULL),(123,1,464,'',0.01,122,'INV GDM HNK C HNK',NULL,NULL,NULL),(124,1,467,'',0.01,123,'QTD GDM HNK C NCAT',NULL,NULL,NULL),(125,1,470,'',0.01,124,'ABS GDM HNK C NCAT',NULL,NULL,NULL),(126,1,473,'',0.01,125,'INV GDM HNK C NCAT',NULL,NULL,NULL),(127,1,476,'',0.01,126,'QTD GDM HNK VAZ',NULL,NULL,NULL),(128,1,480,'',0.01,127,'INV GDM HNK VAZ',NULL,NULL,NULL),(129,1,493,'',0.01,128,'QTD GDM NCAT C CSD',NULL,NULL,NULL),(130,1,496,'',0.01,129,'ABS GDM NCAT C CSD',NULL,NULL,NULL),(131,1,499,'',0.01,130,'INV GDM NCAT C CSD',NULL,NULL,NULL),(132,1,502,'',0.01,131,'QTD GDM NCAT C HNK',NULL,NULL,NULL),(133,1,505,'',0.01,132,'ABS GDM NCAT C HNK',NULL,NULL,NULL),(134,1,508,'',0.01,133,'INV GDM NCAT C HNK',NULL,NULL,NULL),(135,1,511,'',0.01,134,'QTD GDM NCAT C NCAT',NULL,NULL,NULL),(136,1,514,'',0.01,135,'ABS GDM NCAT C NCAT',NULL,NULL,NULL),(137,1,517,'',0.01,136,'INV GDM NCAT C NCAT',NULL,NULL,NULL),(138,1,520,'',0.01,137,'QTD GDM NCAT VAZ',NULL,NULL,NULL),(139,1,524,'',0.01,138,'INV GDM NCAT VAZ',NULL,NULL,NULL),(140,1,550,'',0.01,139,'QTD – Quantidade de GDM Abastecidas',NULL,NULL,NULL),(141,1,553,'',0.01,140,'50% Colas CONS IMEDIATO',NULL,NULL,NULL),(142,1,556,'',0.01,141,'50% Colas Totais',NULL,NULL,NULL),(143,1,563,'',0.01,142,'PE CSD PG SB (EQUIP KOF 70%)',NULL,NULL,NULL),(144,1,566,'',0.01,143,'PE CSD PG SB (GDM KOF 75%)',NULL,NULL,NULL),(145,1,612,'',0.01,144,'INV CC 2,0L',NULL,NULL,NULL),(146,1,670,'',0.01,147,'ATIV BALCÃO CSD OU NCB TAM MIN GUARDANUDO',NULL,NULL,NULL),(147,1,680,'',0.01,148,'ATIV CSD CONS FUT EXT OU ENT DA LOJA TAM MIN POP',NULL,NULL,NULL),(148,1,684,'',0.01,149,'ATIV CSD CONS FUT RET EXT OU ENT DA LOJA TAM MIN POP',NULL,NULL,NULL),(149,1,688,'',0.01,150,'ATIV CSD EXT OU ENT DA LOJA TAM MIN POP',NULL,NULL,NULL),(150,1,692,'',0.01,151,'HA ATIVACAO INTERNA CSD OU NCB',NULL,NULL,NULL),(151,1,697,'',0.01,152,'HA BALDE DE CERVEJA',NULL,NULL,NULL),(152,1,701,'',0.01,153,'HA COMBO SUCO?',NULL,NULL,NULL),(153,1,705,'',0.01,154,'HA MPACK CERVEJA PE',NULL,NULL,NULL),(154,1,709,'',0.01,155,'HA MPACK CERVEJA SB',NULL,NULL,NULL),(155,1,713,'',0.01,156,'HA PE COM VANTAGEM ECONOMICA?',NULL,NULL,NULL),(156,1,719,'',0.01,157,'HA PE CRYSTAL CONS FUT (EQUIP KOF 70%)',NULL,NULL,NULL),(157,1,725,'',0.01,158,'HA PE CRYSTAL CONS FUT (GDM KOF 75%)',NULL,NULL,NULL),(158,1,730,'',0.01,159,'HA PE CRYSTAL CONS FUT FORA EQUIP (ATIV 12 UNID)',NULL,NULL,NULL),(159,1,734,'',0.01,160,'HA QUADRO OU CARTAZ DE KAI/BAV/AMSTEL',NULL,NULL,NULL),(160,1,738,'',0.01,161,'HA QUADRO OU LUMINOSO HNK',NULL,NULL,NULL),(161,1,742,'',0.01,162,'HA RET CONS FUT AO LADO DE TUBAINAS',NULL,NULL,NULL),(162,1,745,'',0.01,163,'RACK CSD ENTRADA LOJA OU ATE A 1ª PG',NULL,NULL,NULL),(163,1,748,'',0.01,164,'PE CSD CONS FUT OU MPACK CONS IMED PG SB 18 UNID?',NULL,NULL,NULL),(164,1,751,'',0.01,165,'PE CSD CONS FUT OU MPACK CONS IMED PG SB (EQUIP KOF 70%)',NULL,NULL,NULL),(165,1,754,'',0.01,166,'PE CSD CONS FUT OU MPACK CONS IMED PG SB (GDM KOF 75%)',NULL,NULL,NULL),(166,1,758,'',0.01,167,'PE CSD CONS FUT OU MPACK CONS IMED MERC OU ACOU (ATIV 18 UNID)',NULL,NULL,NULL),(167,1,762,'',0.01,168,'PE CSD CONS FUT OU MPACK CONS IMED MERC OU ACOU (EQUIP KOF 70%)',NULL,NULL,NULL),(168,1,765,'',0.01,169,'PE CSD CONS FUT OU MPACK CONS IMED MERC OU ACOU (GDM KOF 75%)',NULL,NULL,NULL),(169,1,768,'',0.01,170,'PE MCATEG PAD OU HORT FORA EQUIP 18 UNID CSD + 12 UNID SUCO',NULL,NULL,NULL),(170,1,771,'',0.01,171,'PE MCATEG PAD OU HORT EQUIP KOF 0,7 (50% DE CSD E 0,5 NCB)',NULL,NULL,NULL),(171,1,774,'',0.01,172,'PE MCATEG PAD OU HORT GDM KOF 0,75 (50% DE CSD E 0,5 NCB)',NULL,NULL,NULL),(172,1,777,'',0.01,173,'PE SUCO 100% OU D VALLE NEC PAD OU HORT FORA EQUIP (ATIV 12 UNID)',NULL,NULL,NULL),(173,1,780,'',0.01,174,'PE SUCO 100% OU D VALLE NEC PAD OU HORT (EQUIP KOF 70%)',NULL,NULL,NULL),(174,1,783,'',0.01,175,'PE SUCO 100% OU D VALLE NEC PAD OU HORT (GDM KOF 75%)',NULL,NULL,NULL),(175,1,786,'',0.01,176,'PE CSD SEÇÃO DE BISC (ATIV 18 UNID)',NULL,NULL,NULL),(176,1,789,'',0.01,177,'PE CSD SEÇÃO DE BISC (EQUIP KOF 70%)',NULL,NULL,NULL),(177,1,792,'',0.01,178,'PE CSD SEÇÃO DE BISC (GDM KOF 75%)',NULL,NULL,NULL),(178,1,795,'',0.01,179,'REFPET AO LADO DE COCA COLA 2L DESCARTÁVEL?',NULL,NULL,NULL),(179,1,798,'',0.01,180,'HÁ PRESENÇA DE TUBAINA NO PDV?',NULL,NULL,NULL),(181,1,805,'',0.01,182,'GDM CERV INVAD POR CSD/NCAT KOF?',NULL,NULL,NULL),(182,1,809,'',0.01,183,'GDM CERV INVAD POR OUT PROD?',NULL,NULL,NULL),(183,1,812,'',0.01,184,'GDM CSD INVAD PELA CONC? ',NULL,NULL,NULL),(184,1,815,'',0.01,185,'GDM CSD INVAD POR OUT PROD?',NULL,NULL,NULL),(185,1,818,'',0.01,186,'GDM CSD/NCAT INVAD POR CERV KOF?',NULL,NULL,NULL),(186,1,822,'',0.01,187,'GDM NCAT INVAD PELA CONC?',NULL,NULL,NULL),(187,1,826,'',0.01,188,'GDM NCAT INVAD POR OUT PROD?',NULL,NULL,NULL),(189,1,831,'',0.01,190,'CONTEM MIN 2 CATEG NO MENU?',NULL,NULL,NULL),(190,1,834,'',0.01,191,'HA 1 PROD KOF NO MENUBOARD?',NULL,NULL,NULL),(191,1,837,'',0.01,192,'PE EXIB',NULL,NULL,NULL),(192,1,840,'',0.01,193,'PE COM DE PRECO EXIB',NULL,NULL,NULL),(194,1,846,'',0.01,194,'PE GDM',NULL,NULL,NULL),(195,1,849,'',0.01,195,'PE COM DE PRECO GDM',NULL,NULL,NULL),(196,1,852,'',0.01,196,'PE ILHA',NULL,NULL,NULL),(197,1,855,'',0.01,197,'PE COM DE PRECO ILHA',NULL,NULL,NULL),(198,1,858,'',0.01,199,'PE PG',NULL,NULL,NULL),(199,1,861,'',0.01,200,'PE COM DE PRECO PG',NULL,NULL,NULL),(200,1,864,'',0.01,201,'PE RACK',NULL,NULL,NULL),(201,1,867,'',0.01,189,'HA MAT COM COMBO KOF?',NULL,NULL,NULL),(202,1,870,'',0.01,202,'PE COM DE PRECO RACK',NULL,NULL,NULL),(203,1,873,'',0.01,203,'PE SB',NULL,NULL,NULL),(204,1,876,'',0.01,204,'PE COM DE PRECO SB',NULL,NULL,NULL),(205,1,879,'',0.01,205,'GDM KOF EM POS.DE LIDERANÇA',NULL,NULL,NULL),(206,1,882,'',0.01,206,'HA MININO 20 FRENTES AGUA CRYSTAL',NULL,NULL,NULL),(207,1,885,'',0.01,207,'HA PE CSD 20 FRENTES PRECIF',NULL,NULL,NULL),(208,1,888,'',0.01,208,'HA PE NCB 20 FRENTES PRECIF',NULL,NULL,NULL),(209,1,891,'',0.01,145,'INV CC LT',NULL,NULL,NULL),(211,1,919,'',0.01,211,'PE MCATEG PAD EQUIP KOF 70% (50% DE CSD E 50% NCB)',NULL,NULL,NULL),(213,1,925,'',0.01,213,'PE MCATEG PAD GDM KOF 75% (50% DE CSD E 50% NCB)',NULL,NULL,NULL),(214,1,928,'',0.01,214,'PE MCATEG HORT EQUIP KOF 70% (50% DE CSD E 50% NCB)',NULL,NULL,NULL),(215,1,931,'',0.01,216,'PE MCATEG HORT GDM KOF 75% (50% DE CSD E 50% NCB)',NULL,NULL,NULL),(216,1,934,'',0.01,218,'PE CSD CONS FUT OU MPACK CONS IMED ACOU (EQUIP KOF 70%)',NULL,NULL,NULL),(217,1,937,'',0.01,219,'PE CSD CONS FUT OU MPACK CONS IMED ACOU (GDM KOF 75%)',NULL,NULL,NULL),(218,1,940,'',0.01,221,'PE CSD CONS FUT OU MPACK CONS IMED MERC (EQUIP KOF 70%)',NULL,NULL,NULL),(219,1,943,'',0.01,222,'PECSDCONSFUTOUMPACKCONSIMEDMERC(EQUIPKOF70%)',NULL,NULL,NULL),(220,1,946,'',0.01,224,'PE CSD E KAPO SEC BISCOITOS EQUIP KOF 70% (50% DE CSD E 50% KAPO)',NULL,NULL,NULL),(221,1,949,'',0.01,225,'PE CSD E KAPO SEC BISCOITOS GDM KOF 75% (50% DE CSD E 50% KAPO)',NULL,NULL,NULL),(222,1,952,'',0.01,227,'PER ATIV CSD OU NCB AREA INT TAM MIN PROD+PREÇO',NULL,NULL,NULL),(223,1,955,'',0.01,226,'PE CSD E KAPO SEC BISCOITOS (ATIV 18 UN CSD E 4 UN KAPO)',NULL,NULL,NULL),(224,1,958,'',0.01,228,'PER RACK CSD RET FUTURO ENTRADA LOJA OU ATE A 1ª PG - 50% ABAST',NULL,NULL,NULL),(225,1,961,'',0.01,229,'PE SUCOS EQUIP KOF 70%',NULL,NULL,NULL),(226,1,964,'',0.01,230,'PE SUCOS GDM KOF 75%',NULL,NULL,NULL),(227,1,967,'',0.01,232,'COMBO CSD NO BALCÃO',NULL,NULL,NULL),(228,1,970,'',0.01,233,'MENUBOARD COM COMBO CSD',NULL,NULL,NULL),(229,1,973,'',0.01,234,'ATIV CSD EXT/ENTRADA LJ TAM MIN PROD+PREÇO',NULL,NULL,NULL),(230,1,976,'',0.01,235,'COMBO SUCO NO BALCÃO',NULL,NULL,NULL),(231,1,979,'',0.01,236,'ATIV BALCÃO CSD TAM MIN GUARDANUDO',NULL,NULL,NULL),(232,1,982,'',0.01,237,'ATIV BALCÃO NCB TAM MIN GUARDANUDO',NULL,NULL,NULL),(233,1,985,'',0.01,238,'ATIV BALCÃO SUCO NCB TAM MIN GUARDANUDO',NULL,NULL,NULL),(234,1,989,'',0.01,146,'INV CC 2,5L',NULL,NULL,NULL),(235,1,993,'',0.01,239,'PERPECSDEKAPOSECBISCOITOS(ATIV12UNCSDE4UNKAPO)',NULL,NULL,NULL),(236,1,996,'',0.01,181,'GDM CERV INVAD PELA CONC?',NULL,NULL,NULL),(237,1,1000,'OR',0.01,240,'PECSDEKAPOSEÇÃODEBISCCSD30FRENTESKAPO30FRENTES',NULL,NULL,NULL),(238,1,1003,'',0.01,241,'PESUCOSATIV40FRENTES',NULL,NULL,NULL),(239,1,1006,'',0.01,242,'PERINVGUARANAJESUS',NULL,NULL,NULL),(240,1,1009,'',0.01,243,'PERPECSDCONSFUTOUMPACKCONSIMEDMERC(ATIV40FRENTES)',NULL,NULL,NULL),(242,1,1018,'OR',0.01,245,'PECSDCONSFUTOUMPACKCONSIMEDPGSB40FRENTES',NULL,NULL,NULL),(243,1,1023,'OR',0.01,246,'PEMCATEGPADFORAEQUIP30FRENTESCSD30FRENTESNCB',NULL,NULL,NULL),(244,1,1028,'OR',0.01,247,'PEMCATEGHORTFORAEQUIP30FRENTESCSD30FRENTESNCB',NULL,NULL,NULL),(245,1,1033,'OR',0.01,248,'PECSDCONSFUTOUMPACKCONSIMEDACOUATIV40FRENTES',NULL,NULL,NULL),(248,1,1056,'',0.01,250,'HÁ ALGUMA GDM KOF INVADIDA',NULL,NULL,NULL),(250,1,1062,'',0.01,251,'GDM KOF CSD NO CAIXA RÁPIDO',NULL,NULL,NULL),(251,1,1065,'',0.01,252,'GDM KOF CSD NO CAIXA RÁPIDO COM 50% CSD FUTURO',NULL,NULL,NULL),(252,1,1068,'',0.01,253,'GDM KOF CSD NO CAIXA NORMAL',NULL,NULL,NULL),(253,1,1071,'',0.01,254,'GDM KOF CSD NO CAIXA NORMAL COM 50% CSD INDIVIDUAL',NULL,NULL,NULL),(254,1,1075,'',0.01,255,'HÁ MATERIAL DE CSD OU NCB NO BALCÃO/MESA',NULL,NULL,NULL),(256,1,1086,'',0.01,256,'PORTA GDM CSD FEMSA',NULL,NULL,NULL),(257,1,1089,'',0.01,257,'PORTA GDM NCB FEMSA',NULL,NULL,NULL),(258,1,1092,'',0.01,258,'PORTA GDM CERVEJA  FEMSA',NULL,NULL,NULL),(259,1,1098,'',0.01,259,'HA IMAGEM DE PROD KOF?',NULL,NULL,NULL),(260,1,1101,'',0.01,260,'GDM 0,5 VISIVEL?',NULL,NULL,NULL),(262,1,1110,'',0.01,261,'RACK COM MÍNIMO 75% DA ABAST',NULL,NULL,NULL),(263,1,1113,'',0.01,262,'RACK COM COCA-COLA COM DEL VALLE OU CRYSTAL',NULL,NULL,NULL),(264,1,1116,'',0.01,263,'GDM KOF 1 PORTA CSD/NCB',NULL,NULL,NULL),(265,1,1119,'',0.01,264,'GDM KOF CSD/NCB MINIMO 75% ABAST',NULL,NULL,NULL),(266,1,1122,'',0.01,265,'RACK MULTICATEGORIA / REF-PET',NULL,NULL,NULL),(267,1,1131,'',0.01,266,'HÁ PRODUTO PRECIFICADO',NULL,NULL,NULL),(268,1,1136,'',0.01,267,'TRABALHA COM AGUA KOF',NULL,NULL,NULL),(269,1,1139,'',0.01,268,'TRABALHA COM CHA KOF',NULL,NULL,NULL),(270,1,1142,'',0.01,269,'TRABALHA COM REFRIG KOF',NULL,NULL,NULL),(271,2,1145,'',0.01,1,'INV CC 2,5L?',NULL,NULL,NULL),(272,2,1148,'',0.01,2,'INV CC 2L?',NULL,NULL,NULL),(273,2,1151,'',0.01,3,'INV CC LT?',NULL,NULL,NULL),(274,2,1154,'',0.01,4,'3 FRENTES CERV NA GDM',NULL,NULL,NULL),(275,2,1157,'',0.01,5,'4 FRENTES CERV NA GDM',NULL,NULL,NULL),(276,2,1160,'',0.01,6,'5 FRENTES CSD CONSUMO FUTURO RETORNÁVEL GELADO',NULL,NULL,NULL),(277,2,1163,'',0.01,7,'CONTEM MIN 2 CATEG NO MENU?',NULL,NULL,NULL),(278,2,1166,'',0.01,8,'HA RET CONS FUT AO LADO DE TUBAINAS',NULL,NULL,NULL),(279,2,1169,'OR',0.01,9,'NADA EXPOSTO',NULL,NULL,NULL),(280,2,1174,'',0.01,10,'REFPET AO LADO DE COCA COLA 2L DESCARTÁVEL?',NULL,NULL,NULL),(281,2,1177,'',0.01,11,'TRABALHA COM AGUA KOF?',NULL,NULL,NULL),(282,2,1180,'',0.01,12,'TRABALHA COM CHA KOF?',NULL,NULL,NULL),(283,2,1183,'',0.01,13,'TRABALHA COM REFRIG KOF?',NULL,NULL,NULL),(284,3,1186,'',0.01,1,'HA MAT COM COMBO KOF?',NULL,NULL,NULL),(285,3,1189,'',0.01,2,'COMBO CSD NO BALCÃO',NULL,NULL,NULL),(286,3,1192,'',0.01,3,'COMBO KOF (EXCLUSIVO)',NULL,NULL,NULL),(287,3,1195,'',0.01,4,'COMBO NCB',NULL,NULL,NULL),(288,3,1198,'',0.01,5,'COMBO SUCO NO BALCÃO',NULL,NULL,NULL),(289,3,1201,'',0.01,6,'MENUBOARD COM COMBO KOF (CSD OU NCB)',NULL,NULL,NULL),(290,3,1204,'',0.01,7,'MENUBOARD COM COMBO CSD',NULL,NULL,NULL),(291,3,1207,'',0.01,8,'HA PRESENÇA DE COMBO KOF',NULL,NULL,NULL),(292,7,1211,'',0.01,1,'GDM KOF 1 PORTA CSD/NCB',NULL,NULL,NULL),(293,7,1214,'',0.01,2,'GDM KOF CSD/NCB MINIMO 75% ABAST',NULL,NULL,NULL),(294,7,1217,'',0.01,3,'RACK COM COCA-COLA COM DEL VALLE OU CRYSTAL',NULL,NULL,NULL),(295,7,1220,'',0.01,4,'RACK COM MÍNIMO 75% DA ABAST',NULL,NULL,NULL),(296,7,1223,'',0.01,5,'RACK MULTICATEGORIA OU REF-PET',NULL,NULL,NULL),(297,6,1226,'',0.01,1,'HÁ MATERIAL DE CSD OU NCB NO BALCÃO/MESA',NULL,NULL,NULL),(298,6,1229,'',0.01,2,'HA IMAGEM DE PROD KOF?',NULL,NULL,NULL),(299,6,1232,'',0.01,3,'ATIV BALCÃO CSD TAM MIN GUARDANUDO',NULL,NULL,NULL),(300,6,1235,'',0.01,4,'ATIV BALCÃO NCB TAM MIN GUARDANUDO',NULL,NULL,NULL),(301,6,1238,'',0.01,5,'ATIV BALCÃO SUCO TAM MIN GUARDANUDO',NULL,NULL,NULL),(302,6,1241,'',0.01,6,'ATIV CERVEJA',NULL,NULL,NULL),(303,6,1244,'',0.01,7,'ATIV CSD',NULL,NULL,NULL),(304,6,1247,'',0.01,8,' ATIV EXT OU ENT DA LOJA CSD CONS FUT PRECIFICADO SUP.80CM',NULL,NULL,NULL),(305,6,1250,'',0.01,9,' ATIV EXT OU ENT DA LOJA CSD CONS FUT RETOR PRECIFICADOSUP.80CM',NULL,NULL,NULL),(306,6,1254,'',0.01,10,'ATIV EXT OU ENT DA LOJA CSD CONS IME PRECIFICADO SUP.80CM',NULL,NULL,NULL),(307,6,1257,'',0.01,11,'ATIV EXT OU ENT DA LOJA CSD QQ TAM. PRECIFICADO SUP.80CM',NULL,NULL,NULL),(308,6,1260,'',0.01,12,'ATIV CSD MPACK ENTRADA LOJA',NULL,NULL,NULL),(309,6,1263,'',0.01,13,'ATIV CSD SB',NULL,NULL,NULL),(310,6,1266,'',0.01,14,'ATIV NCAT SB',NULL,NULL,NULL),(311,6,1270,'',0.01,15,'ATIV NCB',NULL,NULL,NULL),(312,6,1273,'',0.01,16,'CERVEGELA OU BALDE CERVEJA MARCA HEINEKEN',NULL,NULL,NULL),(313,6,1276,'',0.01,17,'HA 1 PROD KOF NO MENUBOARD?',NULL,NULL,NULL),(314,6,1279,'',0.01,18,'HA ATIVACAO INTERNA CSD OU NCB',NULL,NULL,NULL),(315,6,1282,'',0.01,19,'CERVEGELA OU BALDE CERVEJA MARCA AMSTEL',NULL,NULL,NULL),(316,6,1285,'',0.01,20,'HA MATERIAL DE PRECO POSITIVO?',NULL,NULL,NULL),(317,6,1288,'',0.01,21,'MATERIAL COM MARCA COCA-COLA (QUALQUER TAMANHO)',NULL,NULL,NULL),(318,6,1291,'',0.01,22,'HA MATERIAL TEMPORARIO',NULL,NULL,NULL),(319,6,1294,'',0.01,23,'HÁ PRODUTO PRECIFICADO',NULL,NULL,NULL),(320,6,1297,'',0.01,24,'QUADRO OU LUMINOSO CERVEJA MARCA AMSTEL',NULL,NULL,NULL),(321,6,1300,'',0.01,25,'CARTAZ CERVEJA FEMSA MAINSTREAM (KAISER / BAVARIA / AMSTEL) PRECIFICADO',NULL,NULL,NULL),(322,6,1303,'',0.01,26,'HA VENT BURN ABASTEC',NULL,NULL,NULL),(323,6,1307,'',0.01,27,'MAT POP CERVEJA *',NULL,NULL,NULL),(324,6,1310,'',0.01,28,' ATIV INTERNA CSD CONS FUT PRECIFICADO 180CM',NULL,NULL,NULL),(325,5,1313,'OR',0.01,1,'INV GDM HNK',NULL,NULL,NULL),(326,5,1314,'OR',0.01,2,'INV GDM NCAT',NULL,NULL,NULL),(327,5,1315,'',0.01,3,'GDM CSD INVAD PELA CONC? ',NULL,NULL,NULL),(328,5,1316,'OR',0.01,4,'GDM CSD INVAD POR OUT PROD?',NULL,NULL,NULL),(329,5,1317,'',0.01,5,'GDM CSD/NCAT INVAD POR CERV KOF?',NULL,NULL,NULL),(330,5,1319,'',0.01,6,'GDM NCAT INVAD PELA CONC?',NULL,NULL,NULL),(331,5,1320,'OR',0.01,7,'GDM NCAT INVAD POR OUT PROD?',NULL,NULL,NULL),(332,5,1321,'',0.01,8,'GDM CERV INVAD PELA CONC?',NULL,NULL,NULL),(333,5,1322,'',0.01,9,'GDM CERV INVAD POR CSD/NCAT KOF?',NULL,NULL,NULL),(334,5,1323,'OR',0.01,10,'GDM CERV INVAD POR OUT PROD?',NULL,NULL,NULL),(335,4,1344,'',0.01,1,'BLOCO GDM CSD 50% COLAS CONSUMO IMEDIATO DA ABATECIMENTO',NULL,NULL,NULL),(336,4,1347,'',0.01,2,'BLOCO GDM CSD 50% COLAS TOTAL DO ABASTECIMENTO',NULL,NULL,NULL),(339,4,1356,'',0.01,5,'ABS GDM CSD C NCAT',NULL,NULL,NULL),(341,4,1362,'',0.01,7,'ABS GDM HNK C HNK',NULL,NULL,NULL),(342,4,1365,'',0.01,8,'ABS GDM HNK C NCAT',NULL,NULL,NULL),(343,4,1368,'',0.01,9,'ABS GDM NCAT C CSD',NULL,NULL,NULL),(344,4,1371,'',0.01,10,'ABS GDM NCAT C HNK',NULL,NULL,NULL),(345,4,1374,'',0.01,11,'ABS GDM NCAT C NCAT',NULL,NULL,NULL),(346,4,1377,'',0.01,12,'GDM KOF CSD NO CAIXA NORMAL COM 50 CSD INDIVIDUAL DO ABASTECIMENTO ENCONTRADO E PRESENÇA DE NCB CI',NULL,NULL,NULL),(347,4,1380,'',0.01,13,'GDM KOF CSD NO CAIXA RÁPIDO',NULL,NULL,NULL),(348,4,1383,'',0.01,14,'GDM KOF CSD NO CAIXA RÁPIDO COM 50% CSD FUTURO DO ABASTECIMENTO ENCONTRADO',NULL,NULL,NULL),(349,4,1386,'OR',0.01,15,'INV GDM CSD *',NULL,NULL,NULL),(350,4,1389,'',0.01,16,'GDM 50% VISIVEL?',NULL,NULL,NULL),(351,4,1392,'',0.01,17,'GDM KOF CSD/NCB 1 POSIÇÃO',NULL,NULL,NULL),(352,4,1396,'',0.01,18,'GDM FEMSA NO CKOUT',NULL,NULL,NULL),(353,4,1399,'',0.01,19,'GDM FEMSA NO CKOUT MIN 80% CSD',NULL,NULL,NULL),(354,4,1403,'',0.01,20,'GDM KOF CSD NO CAIXA NORMAL',NULL,NULL,NULL),(355,4,1408,'',0.01,21,'GDM KOF CSD NO CAIXA RÁPIDO MIN  80% ABAST',NULL,NULL,NULL),(356,4,1412,'',0.01,22,'GDM KOF EM POSIÇÃO DE LIDERANÇA',NULL,NULL,NULL),(357,4,1416,'',0.01,23,'GDM KOF MINIMO 80% ABAST',NULL,NULL,NULL),(358,4,1419,'',0.01,24,'GDM NCB 1 POS',NULL,NULL,NULL),(359,4,1422,'',0.01,25,'PORTA GDM CERVEJA  FEMSA',NULL,NULL,NULL),(360,4,1425,'',0.01,26,'PORTA GDM CSD FEMSA',NULL,NULL,NULL),(361,4,1428,'',0.01,27,'PORTA GDM NCB FEMSA',NULL,NULL,NULL),(362,4,1431,'',0.01,28,'POSSUI CAIXA RÁPIDO?',NULL,NULL,NULL),(363,4,1435,'',0.01,29,'BLOCO GDM CSD KOF',NULL,NULL,NULL),(364,4,1439,'',0.01,30,'QTD GDM CSD',NULL,NULL,NULL),(365,4,1442,'',0.01,31,'QTD GDM HNK',NULL,NULL,NULL),(366,4,1446,'',0.01,32,'QTD GDM NCAT',NULL,NULL,NULL),(367,8,1449,'',0.01,77,'CSD MPACK CKOUTS',NULL,NULL,NULL),(368,8,1453,'',0.01,2,'EQUIP PROX AO CAIXA (CSD/NCAT)',NULL,NULL,NULL),(369,8,1456,'',0.01,3,'RACK PROX AO FOOD SERVICE (CSD/NCAT)',NULL,NULL,NULL),(370,8,1459,'',0.01,4,'PE ÁGUA CRYSTAL (ATIVAÇÃO 20 FRENTES)',NULL,NULL,NULL),(371,8,1463,'',0.01,5,'PE CSD FEMSA (ATIVAÇÃO 20 FRENTES)',NULL,NULL,NULL),(372,8,1466,'',0.01,6,'PE NCB FEMSA (ATIVAÇÃO 20 FRENTES)',NULL,NULL,NULL),(373,8,1469,'',0.01,7,'HÁ PRESENÇA DE TUBAINA NO PDV?',NULL,NULL,NULL),(375,8,1473,'',0.01,9,'PE CERVEJA',NULL,NULL,NULL),(379,8,1481,'OR',0.01,13,'PE CSD CONS FUT OU MPACK CONS IMED ACOU (ATIV 40 FRENTES)',NULL,NULL,NULL),(380,8,1486,'',0.01,14,'PE CSD CONS FUT OU MPACK QQ TAMANHO ACOUGUE (RACK KOF 50%)',NULL,NULL,NULL),(381,8,1489,'',0.01,15,'PE CSD CONS FUT OU MPACK QQ TAMANHO ACOUGUE (GDM KOF 80%)',NULL,NULL,NULL),(382,8,1492,'AND',0.01,16,'PG SEC BEBIDAS CSD CONS FUTURO E CONS IMED - 40 FRENTES (20 FUTURO E 20 IMEDIATO)',NULL,NULL,NULL),(383,8,1493,'',0.01,17,'PG SEC BEBIDAS CSD CONS FUTURO E CONS IMED - RACK KOF 50%  (MINÍMO 50% CONS.IMEDIATO)',NULL,NULL,NULL),(384,8,1496,'',0.01,18,'PG SEC BEBIDAS CSD CONS FUTURO E CONS IMED - GDM KOF 80%  (MINÍMO 50% CONS. IMEDIATO)',NULL,NULL,NULL),(385,8,1499,'AND',0.01,19,'PE CSD E KAPO CORREDOR SEÇÃO DE BISC (ATIVAÇÃO CSD IMEDIATO 30 FRENTES + KAPO 30 FRENTES)',NULL,NULL,NULL),(387,8,1507,'',0.01,21,'PE CSD E KAPO CORREDOR SEÇÃO DE BISC GDM KOF 80% (50% DE CSD IMEDIATO E 50% KAPO)',NULL,NULL,NULL),(390,8,1512,'',0.01,24,'PE MCATEG QQ TAMANHO HORTFRUT RACK KOF 50% (25% DE CSD E 25% AGUA E/OU SUCO)',NULL,NULL,NULL),(391,8,1515,'AND',0.01,25,'PE MCATEG QQ TAMANHO HORTFRUT (ATIVACAO 20 FRENTES CSD + 20 FRENTES AGUA/E OU SUCO)',NULL,NULL,NULL),(392,8,1520,'',0.01,26,'PE MCATEG QQ TAMANHO HORTFRUT GDM 80% (40% DE CSD E 40% AGUA E/OU SUCOS)',NULL,NULL,NULL),(393,8,1523,'',0.01,27,'PE MCATEG QQ TAMANHO PADARIA RACK KOF 50% (25% DE CSD E 25% AGUA E/OU SUCO)',NULL,NULL,NULL),(394,8,1526,'AND',0.01,28,'PE MCATEG QQ TAMANHO PADARIA (ATIVACAO 20 FRENTES CSD + 20 FRENTES AGUA/E OU SUCO)',NULL,NULL,NULL),(395,8,1531,'',0.01,29,'PE MCATEG QQ TAMANHO PADARIA GDM 80% (40% DE CSD E 40% AGUA E/OU SUCOS)',NULL,NULL,NULL),(396,8,1534,'',0.01,30,'CERVEJA MPACK FECHADO GÔNDOLA',NULL,NULL,NULL),(397,8,1537,'',0.01,31,'PE MPACK NCB SB',NULL,NULL,NULL),(398,8,1540,'',0.01,32,'PE MPACK SABORES SB',NULL,NULL,NULL),(399,8,1543,'',0.01,33,'PE NCAT MPACK FORA SB',NULL,NULL,NULL),(400,8,1546,'',0.01,34,'RACK CSD RETORNÁVEL CONS FUTURO 50% ABAST ',NULL,NULL,NULL),(401,8,1549,'',0.01,35,'PE SUCOS (ATIVAÇÃO 20 FRENTES)',NULL,NULL,NULL),(403,8,1555,'',0.01,37,'PE SUCOS (GDM KOF 80%)',NULL,NULL,NULL),(404,8,1558,'',0.01,38,'PG MPACK NCB SB',NULL,NULL,NULL),(405,8,1561,'',0.01,39,'PG MPACK SABORES SB',NULL,NULL,NULL),(406,8,1564,'',0.01,40,'PE CERV ACOU',NULL,NULL,NULL),(407,8,1568,'',0.01,41,'POSS. PG SEC BEB NAO ALCOOLICOS',NULL,NULL,NULL),(408,6,1596,'',0.01,29,'HA MATERIAL DAS OLIMPÍADAS',NULL,NULL,NULL),(409,4,1599,'',0.01,33,'HÁ ALGUMA GDM KOF INVADIDA?',NULL,NULL,NULL),(410,9,1603,'',0.01,1,'Foi possivel realizar a pesquisa?',NULL,NULL,NULL),(411,9,1606,'',0.01,2,'Caso negativo, qual foi o motivo que impediu de realizar a visita?',NULL,NULL,NULL),(412,8,1610,'',0.01,42,'PE MPACK CSD',NULL,NULL,NULL),(413,8,1613,'',0.01,43,'PE MPACK NCB',NULL,NULL,NULL),(414,8,1617,'',0.01,44,'PE MPACK CERV GDM',NULL,NULL,NULL),(415,6,1622,'',0.01,30,'HA NO MINIMO 2 MATERIAIS PERMANENTES',NULL,NULL,NULL),(416,8,1626,'',0.01,45,'PE CSD LT',NULL,NULL,NULL),(417,10,1670,'',0.01,1,'Razão Social',NULL,NULL,NULL),(418,10,1673,'',0.01,2,'Matrícula',NULL,NULL,NULL),(419,10,1676,'',0.01,3,'Endereço',NULL,NULL,NULL),(420,10,1679,'',0.01,4,'CNPJ',NULL,NULL,NULL),(421,10,1682,'',0.01,5,'Bairro',NULL,NULL,NULL),(422,10,1685,'',0.01,6,'Cidade',NULL,NULL,NULL),(423,10,1688,'',0.01,7,'CEP',NULL,NULL,NULL),(424,10,1691,'',0.01,8,'Telefone',NULL,NULL,NULL),(425,10,1694,'',0.01,9,'Dados do entrevistado',NULL,NULL,NULL),(426,10,1697,'',0.01,10,'Telefone do cliente',NULL,NULL,NULL),(427,10,1700,'',0.01,11,'Tipo de estabelecimento',NULL,NULL,NULL),(428,10,1703,'',0.01,12,'Se não quis responder – Qual o motivo',NULL,NULL,NULL),(429,10,1706,'',0.01,13,'Observações/ Adicionais',NULL,NULL,NULL),(430,10,1709,'',0.01,14,'PDV possui CSD COLAS KOF',NULL,NULL,NULL),(431,10,1712,'',0.01,15,'PDV possui CSD SABORES KOF',NULL,NULL,NULL),(432,10,1715,'',0.01,16,'PDV possui NCB KOF',NULL,NULL,NULL),(433,10,1718,'',0.01,17,'PDV possui CERVEJA KOF',NULL,NULL,NULL),(434,10,1721,'',0.01,18,'PDV possui CSD COLAS de outros fabricantes',NULL,NULL,NULL),(435,10,1724,'',0.01,19,'PDV possui CSD SABORES de outros fabricantes',NULL,NULL,NULL),(436,10,1727,'',0.01,20,'PDV possui NCB de outros fabricantes',NULL,NULL,NULL),(437,10,1730,'',0.01,21,'PDV possui CSD CERVEJA de outros fabricantes',NULL,NULL,NULL),(438,10,1733,'',0.01,22,'Quantidade compras REFRIGERANTE COLAS KOF em caixa fisica semanal',NULL,NULL,NULL),(439,10,1736,'',0.01,23,'Quantidade compras REFRIGERANTE SABORES KOF em caixa fisica semanal',NULL,NULL,NULL),(440,10,1739,'',0.01,24,'Quantidade compras ÁGUA KOF em caixa fisica semanal',NULL,NULL,NULL),(441,10,1742,'',0.01,25,'Quantidade compras SUCOS KOF em caixa fisica semanal',NULL,NULL,NULL),(442,10,1745,'',0.01,26,'Quantidade compras REFRESCO KOF em caixa fisica semanal',NULL,NULL,NULL),(443,10,1748,'',0.01,27,'Quantidade compras CERVEJA KOF em caixa fisica semanal',NULL,NULL,NULL),(444,10,1751,'',0.01,28,'Quantidade compras OUTROS KOF em caixa fisica semanal',NULL,NULL,NULL),(445,10,1754,'',0.01,29,'Quantidade compras REFRIGERANTE COLAS CONCORRENTE em caixa física semanal',NULL,NULL,NULL),(446,10,1757,'',0.01,30,'Quantidade compras REFRIGERANTE SABORES CONCORRENTE em caixa física semanal',NULL,NULL,NULL),(447,10,1760,'',0.01,31,'Quantidade compras ÁGUA CONCORRENTE em caixa física semanal',NULL,NULL,NULL),(448,10,1763,'',0.01,32,'Quantidade compras SUCOS CONCORRENTE em caixa física semanal',NULL,NULL,NULL),(449,10,1766,'',0.01,33,'Quantidade compras REFRESCO CONCORRENTE em caixa física semanal',NULL,NULL,NULL),(450,10,1769,'',0.01,34,'Quantidade compras CERVEJA CONCORRENTE em caixa física semanal',NULL,NULL,NULL),(451,10,1772,'',0.01,35,'Quantidade compras OUTROS CONCORRENTE em caixa física semanal',NULL,NULL,NULL),(452,10,1775,'',0.01,36,'Com quem compra produtos Coca Cola',NULL,NULL,NULL),(453,10,1778,'',0.01,37,'Com quem compra produtos Concorrentes',NULL,NULL,NULL),(454,10,1781,'',0.01,38,'Tem interrese de ser atendido por um vendedor Coca Cola',NULL,NULL,NULL),(455,10,1784,'',0.01,39,'Se compra em outros canais, quais são os motivadores dessa compra',NULL,NULL,NULL),(456,10,1787,'',0.01,40,'Na sua percepção qual seria a classificação por GEC desse cliente',NULL,NULL,NULL),(457,10,1790,'',0.01,41,'Identificou invasão de outras franquias',NULL,NULL,NULL),(458,6,1795,'',0.01,31,'HA COMUM. PROMOÇÃO L6P5 CC PET 600ml ',NULL,NULL,NULL),(459,6,1798,'',0.01,32,'HA COMUM. DESCONTO DE  CC PET 2,5L',NULL,NULL,NULL),(460,4,1804,'',0.01,34,'HA ALGUMA GDM KOF',NULL,NULL,NULL),(461,8,1807,'',0.01,46,'HA PE DE CC 2L PREÇO 5.99',NULL,NULL,NULL),(462,8,1810,'',0.01,47,'HA PE DE SABORES 2L PREÇO 4.99',NULL,NULL,NULL),(463,6,1814,'',0.01,33,'HA COMUM. DESCONTO DE  SABORES PET 2L',NULL,NULL,NULL),(464,6,1819,'',0.01,34,'HA COMUM. DESCONTO DE  CC PET 2L ou 2,5L',NULL,NULL,NULL),(465,11,1823,'',0.01,1,'Vende ao menos três produtos da lista?',NULL,NULL,NULL),(466,11,1827,'',0.01,2,'Qual o negócio principal da loja?',NULL,NULL,NULL),(467,11,1830,'',0.01,3,'A loja tem nome de padaria / panificadora / confeitaria',NULL,NULL,NULL),(469,11,1838,'',0.01,4,'O consumidor escolhe os produtos diretamente no estabelecimento?',NULL,NULL,NULL),(470,11,1841,'',0.01,5,'O Estabelecimento possui quantos checkouts?',NULL,NULL,NULL),(471,11,1845,'',0.01,6,'Se o estabelecimento tem 1 cko, responder a pergunta',NULL,NULL,NULL),(472,11,1848,'',0.01,7,'O estabelecimento negocia produtos no atacado e varejo?',NULL,NULL,NULL),(473,11,1851,'',0.01,8,'O estabelecimento atende através do balcão?',NULL,NULL,NULL),(474,11,1854,'',0.01,9,'O estabelecimento possui no máximo 19 mesas?',NULL,NULL,NULL),(475,11,1857,'',0.01,10,'Se possui no máximo 19 mesas responder',NULL,NULL,NULL),(476,11,1860,'',0.01,11,'Se possui no máximo 19 mesas, vende ao menos três produtos da lista?',NULL,NULL,NULL),(477,11,1863,'',0.01,12,'O Estabelecimento possui quantos checkouts?',NULL,NULL,NULL),(478,6,1900,'',0.01,35,'QUADRO CERVEJA MARCA HEINEKEN',NULL,NULL,NULL),(480,6,1906,'',0.01,36,' ATIV INTERNA CSD CONS FUT RETOR PRECIFICADO (LÍQUIDO + VASILHAME) SUP.80CM',NULL,NULL,NULL),(481,6,1909,'',0.01,37,'QUADRO OU LUMINOSO CERVEJA MARCA SOL PREMIUM',NULL,NULL,NULL),(482,6,1912,'',0.01,38,'QUADRO OU LUMINOSO CERVEJA MARCA HEINEKEN',NULL,NULL,NULL),(483,8,1915,'',0.01,48,'PE PG OU ILHA CSD SABORES CONS IMED (EQUIP KOF 70%)',NULL,NULL,NULL),(485,8,1919,'',0.01,49,'PE PG OU ILHA CSD SABORES CONS IMED (GDM KOF 80%)',NULL,NULL,NULL),(486,8,1922,'',0.01,50,'PE PG OU ILHA SUCOS CONS IMED (EQUIP KOF 70%)',NULL,NULL,NULL),(487,8,1925,'',0.01,51,'PE PG OU ILHA SUCOS CONS IMED (GDM KOF 80%)',NULL,NULL,NULL),(488,8,1928,'',0.01,52,'PE CERVEJA KAISER OU BAVARIA OU AMSTEL OU SOL PREMIUM OU DESPERADOS (EQUIP KOF 70%)',NULL,NULL,NULL),(489,8,1931,'',0.01,53,'PE CERVEJA HEINEKEN  (EQUIP KOF 70%)',NULL,NULL,NULL),(490,8,1934,'',0.01,54,'PE CERVEJA KAISER OU BAVARIA OU AMSTEL OU SOL PREMIUM OU DESPERADOS (ATIVAÇÃO 10 FRENTES)',NULL,NULL,NULL),(491,8,1937,'',0.01,55,'PE CSD QUALQUER TAMANHO (EQUIP KOF 70%)',NULL,NULL,NULL),(492,8,1941,'',0.01,56,'PE CSD QUALQUER TAMANHO (GDM KOF 80%)',NULL,NULL,NULL),(493,8,1944,'',0.01,57,'RACK RETORNÁVEL 50% ABS CONS FUTURO ESTÁ NA ENTRADA DA LOJA OU 1ª EXPO REGULAR',NULL,NULL,NULL),(494,8,1948,'',0.01,58,'PE RACK COM MÍNIMO 50% DA ABAST',NULL,NULL,NULL),(495,3,1951,'',0.01,9,'ALIMENTOS DO COMBO CSD DISPONÍVEIS',NULL,NULL,NULL),(496,3,1955,'',0.01,10,'ALIMENTOS DO COMBO NCB DISPONÍVEIS',NULL,NULL,NULL),(497,4,1958,'',0.01,35,'HA GDM DESLIGADA ',NULL,NULL,NULL),(498,4,1961,'',0.01,36,'BLOCO GDM CERVEJA KOF',NULL,NULL,NULL),(499,4,1964,'',0.01,37,'BLOCO CERVEJA COM 50% MARCA HEINEKEN DO ABASTECIMENTO',NULL,NULL,NULL),(500,12,1967,'',0.01,1,'COLETOU ALGUM PREÇO',NULL,NULL,NULL),(501,6,2000,'',0.01,39,'CERVEGELA OU BALDE CERVEJA MARCA SOL PREMIUM',NULL,NULL,NULL),(502,8,2004,'AND',0.01,59,'PE MCATEG QQ TAMANHO PADARIA (ATIVACAO 30 FRENTES CSD + 30 FRENTES NCB)',NULL,NULL,NULL),(503,6,2009,'',0.01,40,'ATIVAÇÃO INTERNA CSD OU NCB',NULL,NULL,NULL),(504,6,2012,'',0.01,41,'ATIVAÇÃO EXTERNA CSD OU NCB',NULL,NULL,NULL),(505,8,2015,'',0.01,60,'PE PG OU ILHA CSD SABORES CONS IMED (ATIVAÇÃO 100 FRENTES)',NULL,NULL,NULL),(506,8,2018,'',0.01,61,'PE PG OU ILHA SUCOS CONS IMED (ATIVAÇÃO 80 FRENTES)',NULL,NULL,NULL),(507,8,2021,'OR',0.01,62,'PE CSD CONS FUT OU MPACK QQ TAMANHO ACOUGUE (ATIV 30 FRENTES)',NULL,NULL,NULL),(508,8,2027,'AND',0.01,63,'PE CSD E KAPO CORREDOR SEÇÃO DE BISC (ATIVAÇÃO CSD IMEDIATO 20 FRENTES + KAPO 20 FRENTES)',NULL,NULL,NULL),(509,8,2032,'',0.01,64,'PE CERVEJA HEINEKEN  (ATIVAÇÃO 10 FRENTES)',NULL,NULL,NULL),(510,8,2035,'',0.01,65,'PE CSD QUALQUER TAMANHO (ATIVAÇÃO 10 FRENTES)',NULL,NULL,NULL),(511,8,2039,'AND',0.01,66,'PE MCATEG QQ TAMANHO HORTFRUT (ATIVACAO 30 FRENTES CSD + 30 FRENTES AGUA/E OU SUCO)',NULL,NULL,NULL),(512,8,2044,'',0.01,67,'PE FEMSA CSD/NCB (ATIVAÇÃO 8 FRENTES)',NULL,NULL,NULL),(513,4,2048,'',0.01,38,'3 FRENTE KS GELADO GDM KOF (CSD/NCB/ENERG)',NULL,NULL,NULL),(514,4,2053,'',0.01,39,'3 FRENTE KS GELADO GDM PRÓPRIO',NULL,NULL,NULL),(515,4,2061,'',0.01,40,'3 FRENTE KS GELADO GDM CSD C HNK',NULL,NULL,NULL),(516,4,2067,'AND',0.01,41,'3 FRENTE KS GELADO GDM CSD C NCB',NULL,NULL,NULL),(517,4,2074,'AND',0.01,42,'3 FRENTE KS GELADO NCB C CSD',NULL,NULL,NULL),(518,4,2080,'AND',0.01,43,'3 FRENTE KS GELADO NCB C HNK',NULL,NULL,NULL),(519,4,2087,'AND',0.01,44,'3 FRENTE KS GELADO NCB C NCB',NULL,NULL,NULL),(520,8,2093,'',0.01,68,'PE CERVEJA (EQUIP KOF 70%)',NULL,NULL,NULL),(521,8,2097,'',0.01,69,'PE CERVEJA (ATIVAÇÃO 10 FRENTES)',NULL,NULL,NULL),(522,8,2106,'OR',0.01,70,'PE CSD CONS FUT OU MPACK QQ TAMANHO ACOUGUE (ATIV 40 FRENTES)',NULL,NULL,NULL),(523,8,2112,'',0.01,71,'PE KOF CSD',NULL,NULL,NULL),(524,8,2117,'',0.01,73,'QUADRO CERVEJA MARCA KAISER',NULL,NULL,NULL),(525,8,2120,'',0.01,74,'QUADRO CERVEJA MARCA BAVARIA',NULL,NULL,NULL),(526,6,2126,'',0.01,42,'HA MATERIAL DA CAMPANHA \"LEVA ESSA\" ',NULL,NULL,NULL),(527,6,2129,'',0.01,43,'HA VENTOSA COM MARCA DE ENERGETICO EM GDM KOF',NULL,NULL,NULL),(528,6,2132,'',0.01,44,'HA VENTOSA SEM MARCA DE ENERGETICO EM GDM KOF',NULL,NULL,NULL),(529,4,2172,'',0.01,45,'ABS GDM KOF(CSD OU NCB)',NULL,NULL,NULL),(530,5,2177,'OR',0.01,11,'INV GDM KOF (CSD OU NCB)',NULL,NULL,NULL),(531,4,2182,'',0.01,46,'ABS GDM KOF 80% (CSD/NCB/ENERG)',NULL,NULL,NULL),(532,4,2185,'',0.01,47,'ABS GDM NCB KOF',NULL,NULL,NULL),(533,4,2189,'',0.01,48,'PORTA GDM CSD NO CKOUT FEMSA',NULL,NULL,NULL),(534,4,2192,'',0.01,49,'PORTA GDM NCB NO CKOUT FEMSA',NULL,NULL,NULL),(535,8,2196,'',0.01,78,'PE SEC BEBIDAS NÃO ALCOOLICAS MULTICATEGORIA CSD E NCB - RACK KOF 50%  (25% CSD E 25% NCB)',NULL,NULL,NULL),(536,8,2200,'',0.01,79,'PE SEC BEBIDAS NÃO ALCOOLICAS MULTICATEGORIA CSD E NCB  - GDM KOF 80%  (40% NCB E 40% NCB)',NULL,NULL,NULL),(537,8,2203,'',0.01,1,'PESECMERCEARIASALGADACSDQQTAMANHOEQUIPKOF50',NULL,NULL,NULL),(538,8,2207,'',0.01,76,'PE SEC MERCEARIA SALGADA CSD QQ TAMANHO - GDM KOF 80% ',NULL,NULL,NULL),(539,8,2210,'',0.01,75,'PE SEC CONGELADOS MULTICATEGORIA CSD E NCB - RACK KOF 50%  (25% CSD E 25% NCB)',NULL,NULL,NULL),(540,8,2213,'',0.01,80,'PE SEC CONGELADOS MULTICATEGORIA CSD E NCB  - GDM KOF 80%  (40% NCB E 40% NCB)',NULL,NULL,NULL),(541,8,2216,'',0.01,81,'PE SEC BISCOITO MULTICATEGORIA CSD E NCB - RACK KOF 50%  (25% CSD E 25% NCB)',NULL,NULL,NULL),(542,8,2219,'',0.01,82,'PE SEC BISCOITO MULTICATEGORIA CSD E NCB  - GDM KOF 80%  (40% NCB E 40% NCB)',NULL,NULL,NULL),(544,8,2227,'',0.01,84,'PE RACK COM MÍNIMO 50% ABAST (DV FRUT OU DV FRESH)',NULL,NULL,NULL),(545,8,2230,'',0.01,85,'PE REFRESCO CONS. FUTURO GDM KOF 80% ABAST (DV FRUT OU DV FRESH)',NULL,NULL,NULL),(546,8,2233,'',0.01,86,'PE SEÇÃO DE BISC NCB ATÉ 300ML GDM KOF 80% (MENOS ENERG E ISOTONICO)',NULL,NULL,NULL),(547,8,2236,'',0.01,87,'PE SEÇÃO DE BISC NCB ATÉ 300ML RACK KOF 50% (MENOS ENERG E ISOTONICO)',NULL,NULL,NULL),(549,8,2280,'',0.01,89,'PE CONS IMEDIATO (CSD)',NULL,NULL,NULL),(550,12,2284,'',0.01,2,'HÁ MATERIAL DE COMUNICAÇAO DE PREÇO PRECIFICADO',NULL,NULL,NULL),(551,2,2288,'',0.01,14,'GDM KOF 80% ABAST CONS FUTURO ESTÁ NA ENT. DA LOJA OU 1ª EXPO REG. E 5 FRENTES DE NCB',NULL,NULL,NULL),(552,2,2292,'',0.01,15,'GDM KOF 80% ABAST CONS FUTURO ESTÁ NA ENT.DA LOJA OU 1ª EXPO REG. E  5 FRENTES DE RETORNÁVEL',NULL,NULL,NULL),(553,8,2308,'',0.01,90,'PE SEC MERCEARIA SALGADA CSD QQ TAMANHO - RACK KOF 50% ',NULL,NULL,NULL),(554,5,2320,'weight',0.01,12,'INV GDM CSD',NULL,NULL,NULL),(555,8,2333,'',0.01,91,'PE SEÇÃO DE BISC NCB ATÉ 300ML  (ATIVAÇÃO NCB MIN. 60 FRENTES )',NULL,NULL,NULL),(556,8,2337,'',0.01,92,'PE CSD CONS FUTURO RETORN. MIN. 10 FRENTES ENT DA LOJA ',NULL,NULL,NULL),(557,8,2340,'',0.01,93,'PE REFRESCO CONS. FUTURO (APENAS DV FRESH/DV FRUT) (ATIVAÇÃO 20 FRENTES)',NULL,NULL,NULL),(558,8,2343,'',0.01,95,'PE SEÇÃO DE BISC NCB ATÉ 300ML  (ATIVAÇÃO NCB MIN. 40 FRENTES )',NULL,NULL,NULL),(559,8,2346,'OR',0.01,96,'PE SEC BEBIDAS NÃO ALCOOLICAS MULTICATEGORIA CSD E NCB QQ TAM. MIN. 50 FRENTES (CSD E/OU NCB)',NULL,NULL,NULL),(560,8,2351,'',0.01,98,'PE SEC MERCEARIA SALGADA CSD QQ TAMANHO (MIN. 80 FRENTES) ',NULL,NULL,NULL),(561,8,2354,'AND',0.01,99,'PE SEC CONGELADOS MULTICATEGORIA CSD E NCB QQ TAM. MIN. 30 FRENTES  (CSD E NCB)',NULL,NULL,NULL),(562,8,2357,'AND',0.01,100,'PE SEC BISCOITO MULTICATEGORIA CSD E NCB QQ TAM. MIN. 30 FRENTES  (CSD E NCB)(CSDENCB)',NULL,NULL,NULL),(563,8,2364,'',0.01,101,'5 FRENTES NCB EM GDM KOF ',NULL,NULL,NULL),(564,8,2367,'',0.01,102,'PE BURN',NULL,NULL,NULL),(565,8,2370,'',0.01,103,'PE CONS FUTURO (CSD/NCAT)',NULL,NULL,NULL),(566,8,2373,'',0.01,105,'PE CONS IMEDIATO (EXCETO BURN E CERV)',NULL,NULL,NULL),(567,8,2377,'',0.01,104,'PE CONS IMEDIATO (NCAT)',NULL,NULL,NULL),(568,8,2380,'',0.01,106,'PE KOF CSD/NCAT',NULL,NULL,NULL),(569,8,2383,'',0.01,108,'PE KOF (EXCETO BURN E CERV)',NULL,NULL,NULL),(570,12,2390,'',NULL,3,'PRODUTOS KOF CSD PRECIFICADOS',NULL,NULL,NULL),(571,12,2393,'',0.01,4,'PRODUTOS KOF NCB PRECIFICADOS',NULL,NULL,NULL),(572,12,2396,'',NULL,5,'GDM KOF CSD/NCB EM POSIÇÃO DE LIDERANÇA',NULL,NULL,NULL),(573,12,2399,'',0.01,6,'5 FRENTES PRODUTOS KOF CSD/NCB GDM CLIENTE',NULL,NULL,NULL),(574,8,2403,'',NULL,109,'PE CSD KOF (MÍNIMO 4 FRENTES)',NULL,NULL,NULL),(575,8,2407,'',NULL,110,'PE NCB KOF (MÍNIMO 4 FRENTES)',NULL,NULL,NULL),(576,8,2410,'',NULL,111,'PE ÁGUA KOF (MÍNIMO 8 FRENTES)',NULL,NULL,NULL),(577,12,2418,'',0.01,7,'GDM KOF CSD/NCB EM POSIÇÃO DE LIDERANÇA',NULL,NULL,NULL),(578,3,2424,'',0.01,11,'POSSUI CC + FT LAR COM PREÇO COMBINADO',NULL,NULL,NULL),(579,3,2429,'',0.01,12,'POSSUI CC + FT GUA COM PREÇO COMBINADO',NULL,NULL,NULL);
use static;
REPLACE INTO `kpi_set` (`pk`, `name`, `scope_param_set_fk`, `missing_kpi_score`, `score_display`, `enable`, `normalize_weight`, `expose_to_api`, `is_in_weekly_report`, `tags`) VALUES (1,'Questionario',14,'Bad',NULL,'N','N','N','N',NULL),(2,'Ativação Produto',30,'Bad',NULL,'Y','N','N','N',NULL),(3,'Combo',30,'Bad',NULL,'Y','N','N','N',NULL),(4,'Geladeira',30,'Bad',NULL,'Y','N','N','N',NULL),(5,'Invasão *',30,'Bad',NULL,'Y','N','N','N',NULL),(6,'Materiais de Ativação',30,'Bad',NULL,'Y','N','N','N',NULL),(8,'Pontos Extra',30,'Bad',NULL,'Y','N','N','N',NULL),(9,'Ocorrencia',30,'Bad',NULL,'Y','N','N','N',NULL),(10,'ADHOC Project',30,'Bad',NULL,'Y','N','N','N',NULL),(11,'CANAIS-INE',30,'Bad',NULL,'Y','N','N','N',NULL),(12,'Preço',30,'Bad',NULL,'Y','N','N','N',NULL);
use static;
use static;
REPLACE INTO `kpi_level_2` (`pk`, `kpi_level_1_fk`, `type`, `client_name`, `kpi_family_fk`, `version`, `numerator_type_fk`, `denominator_type_fk`, `kpi_score_type_fk`, `kpi_result_type_fk`, `valid_from`, `valid_until`, `delete_time`, `initiated_by`, `context_type_fk`, `kpi_calculation_stage_fk`, `session_relevance`, `scene_relevance`, `planogram_relevance`, `live_session_relevance`, `live_scene_relevance`, `is_percent`, `kpi_target_type_fk`) VALUES (5,NULL,NULL,'AVAILABILITY',1,'1',999,999,NULL,NULL,NULL,NULL,NULL,'Ilay',NULL,3,1,0,0,0,0,0,NULL),(6,NULL,NULL,'PRICING',1,'1',999,999,NULL,NULL,NULL,NULL,NULL,'Ilay',NULL,3,1,0,0,0,0,0,NULL),(493,NULL,NULL,'BLOCO GDM CSD 50% COLAS CONSUMO IMEDIATO DA ABATECIMENTO',1,'1',999,999,NULL,NULL,NULL,NULL,NULL,'Ilay',NULL,3,1,0,0,0,0,0,NULL),(494,NULL,NULL,'BLOCO GDM CSD 50% COLAS TOTAL DO ABASTECIMENTO',1,'1',999,999,NULL,NULL,NULL,NULL,NULL,'Ilay',NULL,3,1,0,0,0,0,0,NULL),(495,NULL,NULL,'ABS GDM KOF 80% (CSD/NCB/ENERG)',1,'1',999,999,NULL,NULL,NULL,NULL,NULL,'Ilay',NULL,3,1,0,0,0,0,0,NULL),(496,NULL,NULL,'GDM KOF CSD NO CAIXA NORMAL COM 50% CSD INDIVIDUAL DO ABASTECIMENTO ENCONTRADO E PRESENÇA DE 5 FRENT',1,'1',999,999,NULL,NULL,NULL,NULL,NULL,'Ilay',NULL,3,1,0,0,0,0,0,NULL),(497,NULL,NULL,'GDM KOF CSD NO CAIXA RÁPIDO',1,'1',999,999,NULL,NULL,NULL,NULL,NULL,'Ilay',NULL,3,1,0,0,0,0,0,NULL),(498,NULL,NULL,'GDM KOF CSD NO CAIXA RÁPIDO COM 50% CSD FUTURO DO ABASTECIMENTO ENCONTRADO',1,'1',999,999,NULL,NULL,NULL,NULL,NULL,'Ilay',NULL,3,1,0,0,0,0,0,NULL),(499,NULL,NULL,'HÁ MATERIAL DE CSD OU NCB NO BALCÃO/MESA',1,'1',999,999,NULL,NULL,NULL,NULL,NULL,'Ilay',NULL,3,1,0,0,0,0,0,NULL),(500,NULL,NULL,'MATERIAL COM COMBO KOF (QUALQUER TAMANHO OU LOCAL)',1,'1',999,999,NULL,NULL,NULL,NULL,NULL,'Ilay',NULL,3,1,0,0,0,0,0,NULL),(501,NULL,NULL,'ATIV EXT OU ENT DA LOJA CSD CONS FUT PRECIFICADO SUP.80CM',1,'1',999,999,NULL,NULL,NULL,NULL,NULL,'Ilay',NULL,3,1,0,0,0,0,0,NULL),(502,NULL,NULL,'ATIV EXT OU ENT DA LOJA CSD CONS FUT RETOR PRECIFICADOSUP.80CM',1,'1',999,999,NULL,NULL,NULL,NULL,NULL,'Ilay',NULL,3,1,0,0,0,0,0,NULL),(503,NULL,NULL,'ATIV EXT OU ENT DA LOJA CSD CONS IME PRECIFICADO SUP.80CM',1,'1',999,999,NULL,NULL,NULL,NULL,NULL,'Ilay',NULL,3,1,0,0,0,0,0,NULL),(504,NULL,NULL,'ATIV EXT OU ENT DA LOJA CSD QQ TAM. PRECIFICADO SUP.80CM',1,'1',999,999,NULL,NULL,NULL,NULL,NULL,'Ilay',NULL,3,1,0,0,0,0,0,NULL),(505,NULL,NULL,'COMBO CSD NO BALCÃO',1,'1',999,999,NULL,NULL,NULL,NULL,NULL,'Ilay',NULL,3,1,0,0,0,0,0,NULL),(506,NULL,NULL,'COMBO KOF (EXCLUSIVO)',1,'1',999,999,NULL,NULL,NULL,NULL,NULL,'Ilay',NULL,3,1,0,0,0,0,0,NULL),(507,NULL,NULL,'COMBO NCB',1,'1',999,999,NULL,NULL,NULL,NULL,NULL,'Ilay',NULL,3,1,0,0,0,0,0,NULL),(508,NULL,NULL,'COMBO SUCO NO BALCÃO',1,'1',999,999,NULL,NULL,NULL,NULL,NULL,'Ilay',NULL,3,1,0,0,0,0,0,NULL),(509,NULL,NULL,'CONTEM MIN 2 CATEG NO MENU?',1,'1',999,999,NULL,NULL,NULL,NULL,NULL,'Ilay',NULL,3,1,0,0,0,0,0,NULL),(510,NULL,NULL,'GDM KOF CSD NO CAIXA NORMAL',1,'1',999,999,NULL,NULL,NULL,NULL,NULL,'Ilay',NULL,3,1,0,0,0,0,0,NULL),(511,NULL,NULL,'GDM KOF MINIMO 80% ABAST',1,'1',999,999,NULL,NULL,NULL,NULL,NULL,'Ilay',NULL,3,1,0,0,0,0,0,NULL),(512,NULL,NULL,'HA 1 PROD KOF NO MENUBOARD?',1,'1',999,999,NULL,NULL,NULL,NULL,NULL,'Ilay',NULL,3,1,0,0,0,0,0,NULL),(513,NULL,NULL,'HA ATIVACAO INTERNA CSD OU NCB',1,'1',999,999,NULL,NULL,NULL,NULL,NULL,'Ilay',NULL,3,1,0,0,0,0,0,NULL),(514,NULL,NULL,'MATERIAL COM MARCA COCA-COLA (QUALQUER TAMANHO)',1,'1',999,999,NULL,NULL,NULL,NULL,NULL,'Ilay',NULL,3,1,0,0,0,0,0,NULL),(515,NULL,NULL,'MATERIAL TEMPORÁRIO',1,'1',999,999,NULL,NULL,NULL,NULL,NULL,'Ilay',NULL,3,1,0,0,0,0,0,NULL),(516,NULL,NULL,'HA VENT BURN ABASTEC',1,'1',999,999,NULL,NULL,NULL,NULL,NULL,'Ilay',NULL,3,1,0,0,0,0,0,NULL),(517,NULL,NULL,'PE CSD CONS FUT OU MPACK QQ TAMANHO ACOUGUE (RACK KOF 50%)',1,'1',999,999,NULL,NULL,NULL,NULL,NULL,'Ilay',NULL,3,1,0,0,0,0,0,NULL),(518,NULL,NULL,'PE CSD CONS FUT OU MPACK QQ TAMANHO ACOUGUE (GDM KOF 80%)',1,'1',999,999,NULL,NULL,NULL,NULL,NULL,'Ilay',NULL,3,1,0,0,0,0,0,NULL),(519,NULL,NULL,'PG SEC BEBIDAS CSD CONS FUTURO E CONS IMED - RACK KOF 50%  (MINÍMO 50% CONS.IMEDIATO)',1,'1',999,999,NULL,NULL,NULL,NULL,NULL,'Ilay',NULL,3,1,0,0,0,0,0,NULL),(520,NULL,NULL,'PG SEC BEBIDAS CSD CONS FUTURO E CONS IMED - GDM KOF 80%  (MINÍMO 50% CONS. IMEDIATO)',1,'1',999,999,NULL,NULL,NULL,NULL,NULL,'Ilay',NULL,3,1,0,0,0,0,0,NULL),(521,NULL,NULL,'PE MCATEG QQ TAMANHO HORTFRUT RACK KOF 50% (25% DE CSD E 25% AGUA E/OU SUCO)',1,'1',999,999,NULL,NULL,NULL,NULL,NULL,'Ilay',NULL,3,1,0,0,0,0,0,NULL),(522,NULL,NULL,'PE MCATEG QQ TAMANHO HORTFRUT GDM 80% (40% DE CSD E 40% AGUA E/OU SUCOS)',1,'1',999,999,NULL,NULL,NULL,NULL,NULL,'Ilay',NULL,3,1,0,0,0,0,0,NULL),(523,NULL,NULL,'PE MCATEG QQ TAMANHO PADARIA RACK KOF 50% (25% DE CSD E 25% AGUA E/OU SUCO)',1,'1',999,999,NULL,NULL,NULL,NULL,NULL,'Ilay',NULL,3,1,0,0,0,0,0,NULL),(524,NULL,NULL,'PE MCATEG QQ TAMANHO PADARIA GDM 80% (40% DE CSD E 40% AGUA E/OU SUCOS)',1,'1',999,999,NULL,NULL,NULL,NULL,NULL,'Ilay',NULL,3,1,0,0,0,0,0,NULL),(525,NULL,NULL,'ATIV INTERNA CSD CONS FUT PRECIFICADO MIN.80CM',1,'1',999,999,NULL,NULL,NULL,NULL,NULL,'Ilay',NULL,3,1,0,0,0,0,0,NULL),(526,NULL,NULL,'PORTA GDM CSD FEMSA',1,'1',999,999,NULL,NULL,NULL,NULL,NULL,'Ilay',NULL,3,1,0,0,0,0,0,NULL),(527,NULL,NULL,'PORTA GDM NCB FEMSA',1,'1',999,999,NULL,NULL,NULL,NULL,NULL,'Ilay',NULL,3,1,0,0,0,0,0,NULL),(528,NULL,NULL,'POSSUI CAIXA RÁPIDO',1,'1',999,999,NULL,NULL,NULL,NULL,NULL,'Ilay',NULL,3,1,0,0,0,0,0,NULL),(529,NULL,NULL,'BLOCO GDM CSD KOF',1,'1',999,999,NULL,NULL,NULL,NULL,NULL,'Ilay',NULL,3,1,0,0,0,0,0,NULL),(530,NULL,NULL,'HA ALGUMA GDM KOF INVADIDA',1,'1',999,999,NULL,NULL,NULL,NULL,NULL,'Ilay',NULL,3,1,0,0,0,0,0,NULL),(531,NULL,NULL,'PE MPACK CSD',1,'1',999,999,NULL,NULL,NULL,NULL,NULL,'Ilay',NULL,3,1,0,0,0,0,0,NULL),(532,NULL,NULL,'PE MPACK NCB',1,'1',999,999,NULL,NULL,NULL,NULL,NULL,'Ilay',NULL,3,1,0,0,0,0,0,NULL),(533,NULL,NULL,'PE CSD LT',1,'1',999,999,NULL,NULL,NULL,NULL,NULL,'Ilay',NULL,3,1,0,0,0,0,0,NULL),(534,NULL,NULL,'HA ALGUMA GDM KOF',1,'1',999,999,NULL,NULL,NULL,NULL,NULL,'Ilay',NULL,3,1,0,0,0,0,0,NULL),(535,NULL,NULL,'ATIV INTERNA CSD CONS FUT RETOR PRECIFICADO (LÍQUIDO + VASILHAME) SUP.80CM',1,'1',999,999,NULL,NULL,NULL,NULL,NULL,'Ilay',NULL,3,1,0,0,0,0,0,NULL),(536,NULL,NULL,'ALIMENTOS DO COMBO CSD DISPONÍVEIS',1,'1',999,999,NULL,NULL,NULL,NULL,NULL,'Ilay',NULL,3,1,0,0,0,0,0,NULL),(537,NULL,NULL,'ALIMENTOS DO COMBO NCB DISPONÍVEIS',1,'1',999,999,NULL,NULL,NULL,NULL,NULL,'Ilay',NULL,3,1,0,0,0,0,0,NULL),(538,NULL,NULL,'COLETOU ALGUM PREÇO',1,'1',999,999,NULL,NULL,NULL,NULL,NULL,'Ilay',NULL,3,1,0,0,0,0,0,NULL),(539,NULL,NULL,'HA GDM DESLIGADA',1,'1',999,999,NULL,NULL,NULL,NULL,NULL,'Ilay',NULL,3,1,0,0,0,0,0,NULL),(540,NULL,NULL,'RACK RETORNÁVEL 50% ABS CONS FUTURO ESTÁ NA ENTRADA DA LOJA OU 1ª EXPO REGULAR',1,'1',999,999,NULL,NULL,NULL,NULL,NULL,'Ilay',NULL,3,1,0,0,0,0,0,NULL),(541,NULL,NULL,'PE RACK COM MÍNIMO 50% DA ABAST',1,'1',999,999,NULL,NULL,NULL,NULL,NULL,'Ilay',NULL,3,1,0,0,0,0,0,NULL),(542,NULL,NULL,'HA VENTOSA COM MARCA DE ENERGETICO EM GDM KOF',1,'1',999,999,NULL,NULL,NULL,NULL,NULL,'Ilay',NULL,3,1,0,0,0,0,0,NULL),(543,NULL,NULL,'HA VENTOSA SEM MARCA DE ENERGETICO EM GDM KOF',1,'1',999,999,NULL,NULL,NULL,NULL,NULL,'Ilay',NULL,3,1,0,0,0,0,0,NULL),(544,NULL,NULL,'PE RACK COM MÍNIMO 50% ABAST (DV FRUT OU DV FRESH)',1,'1',999,999,NULL,NULL,NULL,NULL,NULL,'Ilay',NULL,3,1,0,0,0,0,0,NULL),(545,NULL,NULL,'PE REFRESCO CONS. FUTURO GDM KOF 80% ABAST (DV FRUT OU DV FRESH)',1,'1',999,999,NULL,NULL,NULL,NULL,NULL,'Ilay',NULL,3,1,0,0,0,0,0,NULL),(546,NULL,NULL,'PE SEÇÃO DE BISC NCB ATÉ 300ML GDM KOF 80% (MENOS ENERG E ISOTONICO)',1,'1',999,999,NULL,NULL,NULL,NULL,NULL,'Ilay',NULL,3,1,0,0,0,0,0,NULL),(547,NULL,NULL,'PE SEÇÃO DE BISC NCB ATÉ 300ML RACK KOF 50% (MENOS ENERG E ISOTONICO)',1,'1',999,999,NULL,NULL,NULL,NULL,NULL,'Ilay',NULL,3,1,0,0,0,0,0,NULL),(548,NULL,NULL,'PE SEC BEBIDAS NÃO ALCOOLICAS MULTICATEGORIA CSD E NCB - RACK KOF 50%  (25% CSD E 25% NCB)',1,'1',999,999,NULL,NULL,NULL,NULL,NULL,'Ilay',NULL,3,1,0,0,0,0,0,NULL),(549,NULL,NULL,'PE SEC BEBIDAS NÃO ALCOOLICAS MULTICATEGORIA CSD E NCB  - GDM KOF 80%  (40% NCB E 40% NCB)',1,'1',999,999,NULL,NULL,NULL,NULL,NULL,'Ilay',NULL,3,1,0,0,0,0,0,NULL),(550,NULL,NULL,'PE SEC MERCEARIA SALGADA CSD QQ TAMANHO - RACK KOF 50%',1,'1',999,999,NULL,NULL,NULL,NULL,NULL,'Ilay',NULL,3,1,0,0,0,0,0,NULL),(551,NULL,NULL,'PE SEC MERCEARIA SALGADA CSD QQ TAMANHO   - GDM KOF 80%',1,'1',999,999,NULL,NULL,NULL,NULL,NULL,'Ilay',NULL,3,1,0,0,0,0,0,NULL),(552,NULL,NULL,'PE SEC CONGELADOS MULTICATEGORIA CSD E NCB - RACK KOF 50%  (25% CSD E 25% NCB)',1,'1',999,999,NULL,NULL,NULL,NULL,NULL,'Ilay',NULL,3,1,0,0,0,0,0,NULL),(553,NULL,NULL,'PE SEC CONGELADOS MULTICATEGORIA CSD E NCB  - GDM KOF 80%  (40% NCB E 40% NCB)',1,'1',999,999,NULL,NULL,NULL,NULL,NULL,'Ilay',NULL,3,1,0,0,0,0,0,NULL),(554,NULL,NULL,'PE SEC BISCOITO MULTICATEGORIA CSD E NCB - RACK KOF 50%  (25% CSD E 25% NCB)',1,'1',999,999,NULL,NULL,NULL,NULL,NULL,'Ilay',NULL,3,1,0,0,0,0,0,NULL),(555,NULL,NULL,'PE SEC BISCOITO MULTICATEGORIA CSD E NCB  - GDM KOF 80%  (40% NCB E 40% NCB)',1,'1',999,999,NULL,NULL,NULL,NULL,NULL,'Ilay',NULL,3,1,0,0,0,0,0,NULL),(556,NULL,NULL,'GDM KOF 80% ABAST CONS FUTURO ESTÁ NA ENT.DA LOJA OU 1ª EXPO REG. E  5 FRENTES DE RETORNÁVEL',1,'1',999,999,NULL,NULL,NULL,NULL,NULL,'Ilay',NULL,3,1,0,0,0,0,0,NULL),(557,NULL,NULL,'HÁ MATERIAL DE COMUNICAÇAO DE PREÇO PRECIFICADO',1,'1',999,999,NULL,NULL,NULL,NULL,NULL,'Ilay',NULL,3,1,0,0,0,0,0,NULL),(558,NULL,NULL,'PE CONS IMEDIATO (CSD)',1,'1',999,999,NULL,NULL,NULL,NULL,NULL,'Ilay',NULL,3,1,0,0,0,0,0,NULL),(559,NULL,NULL,'PRODUTOS KOF CSD PRECIFICADOS',1,'1',999,999,NULL,NULL,NULL,NULL,NULL,'Ilay',NULL,3,1,0,0,0,0,0,NULL),(560,NULL,NULL,'PRODUTOS KOF NCB PRECIFICADOS',1,'1',999,999,NULL,NULL,NULL,NULL,NULL,'Ilay',NULL,3,1,0,0,0,0,0,NULL),(561,NULL,NULL,'GDM KOF CSD/NCB EM POSIÇÃO DE LIDERANÇA',1,'1',999,999,NULL,NULL,NULL,NULL,NULL,'Ilay',NULL,3,1,0,0,0,0,0,NULL),(562,NULL,NULL,'INV GDM CSD',1,'1',999,999,NULL,NULL,NULL,NULL,NULL,'Ilay',NULL,3,1,0,0,0,0,0,NULL),(563,NULL,NULL,'INV GDM HNK',1,'1',999,999,NULL,NULL,NULL,NULL,NULL,'Ilay',NULL,3,1,0,0,0,0,0,NULL),(564,NULL,NULL,'INV GDM NCAT',1,'1',999,999,NULL,NULL,NULL,NULL,NULL,'Ilay',NULL,3,1,0,0,0,0,0,NULL),(565,NULL,NULL,'5 FRENTES CSD CONSUMO FUTURO RETORNÁVEL GELADO',1,'1',999,999,NULL,NULL,NULL,NULL,NULL,'Ilay',NULL,3,1,0,0,0,0,0,NULL),(566,NULL,NULL,'ATIV CSD',1,'1',999,999,NULL,NULL,NULL,NULL,NULL,'Ilay',NULL,3,1,0,0,0,0,0,NULL),(567,NULL,NULL,'ATIV NCB',1,'1',999,999,NULL,NULL,NULL,NULL,NULL,'Ilay',NULL,3,1,0,0,0,0,0,NULL),(568,NULL,NULL,'EQUIP PROX AO FOOD SERVICE (CSD/NCAT)',1,'1',999,999,NULL,NULL,NULL,NULL,NULL,'Ilay',NULL,3,1,0,0,0,0,0,NULL),(569,NULL,NULL,'GDM KOF CSD/NCB 1 POSIÇÃO',1,'1',999,999,NULL,NULL,NULL,NULL,NULL,'Ilay',NULL,3,1,0,0,0,0,0,NULL),(570,NULL,NULL,'GDM FEMSA NO CKOUT',1,'1',999,999,NULL,NULL,NULL,NULL,NULL,'Ilay',NULL,3,1,0,0,0,0,0,NULL),(571,NULL,NULL,'GDM KOF EM POSIÇÃO DE LIDERANÇA',1,'1',999,999,NULL,NULL,NULL,NULL,NULL,'Ilay',NULL,3,1,0,0,0,0,0,NULL),(572,NULL,NULL,'PE ÁGUA CRYSTAL (ATIVAÇÃO 20 FRENTES)',1,'1',999,999,NULL,NULL,NULL,NULL,NULL,'Ilay',NULL,3,1,0,0,0,0,0,NULL),(573,NULL,NULL,'PE CSD FEMSA (ATIVAÇÃO 20 FRENTES)',1,'1',999,999,NULL,NULL,NULL,NULL,NULL,'Ilay',NULL,3,1,0,0,0,0,0,NULL),(574,NULL,NULL,'PE NCB FEMSA (ATIVAÇÃO 20 FRENTES)',1,'1',999,999,NULL,NULL,NULL,NULL,NULL,'Ilay',NULL,3,1,0,0,0,0,0,NULL),(575,NULL,NULL,'NADA EXPOSTO',1,'1',999,999,NULL,NULL,NULL,NULL,NULL,'Ilay',NULL,3,1,0,0,0,0,0,NULL),(576,NULL,NULL,'PE BURN',1,'1',999,999,NULL,NULL,NULL,NULL,NULL,'Ilay',NULL,3,1,0,0,0,0,0,NULL),(577,NULL,NULL,'PE CONS FUTURO (CSD/NCAT)',1,'1',999,999,NULL,NULL,NULL,NULL,NULL,'Ilay',NULL,3,1,0,0,0,0,0,NULL),(578,NULL,NULL,'PE CONS IMEDIATO (EXCETO ENERG E CERV)',1,'1',999,999,NULL,NULL,NULL,NULL,NULL,'Ilay',NULL,3,1,0,0,0,0,0,NULL),(579,NULL,NULL,'PE CONS IMEDIATO (NCAT)',1,'1',999,999,NULL,NULL,NULL,NULL,NULL,'Ilay',NULL,3,1,0,0,0,0,0,NULL),(580,NULL,NULL,'PE CSD CONS FUT OU MPACK QQ TAMANHO ACOUGUE (ATIV 40 FRENTES)',1,'1',999,999,NULL,NULL,NULL,NULL,NULL,'Ilay',NULL,3,1,0,0,0,0,0,NULL),(581,NULL,NULL,'PG SEC BEBIDAS CSD CONS FUTURO E CONS IMED - 40 FRENTES (20 FUTURO E 20 IMEDIATO)',1,'1',999,999,NULL,NULL,NULL,NULL,NULL,'Ilay',NULL,3,1,0,0,0,0,0,NULL),(582,NULL,NULL,'PE KOF CSD/NCAT',1,'1',999,999,NULL,NULL,NULL,NULL,NULL,'Ilay',NULL,3,1,0,0,0,0,0,NULL),(583,NULL,NULL,'PE KOF (EXCETO BURN E CERV)',1,'1',999,999,NULL,NULL,NULL,NULL,NULL,'Ilay',NULL,3,1,0,0,0,0,0,NULL),(584,NULL,NULL,'PE MCATEG QQ TAMANHO HORTFRUT (ATIVACAO 20 FRENTES CSD + 20 FRENTES AGUA/E OU SUCO)',1,'1',999,999,NULL,NULL,NULL,NULL,NULL,'Ilay',NULL,3,1,0,0,0,0,0,NULL),(585,NULL,NULL,'PE MCATEG QQ TAMANHO PADARIA (ATIVACAO 20 FRENTES CSD + 20 FRENTES AGUA/E OU SUCO)',1,'1',999,999,NULL,NULL,NULL,NULL,NULL,'Ilay',NULL,3,1,0,0,0,0,0,NULL),(586,NULL,NULL,'QTD GDM CSD',1,'1',999,999,NULL,NULL,NULL,NULL,NULL,'Ilay',NULL,3,1,0,0,0,0,0,NULL),(587,NULL,NULL,'QTD GDM HNK',1,'1',999,999,NULL,NULL,NULL,NULL,NULL,'Ilay',NULL,3,1,0,0,0,0,0,NULL),(588,NULL,NULL,'QTD GDM NCAT',1,'1',999,999,NULL,NULL,NULL,NULL,NULL,'Ilay',NULL,3,1,0,0,0,0,0,NULL),(589,NULL,NULL,'PE CSD CONS FUT OU MPACK QQ TAMANHO ACOUGUE (ATIV 30 FRENTES)',1,'1',999,999,NULL,NULL,NULL,NULL,NULL,'Ilay',NULL,3,1,0,0,0,0,0,NULL),(590,NULL,NULL,'PE MCATEG QQ TAMANHO HORTFRUT (ATIVACAO 30 FRENTES CSD + 30 FRENTES AGUA/E OU SUCO)',1,'1',999,999,NULL,NULL,NULL,NULL,NULL,'Ilay',NULL,3,1,0,0,0,0,0,NULL),(591,NULL,NULL,'PE SEÇÃO DE BISC NCB ATÉ 300ML  (ATIVAÇÃO NCB MIN. 60 FRENTES )',1,'1',999,999,NULL,NULL,NULL,NULL,NULL,'Ilay',NULL,3,1,0,0,0,0,0,NULL),(592,NULL,NULL,'3 FRENTE KS GELADO GDM KOF (CSD/NCB/ENERG)',1,'1',999,999,NULL,NULL,NULL,NULL,NULL,'Ilay',NULL,3,1,0,0,0,0,0,NULL),(593,NULL,NULL,'3 FRENTE KS GELADO GDM PRÓPRIO',1,'1',999,999,NULL,NULL,NULL,NULL,NULL,'Ilay',NULL,3,1,0,0,0,0,0,NULL),(594,NULL,NULL,'PE FEMSA CSD/NCB (ATIVAÇÃO 8 FRENTES)',1,'1',999,999,NULL,NULL,NULL,NULL,NULL,'Ilay',NULL,3,1,0,0,0,0,0,NULL),(595,NULL,NULL,'ATIVAÇÃO INTERNA CSD OU NCB',1,'1',999,999,NULL,NULL,NULL,NULL,NULL,'Ilay',NULL,3,1,0,0,0,0,0,NULL),(596,NULL,NULL,'ATIVAÇÃO EXTERNA CSD OU NCB',1,'1',999,999,NULL,NULL,NULL,NULL,NULL,'Ilay',NULL,3,1,0,0,0,0,0,NULL),(597,NULL,NULL,'PE KOF CSD',1,'1',999,999,NULL,NULL,NULL,NULL,NULL,'Ilay',NULL,3,1,0,0,0,0,0,NULL),(598,NULL,NULL,'PE CSD CONS FUTURO RETORN. MIN. 10 FRENTES ENT DA LOJA',1,'1',999,999,NULL,NULL,NULL,NULL,NULL,'Ilay',NULL,3,1,0,0,0,0,0,NULL),(599,NULL,NULL,'PE REFRESCO CONS. FUTURO (APENAS DV FRESH/DV FRUT) (ATIVAÇÃO 20 FRENTES)',1,'1',999,999,NULL,NULL,NULL,NULL,NULL,'Ilay',NULL,3,1,0,0,0,0,0,NULL),(600,NULL,NULL,'PE SEÇÃO DE BISC NCB ATÉ 300ML  (ATIVAÇÃO NCB MIN. 40 FRENTES )',1,'1',999,999,NULL,NULL,NULL,NULL,NULL,'Ilay',NULL,3,1,0,0,0,0,0,NULL),(601,NULL,NULL,'PE MCATEG QQ TAMANHO PADARIA (ATIVACAO 30 FRENTES CSD + 30 FRENTES AGUA/E OU SUCO)',1,'1',999,999,NULL,NULL,NULL,NULL,NULL,'Ilay',NULL,3,1,0,0,0,0,0,NULL),(602,NULL,NULL,'PE SEC BEBIDAS NÃO ALCOOLICAS MULTICATEGORIA CSD E NCB QQ TAM. MIN. 50 FRENTES (CSD E/OU NCB)',1,'1',999,999,NULL,NULL,NULL,NULL,NULL,'Ilay',NULL,3,1,0,0,0,0,0,NULL),(603,NULL,NULL,'PE SEC MERCEARIA SALGADA CSD QQ TAMANHO (MIN. 80 FRENTES)',1,'1',999,999,NULL,NULL,NULL,NULL,NULL,'Ilay',NULL,3,1,0,0,0,0,0,NULL),(604,NULL,NULL,'PE SEC CONGELADOS MULTICATEGORIA CSD E NCB QQ TAM. MIN. 30 FRENTES  (CSD E NCB)',1,'1',999,999,NULL,NULL,NULL,NULL,NULL,'Ilay',NULL,3,1,0,0,0,0,0,NULL),(605,NULL,NULL,'PE SEC BISCOITO MULTICATEGORIA CSD E NCB QQ TAM. MIN. 30 FRENTES  (CSD E NCB)',1,'1',999,999,NULL,NULL,NULL,NULL,NULL,'Ilay',NULL,3,1,0,0,0,0,0,NULL),(606,NULL,NULL,'5 FRENTES NCB EM GDM KOF',1,'1',999,999,NULL,NULL,NULL,NULL,NULL,'Ilay',NULL,3,1,0,0,0,0,0,NULL),(607,NULL,NULL,'5 FRENTES PRODUTOS KOF CSD/NCB GDM CLIENTE',1,'1',999,999,NULL,NULL,NULL,NULL,NULL,'Ilay',NULL,3,1,0,0,0,0,0,NULL),(608,NULL,NULL,'PE CSD KOF (MÍNIMO 4 FRENTES)',1,'1',999,999,NULL,NULL,NULL,NULL,NULL,'Ilay',NULL,3,1,0,0,0,0,0,NULL),(609,NULL,NULL,'PE NCB KOF (MÍNIMO 4 FRENTES)',1,'1',999,999,NULL,NULL,NULL,NULL,NULL,'Ilay',NULL,3,1,0,0,0,0,0,NULL),(610,NULL,NULL,'PE CSD KOF (MÍNIMO 8 FRENTES)',1,'1',999,999,NULL,NULL,NULL,NULL,NULL,'Ilay',NULL,3,1,0,0,0,0,0,NULL),(611,NULL,NULL,'PE NCB KOF (MÍNIMO 8 FRENTES)',1,'1',999,999,NULL,NULL,NULL,NULL,NULL,'Ilay',NULL,3,1,0,0,0,0,0,NULL),(612,NULL,NULL,'PE ÁGUA KOF (MÍNIMO 8 FRENTES)',1,'1',999,999,NULL,NULL,NULL,NULL,NULL,'Ilay',NULL,3,1,0,0,0,0,0,NULL),(613,NULL,NULL,'MENUBOARD COM COMBO KOF (CSD OU NCB)',1,'1',999,999,NULL,NULL,NULL,NULL,NULL,'Ilay',NULL,3,1,0,0,0,0,0,NULL),(614,NULL,NULL,'POSSUI CC + FT LAR COM PREÇO COMBINADO',1,'1',999,999,NULL,NULL,NULL,NULL,NULL,'Ilay',NULL,3,1,0,0,0,0,0,NULL),(615,NULL,NULL,'POSSUI CC + FT GUA COM PREÇO COMBINADO',1,'1',999,999,NULL,NULL,NULL,NULL,NULL,'Ilay',NULL,3,1,0,0,0,0,0,NULL),(616,NULL,NULL,'Foi possível realizar a pesquisa?',1,'1',999,999,NULL,NULL,NULL,NULL,NULL,'Idan',NULL,3,1,0,0,0,0,0,NULL),(617,NULL,NULL,'Caso negativo, qual foi o motivo que impediu de realizar a visita?',1,'1',999,999,NULL,NULL,NULL,NULL,NULL,'Idan',NULL,3,1,0,0,0,0,0,NULL);
use static;
use static;
REPLACE INTO `kpi_entity_type` (`pk`, `name`, `table_name`, `uid_field`, `parent_entity_type_fk`, `parent_id_column`) VALUES (999,'PS','',NULL,NULL,NULL);
use static;
REPLACE INTO `kpi_family` (`pk`, `name`, `kpi_calculation_stage_fk`) VALUES (1,'PS',1);
use static;
use static;
REPLACE INTO `kpi_result_type` (`pk`, `name`, `kpi_scale_type_fk`) VALUES (1,'PRESENCE',1);
use static;
REPLACE INTO `kpi_calculation_stage` (`pk`, `name`) VALUES (2,'END OF CYCLE'),(1,'LIVE'),(3,'PS');
use static;
REPLACE INTO `match_product_in_probe_attributes_state` (`pk`, `state`) VALUES (1,'not_specified'),(2,'unclear');
use static;
use static;
use static_new;
REPLACE INTO `brand` (`pk`, `name`, `local_name`, `uuid`, `created_by`, `creation_date`, `delete_date`, `logo_path`, `recognition_level_fk`, `smart_caption_field`, `smart_display_order`, `smart_pallet_order_1`, `smart_pallet_order_2`, `smart_pallet_order_3`, `smart_pallet_order_4`, `price_recognition`, `manufacturer_fk`, `global_code`) VALUES (16,'COCA-COLA','COCA-COLA','5b6d6bba-9d2b-11e7-b3ee-54ee75362635','old static import','2017-09-19 11:11:46',NULL,'http://traxus.s3.amazonaws.com/ccbr/Brands/16/20141022070247',3,'size',5,NULL,NULL,NULL,NULL,NULL,1,NULL),(15,'COCA-COLA ZERO','COCA-COLA ZERO','5b6d6b06-9d2b-11e7-b3ee-54ee75362635','old static import','2017-09-19 11:11:46',NULL,'http://traxus.s3.amazonaws.com/ccbr/Brands/15/20141022070246',3,'size',10,NULL,NULL,NULL,NULL,NULL,1,NULL),(17,'FANTA','FANTA','5b6d6c5a-9d2b-11e7-b3ee-54ee75362635','old static import','2017-09-19 11:11:46',NULL,'http://traxus.s3.amazonaws.com/ccbr/Brands/17/20141022073000',3,'size',19,NULL,NULL,NULL,NULL,NULL,1,NULL),(18,'KUAT','KUAT','5b6d6d04-9d2b-11e7-b3ee-54ee75362635','old static import','2017-09-19 11:11:46',NULL,'http://traxus.s3.amazonaws.com/ccbr/Brands/18/20141022070248',3,'size',30,NULL,NULL,NULL,NULL,NULL,1,NULL),(19,'SPRITE','SPRITE','5b6d6da4-9d2b-11e7-b3ee-54ee75362635','old static import','2017-09-19 11:11:46',NULL,'http://traxus.s3.amazonaws.com/ccbr/Brands/19/20141022070249',3,'size',45,NULL,NULL,NULL,NULL,NULL,1,NULL),(21,'Empty','Empty','5b6d6eee-9d2b-11e7-b3ee-54ee75362635','old static import','2017-09-19 11:11:46',NULL,'http://traxus.s3.amazonaws.com/ccbr/Brands/21/20141022114415',2,'size',1,NULL,NULL,NULL,NULL,NULL,38,NULL),(52,'GUARANA','GUARANA','5b6d8514-9d2b-11e7-b3ee-54ee75362635','old static import','2017-09-19 11:11:46',NULL,'http://traxus.s3.amazonaws.com/ccbr/Brands/52/20150510133206',3,'size',23,NULL,NULL,NULL,NULL,NULL,7,NULL);
use static_new;
use static_new;
use static_new;
REPLACE INTO `category` (`pk`, `name`, `local_name`, `uuid`, `delete_date`, `display_order`) VALUES (0,'General','General','00000000-0000-0000-0000-000000000000',NULL,9),(1,NULL,'Refrigerante','5b6e3504-9d2b-11e7-b3ee-54ee75362635','2015-05-06 11:59:34',1),(2,'POS Material','POS Material','5b6e35fe-9d2b-11e7-b3ee-54ee75362635',NULL,13),(3,NULL,'Ponto Extra','5b6e36a8-9d2b-11e7-b3ee-54ee75362635','2015-05-11 12:01:10',NULL),(4,NULL,'Geladeira','5b6e373e-9d2b-11e7-b3ee-54ee75362635','2015-05-11 12:00:53',NULL),(5,NULL,'Gondola','5b6e37d4-9d2b-11e7-b3ee-54ee75362635','2015-05-11 12:01:00',NULL),(6,'Cerveja','Cerveja','5b6e3874-9d2b-11e7-b3ee-54ee75362635',NULL,6),(7,'Iso','Iso','5b6e3914-9d2b-11e7-b3ee-54ee75362635',NULL,10),(8,'CSD','CSD','5b6e39aa-9d2b-11e7-b3ee-54ee75362635',NULL,5),(9,NULL,'Refres','5b6e3a40-9d2b-11e7-b3ee-54ee75362635','2015-05-06 12:00:33',NULL),(10,'Agua','Agua','5b6e3ad6-9d2b-11e7-b3ee-54ee75362635',NULL,3),(11,'Suco','Suco','5b6e3b6c-9d2b-11e7-b3ee-54ee75362635',NULL,16),(12,'Cha','Cha','5b6e3c0c-9d2b-11e7-b3ee-54ee75362635',NULL,7),(13,'Energ','Energ','5b6e3ca2-9d2b-11e7-b3ee-54ee75362635',NULL,8),(14,'Lacteo','Lacteo','5b6e3d38-9d2b-11e7-b3ee-54ee75362635',NULL,11),(15,NULL,'CERVEJA PILSEN','5b6e3dce-9d2b-11e7-b3ee-54ee75362635','2015-05-06 12:00:10',NULL),(16,NULL,'ESPECIAIS','5b6e3e64-9d2b-11e7-b3ee-54ee75362635','2015-05-06 12:00:16',NULL),(17,'Other','Other','5b6e3efa-9d2b-11e7-b3ee-54ee75362635',NULL,12),(18,'Refres','Refres','5b6e3fb8-9d2b-11e7-b3ee-54ee75362635',NULL,14),(19,NULL,'I9 POS','5b6e4058-9d2b-11e7-b3ee-54ee75362635','2017-01-08 08:35:55',NULL),(20,NULL,'Pricing','5b6e40ee-9d2b-11e7-b3ee-54ee75362635','2016-02-24 12:51:45',NULL),(21,NULL,'Bebida','5b6e4184-9d2b-11e7-b3ee-54ee75362635','2015-09-07 13:58:32',NULL),(22,'CC FORA CONCEITO','CC FORA CONCEITO','5b6e421a-9d2b-11e7-b3ee-54ee75362635',NULL,4),(23,'Soja','Soja','5b6e42b0-9d2b-11e7-b3ee-54ee75362635',NULL,15),(24,'AGUA','AGUA','17192ecf-bced-4252-fe86-afab65942859',NULL,2);
use static_new;
REPLACE INTO `dvc` (`pk`, `name`, `product_fk`, `start_date`, `end_date`, `created_by`, `creation_date`, `delete_date`, `display_in_smart_validation_pallet`) VALUES (4,'shani1',24,'2018-07-05',NULL,'System','2015-08-27 09:01:44',NULL,'Y'),(167,'7894900010015_6',49,'2015-09-01',NULL,'Uri','2016-12-29 15:27:52',NULL,'Y'),(168,'7894900010015_5',49,'2015-09-01',NULL,'Uri','2016-12-29 15:33:24',NULL,'Y'),(104,'7894900011609_2',53,'2015-09-01',NULL,'Rifka','2016-07-19 08:38:14',NULL,'Y'),(55,'7894900701517_1',63,'2015-09-01',NULL,'Rifka','2015-10-25 15:05:48',NULL,'Y'),(56,'7894900701517_2',63,'2015-09-01',NULL,'Rifka','2015-10-25 15:05:57',NULL,'Y'),(57,'7894900701517_3',63,'2015-09-01',NULL,'Rifka','2015-10-25 15:06:04',NULL,'Y'),(58,'7894900701517_4',63,'2015-09-01',NULL,'Rifka','2015-10-25 15:06:11',NULL,'Y'),(344,'CSD FEMSA CC ZERO 2L PET_15032018',63,'2018-03-21',NULL,'k_ravihara@gssintl.biz','2018-03-21 14:16:56',NULL,'Y'),(80,'7894900701203_2',69,'2015-09-01',NULL,'Rifka','2016-04-27 12:05:25',NULL,'Y'),(178,'7894900701203_1',69,'2015-09-01',NULL,'Uri','2017-02-12 07:55:14',NULL,'Y'),(2,'100000001',74,'2015-06-17',NULL,'Rifka','2015-06-18 06:20:22',NULL,'Y'),(117,'7894900700015_2',74,'2015-09-01',NULL,'Rifka','2016-07-28 09:23:44',NULL,'Y'),(171,'7894900700015_3',74,'2015-09-01',NULL,'Uri','2016-12-29 15:45:42',NULL,'Y'),(221,'7894900034219_1',82,'2015-09-01',NULL,'Uri','2017-07-02 11:39:56',NULL,'Y'),(134,'7894900031515_1',87,'2015-09-01',NULL,'Rifka','2016-08-30 07:51:05',NULL,'Y'),(150,'7894900031515_2',87,'2015-09-01',NULL,'Rifka','2016-09-27 07:34:54',NULL,'Y'),(151,'7894900031515_3',87,'2015-09-01',NULL,'Rifka','2016-10-05 14:43:11',NULL,'Y'),(158,'7894900031515_4',87,'2015-09-01',NULL,'Rifka','2016-10-05 15:06:24',NULL,'Y'),(208,'7894900031515_5',87,'2015-09-01',NULL,'Uri','2017-07-02 11:14:42',NULL,'Y'),(136,'7894900051513_1',88,'2015-09-01',NULL,'Shavit','2016-09-01 09:17:07',NULL,'Y'),(155,'7894900051513_2',88,'2015-09-01',NULL,'Rifka','2016-10-05 14:59:21',NULL,'Y'),(213,'7894900051513_3',88,'2015-09-01',NULL,'Uri','2017-07-02 11:22:08',NULL,'Y'),(216,'7894900031201_1',97,'2015-09-01',NULL,'Uri','2017-07-02 11:30:54',NULL,'Y'),(215,'7894900911510_1',114,'2015-09-01',NULL,'Uri','2017-07-02 11:29:35',NULL,'Y'),(137,'7894900061208_1',132,'2015-09-01',NULL,'Shavit','2016-09-01 09:19:01',NULL,'Y'),(107,'7894900011517_2',278,'2015-09-01',NULL,'Rifka','2016-07-19 08:46:24',NULL,'Y'),(175,'7894900011517_1',278,'2015-09-01',NULL,'Uri','2017-02-12 07:50:36',NULL,'Y');
use static_new;
REPLACE INTO `manufacturer` (`pk`, `name`, `local_name`, `uuid`, `delete_date`, `logo_path`) VALUES (0,'General','General','00000000-0000-0000-0000-000000000000',NULL,NULL),(1,'FEMSA','FEMSA','5b6e5a20-9d2b-11e7-b3ee-54ee75362635',NULL,NULL),(2,'Dolly','Dolly','5b6e5b10-9d2b-11e7-b3ee-54ee75362635',NULL,NULL),(3,'Ambev','Ambev','5b6e5bba-9d2b-11e7-b3ee-54ee75362635',NULL,NULL),(4,'Belo Horizonte Refrigerantes','Belo Horizonte Refrigerantes','5b6e5c5a-9d2b-11e7-b3ee-54ee75362635',NULL,NULL),(5,'Other','Other','5b6e5cf0-9d2b-11e7-b3ee-54ee75362635',NULL,NULL),(6,'HEINEKEN BRASIL',NULL,'5b6e5d90-9d2b-11e7-b3ee-54ee75362635',NULL,NULL),(7,'INBEV','INBEV','5b6e5e26-9d2b-11e7-b3ee-54ee75362635',NULL,NULL),(8,'DANONE','DANONE','5b6e5ebc-9d2b-11e7-b3ee-54ee75362635',NULL,NULL),(9,'DO BEM','DO BEM','5b6e5f52-9d2b-11e7-b3ee-54ee75362635',NULL,NULL),(10,'WOW','WOW','5b6e5ff2-9d2b-11e7-b3ee-54ee75362635',NULL,NULL),(11,'PETRÓPOLIS','PETRÓPOLIS','5b6e6092-9d2b-11e7-b3ee-54ee75362635',NULL,NULL),(12,'MAGUARY','MAGUARY','5b6e6128-9d2b-11e7-b3ee-54ee75362635',NULL,NULL),(13,'EDSON QUEIROZ','EDSON QUEIROZ','5b6e6222-9d2b-11e7-b3ee-54ee75362635',NULL,NULL),(14,'SCHINCARIOL','SCHINCARIOL','5b6e62c2-9d2b-11e7-b3ee-54ee75362635',NULL,NULL),(15,'RED BULL','RED BULL','5b6e6416-9d2b-11e7-b3ee-54ee75362635',NULL,NULL),(16,'PEPSICO','PEPSICO','5b6e652e-9d2b-11e7-b3ee-54ee75362635',NULL,NULL),(17,'NESTLÉ','NESTLÉ','5b6e6632-9d2b-11e7-b3ee-54ee75362635',NULL,NULL),(18,'HEINIKEN BRASIL',NULL,'5b6e66c8-9d2b-11e7-b3ee-54ee75362635','2015-05-20 08:17:01',NULL),(19,'SUCO AURORA','SUCO AURORA','5b6e675e-9d2b-11e7-b3ee-54ee75362635',NULL,NULL),(20,'FUNADA','FUNADA','5b6e67f4-9d2b-11e7-b3ee-54ee75362635',NULL,NULL),(21,'DEL REY',NULL,'5b6e688a-9d2b-11e7-b3ee-54ee75362635',NULL,NULL),(22,'INGA','INGA','5b6e6920-9d2b-11e7-b3ee-54ee75362635',NULL,NULL),(23,'UHU','UHU','5b6e69b6-9d2b-11e7-b3ee-54ee75362635',NULL,NULL),(24,'TAMPICO','TAMPICO','5b6e6a56-9d2b-11e7-b3ee-54ee75362635',NULL,NULL),(25,'GREEN DAY','GREEN DAY','5b6e6ae2-9d2b-11e7-b3ee-54ee75362635',NULL,NULL),(26,'NATURAL ONE','NATURAL ONE','5b6e6b78-9d2b-11e7-b3ee-54ee75362635',NULL,NULL),(27,'XANDO','XANDO','5b6e6c0e-9d2b-11e7-b3ee-54ee75362635',NULL,NULL),(28,'BRASIL KIRIN','BRASIL KIRIN','5b6e6ca4-9d2b-11e7-b3ee-54ee75362635',NULL,NULL),(29,'Grupo Petrópolis',NULL,'5b6e6d3a-9d2b-11e7-b3ee-54ee75362635',NULL,NULL),(30,'Competition Other',NULL,'5b6e6dda-9d2b-11e7-b3ee-54ee75362635','2015-08-05 09:46:26',NULL),(31,'FAZENDO',NULL,'5b6e6e66-9d2b-11e7-b3ee-54ee75362635',NULL,NULL),(32,'FRIMESA','FRIMESA','5b6e6efc-9d2b-11e7-b3ee-54ee75362635',NULL,NULL),(33,'VITON 44','VITON 44','5b6e6f92-9d2b-11e7-b3ee-54ee75362635',NULL,NULL),(34,'NEWAGE','NEWAGE','5b6e7028-9d2b-11e7-b3ee-54ee75362635',NULL,NULL),(35,'PONCHITO','PONCHITO','5b6e7136-9d2b-11e7-b3ee-54ee75362635',NULL,NULL),(36,'PRATA','PRATA','5b6e71cc-9d2b-11e7-b3ee-54ee75362635',NULL,NULL),(37,'VIGOR','VIGOR','5b6e72da-9d2b-11e7-b3ee-54ee75362635',NULL,NULL),(38,'Empty','Empty','5b6e737a-9d2b-11e7-b3ee-54ee75362635',NULL,NULL),(39,'GODAM','GODAM','5b6e7410-9d2b-11e7-b3ee-54ee75362635',NULL,NULL),(40,'MEGA MATTE','MEGA MATTE','5b6e74a6-9d2b-11e7-b3ee-54ee75362635',NULL,NULL),(41,'LITE','LITE','5b6e7532-9d2b-11e7-b3ee-54ee75362635',NULL,NULL),(42,'QUALITÁ','QUALITÁ','5b6e75c8-9d2b-11e7-b3ee-54ee75362635',NULL,NULL),(43,'RIO','RIO','5b6e765e-9d2b-11e7-b3ee-54ee75362635',NULL,NULL),(44,'DUCAJU','DUCAJU','5b6e76f4-9d2b-11e7-b3ee-54ee75362635',NULL,NULL),(45,'BLISSIMO','BLISSIMO','5b6e778a-9d2b-11e7-b3ee-54ee75362635',NULL,NULL),(46,'VIAPAXBIO','VIAPAXBIO','5b6e7820-9d2b-11e7-b3ee-54ee75362635',NULL,NULL),(47,'INTEGRAL SOUL','INTEGRAL SOUL','5b6e78b6-9d2b-11e7-b3ee-54ee75362635',NULL,NULL),(48,'TEARAPY','TEARAPY','5b6e7956-9d2b-11e7-b3ee-54ee75362635',NULL,NULL),(49,'CACILDIS','CACILDIS','5b6e79ec-9d2b-11e7-b3ee-54ee75362635',NULL,NULL),(50,'LUMINUS LIFE','LUMINUS LIFE','5b6e7a8c-9d2b-11e7-b3ee-54ee75362635',NULL,NULL),(51,'SALUTE','SALUTE','5b6e7b18-9d2b-11e7-b3ee-54ee75362635',NULL,NULL),(52,'LECO','LECO','5b6e7bb8-9d2b-11e7-b3ee-54ee75362635',NULL,NULL),(53,'ITALAC','ITALAC','5b6e7c58-9d2b-11e7-b3ee-54ee75362635',NULL,NULL),(54,'LINDOIA','LINDOIA','5b6e7ce4-9d2b-11e7-b3ee-54ee75362635',NULL,NULL),(55,'PERGOLA','PERGOLA','5b6e7d7a-9d2b-11e7-b3ee-54ee75362635',NULL,NULL),(56,'MONSTER',NULL,'5b6e7e10-9d2b-11e7-b3ee-54ee75362635',NULL,NULL),(57,'BIOLEVE','BIOLEVE','5b6e7ea6-9d2b-11e7-b3ee-54ee75362635',NULL,NULL),(58,'LEVITY','LEVITY','5b6e7f46-9d2b-11e7-b3ee-54ee75362635',NULL,NULL),(59,'SHEFA','SHEFA','5b6e7fe6-9d2b-11e7-b3ee-54ee75362635',NULL,NULL),(60,'NOS','NOS','5b6e807c-9d2b-11e7-b3ee-54ee75362635',NULL,NULL),(61,'BADEN BADEN','BADEN BADEN','5b6e811c-9d2b-11e7-b3ee-54ee75362635',NULL,NULL),(62,'SUMMER','SUMMER','5b6e81b2-9d2b-11e7-b3ee-54ee75362635',NULL,NULL),(63,'THEREZOPOLIS','THEREZOPOLIS','5b6e8248-9d2b-11e7-b3ee-54ee75362635',NULL,NULL),(64,'PETRA','PETRA','5b6e82de-9d2b-11e7-b3ee-54ee75362635',NULL,NULL),(65,'DEVASSA','DEVASSA','5b6e8374-9d2b-11e7-b3ee-54ee75362635',NULL,NULL),(66,'CONTI','CONTI','5b6e8414-9d2b-11e7-b3ee-54ee75362635',NULL,NULL),(67,'PROIBIDA','PROIBIDA','5b6e84aa-9d2b-11e7-b3ee-54ee75362635',NULL,NULL),(68,'GLACIAL','GLACIAL','5b6e8540-9d2b-11e7-b3ee-54ee75362635',NULL,NULL),(69,'ITUBAINA','ITUBAINA','5b6e85d6-9d2b-11e7-b3ee-54ee75362635',NULL,NULL),(70,'COTUBA','COTUBA','5b6e866c-9d2b-11e7-b3ee-54ee75362635',NULL,NULL),(71,'CCU',NULL,'5b6e8702-9d2b-11e7-b3ee-54ee75362635','2015-09-07 13:52:51',NULL),(72,'CMQ',NULL,'5b6e8798-9d2b-11e7-b3ee-54ee75362635','2015-09-07 13:58:21',NULL),(73,'FAZENDA','FAZENDA','5b6e882e-9d2b-11e7-b3ee-54ee75362635',NULL,NULL),(74,'OUTROS','OUTROS','5b6e88c4-9d2b-11e7-b3ee-54ee75362635',NULL,NULL),(75,'REIZINHO','REIZINHO','5b6e895a-9d2b-11e7-b3ee-54ee75362635',NULL,NULL),(76,'BRASIL  KIRIN_x',NULL,'5b6e89f0-9d2b-11e7-b3ee-54ee75362635','2016-07-27 15:25:46',NULL),(77,'YOKI','YOKI','5b6e8a86-9d2b-11e7-b3ee-54ee75362635',NULL,NULL),(78,'SOYOS','SOYOS','5b6e8b1c-9d2b-11e7-b3ee-54ee75362635',NULL,NULL),(80,'POTY','POTY','9c0b61d0-51cc-11e8-b673-775fb032bb5d',NULL,NULL);
use static_new;
REPLACE INTO `product` (`pk`, `name`, `short_name`, `local_name`, `ean_code`, `uuid`, `brand_fk`, `category_fk`, `created_by`, `creation_date`, `delete_date`, `is_active`, `activation_update_time`, `type`, `form_factor`, `size`, `unit_of_measure`, `subpackages_num`, `unit_num`, `width`, `height`, `depth`, `smart_caption`, `smart_display_order`, `smart_display_group`, `price_recognition`, `alcohol_percent`, `fat_percent`, `labels`, `substitution_product_fk`, `item_code`, `item_code_type_fk`, `sub_category_fk`, `trax_category_fk`, `global_status_fk`, `client_status_fk`, `training_status_fk`, `global_code`) VALUES (24,'CSD FEMSA CC 2L REF PET','CSD FEMSA CC 2L REF PET','CSD FEMSA CC 2L REF PET','7894900014211','f0b84ddc-59b8-11e4-9991-12cceb4b10fa',16,8,'System','2015-03-31 12:13:50',NULL,1,'2015-03-31 12:13:50','SKU','pet',2,'l',1,NULL,NULL,NULL,NULL,NULL,22,5,0,NULL,NULL,'{\"att2\": \"inform,Preo/Cobertura\", \"Sub Brand\": \"REGULAR\"}',NULL,'7894900014211',NULL,1,NULL,1,NULL,NULL,NULL),(21,'CSD FEMSA CC 1L RGB','CSD FEMSA CC 1L RGB','CSD FEMSA CC 1L RGB','200000000024','f0b1b5a5-59b8-11e4-9991-12cceb4b10fa',16,8,'System','2015-03-31 12:13:50',NULL,1,'2015-03-31 12:13:50','SKU','glass',1,'l',NULL,NULL,NULL,NULL,NULL,NULL,2,0,0,NULL,NULL,'{\"att1\": \"RETORNVEL FAMILIAR FEMSA\", \"att2\": \"inform,Preo/Cobertura\", \"Sub Brand\": \"REGULAR\"}',NULL,NULL,NULL,1,NULL,1,NULL,NULL,NULL),(49,'CSD FEMSA CC 350ML LT','CSD FEMSA CC 350ML LT','CSD FEMSA CC 350ML LT','200000000030','f0f36679-59b8-11e4-9991-12cceb4b10fa',16,8,'System','2015-03-31 12:13:50',NULL,1,'2015-03-31 12:13:50','SKU','can',350,'ml',NULL,NULL,NULL,NULL,NULL,NULL,101,19,0,NULL,NULL,'{\"att2\": \"InForm,Multipack\", \"MPACK\": \"Y\", \"Sub Brand\": \"REGULAR\"}',NULL,NULL,NULL,1,1,1,NULL,NULL,NULL),(53,'CSD FEMSA CC 600ML pet','CSD FEMSA CC 600ML pet','CSD FEMSA CC 600ML pet','7894900011609','f0fdc336-59b8-11e4-9991-12cceb4b10fa',16,8,'System','2015-03-31 12:13:50',NULL,1,'2015-03-31 12:13:50','SKU','pet',600,'ml',NULL,NULL,NULL,NULL,NULL,NULL,114,25,0,NULL,NULL,'{\"att2\": \"InForm,Multipack\", \"MPACK\": \"Y\", \"Sub Brand\": \"REGULAR\"}',NULL,'7894900011609',NULL,1,1,1,NULL,NULL,NULL),(63,'CSD FEMSA CC ZERO 2L PET','CSD FEMSA CC ZERO 2L PET','CSD FEMSA CC ZERO 2L PET','200000000034','f11570c4-59b8-11e4-9991-12cceb4b10fa',15,8,'System','2015-03-31 12:13:50',NULL,1,'2015-03-31 12:13:50','SKU','pet',2,'l',NULL,NULL,NULL,NULL,NULL,NULL,6,3,NULL,NULL,NULL,'{\"Sub Brand\": \"COLA ZERO\"}',NULL,NULL,NULL,3,1,1,NULL,NULL,NULL),(69,'CSD FEMSA CC ZERO 250ML MINI LT','CSD FEMSA CC ZERO 250ML MINI LT','CSD FEMSA CC ZERO 250ML MINI LT','200000000033','f1233a80-59b8-11e4-9991-12cceb4b10fa',15,8,'System','2015-03-31 12:13:50',NULL,1,'2015-03-31 12:13:50','SKU','can',250,'ml',NULL,NULL,NULL,NULL,NULL,NULL,19,8,0,NULL,NULL,'{\"att2\": \"InForm\", \"MPACK\": \"N\", \"Sub Brand\": \"COLA ZERO\"}',NULL,NULL,NULL,3,1,1,NULL,NULL,NULL),(74,'CSD FEMSA CC ZERO 350ML LT','CSD FEMSA CC ZERO 350ML LT','CSD FEMSA CC ZERO 350ML LT','200000000035','f12f1d48-59b8-11e4-9991-12cceb4b10fa',15,8,'System','2015-03-31 12:13:50',NULL,1,'2015-03-31 12:13:50','SKU','can',350,'ml',NULL,NULL,NULL,NULL,NULL,NULL,30,12,0,NULL,NULL,'{\"att2\": \"InForm,Multipack\", \"MPACK\": \"Y\", \"Sub Brand\": \"COLA ZERO\"}',NULL,'200000000035',NULL,3,1,1,NULL,NULL,NULL),(79,'CSD FEMSA FT LAR 1L RGB','CSD FEMSA FT LAR 1L RGB','CSD FEMSA FT LAR 1L RGB','200000000038','f13eb35b-59b8-11e4-9991-12cceb4b10fa',17,8,'System','2015-03-31 12:13:50',NULL,1,'2015-03-31 12:13:50','SKU','pet',1,'l',1,NULL,NULL,NULL,NULL,NULL,2,0,0,NULL,NULL,'{\"att1\": \"RETORNVEL FAMILIAR FEMSA\", \"att2\": \"inform,Preo/Cobertura\", \"Sub Brand\": \"REGULAR\"}',NULL,NULL,NULL,6,NULL,1,NULL,NULL,NULL),(82,'CSD FEMSA FT LAR 2L REF PET','CSD FEMSA FT LAR 2L REF PET','CSD FEMSA FT LAR 2L REF PET','7894900034219','f1460b94-59b8-11e4-9991-12cceb4b10fa',17,8,'System','2015-03-31 12:13:50',NULL,1,'2015-03-31 12:13:50','SKU','pet',2,'l',1,NULL,NULL,NULL,NULL,NULL,19,3,0,NULL,NULL,'{\"att1\": \"RETORNVEL FAMILIAR FEMSA\", \"att2\": \"inform,Preo/Cobertura\", \"Sub Brand\": \"REGULAR\"}',NULL,'7894900034219',NULL,6,NULL,1,NULL,NULL,NULL),(87,'CSD FEMSA FT LAR 2L PET','CSD FEMSA FT LAR 2L PET','CSD FEMSA FT LAR 2L PET','200000000041','f151fc3d-59b8-11e4-9991-12cceb4b10fa',17,8,'System','2015-03-31 12:13:50',NULL,1,'2015-03-31 12:13:50','SKU','pet',2,'l',NULL,NULL,NULL,NULL,NULL,NULL,20,3,0,NULL,NULL,'{\"Sub Brand\": \"LIGHT\"}',NULL,NULL,NULL,6,1,1,NULL,NULL,NULL),(88,'CSD FEMSA FT UVA 2L PET','CSD FEMSA FT UVA 2L PET','CSD FEMSA FT UVA 2L PET','200000000047','f154ca45-59b8-11e4-9991-12cceb4b10fa',17,8,'System','2015-03-31 12:13:50',NULL,1,'2015-03-31 12:13:50','SKU','pet',2,'l',1,NULL,NULL,NULL,NULL,NULL,21,3,0,NULL,NULL,'{\"att2\": \"InForm\", \"Sub Brand\": \"REGULAR\"}',NULL,NULL,NULL,10,NULL,1,NULL,NULL,NULL),(97,'CSD FEMSA FT LAR 250ML MINI LT','CSD FEMSA FT LAR 250ML MINI LT','CSD FEMSA FT LAR 250ML MINI LT','200000000039','f16a975a-59b8-11e4-9991-12cceb4b10fa',17,8,'System','2015-03-31 12:13:50',NULL,1,'2015-03-31 12:13:50','SKU','can',250,'ml',NULL,NULL,NULL,NULL,NULL,NULL,43,8,0,NULL,NULL,'{\"att2\": \"InForm\", \"Sub Brand\": \"REGULAR\"}',NULL,NULL,NULL,6,1,1,NULL,NULL,NULL),(114,'CSD FEMSA KUAT 2L PET','CSD FEMSA KUAT 2L PET','CSD FEMSA KUAT 2L PET','200000000050','f194ecac-59b8-11e4-9991-12cceb4b10fa',18,8,'System','2015-03-31 12:13:51',NULL,1,'2015-03-31 12:13:51','SKU','pet',2,'l',NULL,NULL,NULL,NULL,NULL,NULL,6,1,0,NULL,NULL,'{\"Sub Brand\": \"LIGHT\"}',NULL,NULL,NULL,5,1,1,NULL,NULL,NULL),(118,'CSD FEMSA KUAT 250ML MINI LT','CSD FEMSA KUAT 250ML MINI LT','CSD FEMSA KUAT 250ML MINI LT','200000000049','f19f1f04-59b8-11e4-9991-12cceb4b10fa',18,8,'System','2015-03-31 12:13:50',NULL,1,'2015-03-31 12:13:50','SKU','can',250,'ml',NULL,NULL,NULL,NULL,NULL,NULL,13,5,0,NULL,NULL,'{\"Sub Brand\": \"REGULAR\"}',NULL,NULL,NULL,5,1,1,NULL,NULL,NULL),(129,'CSD FEMSA SPRITE 2L PET','CSD FEMSA SPRITE 2L PET','CSD FEMSA SPRITE 2L PET','200000000055','f1be3f11-59b8-11e4-9991-12cceb4b10fa',19,8,'System','2015-03-31 12:13:51',NULL,1,'2015-03-31 12:13:51','SKU','pet',2,'l',NULL,NULL,NULL,NULL,NULL,NULL,5,1,0,NULL,NULL,'{\"Sub Brand\": \"LIGHT\"}',NULL,NULL,NULL,7,1,1,NULL,NULL,NULL),(132,'CSD FEMSA SPRITE 250ML MINI LT','CSD FEMSA SPRITE 250ML MINI LT','CSD FEMSA SPRITE 250ML MINI LT','200000000054','f1c7e0b6-59b8-11e4-9991-12cceb4b10fa',19,8,'System','2015-03-31 12:13:51',NULL,1,'2015-03-31 12:13:51','SKU','can',250,'ml',NULL,NULL,NULL,NULL,NULL,NULL,9,4,0,NULL,NULL,'{\"Sub Brand\": \"REGULAR\"}',NULL,NULL,NULL,7,1,1,NULL,NULL,NULL),(163,'Empty','Empty','Empty','565','1b046379-59e1-11e4-9991-12cceb4b10fa',21,17,'Rifka','2014-10-22 11:46:48',NULL,1,'2014-10-22 11:46:48','Empty',NULL,NULL,NULL,1,NULL,NULL,NULL,NULL,NULL,1,0,0,NULL,NULL,'{}',NULL,NULL,NULL,NULL,NULL,1,NULL,NULL,NULL),(278,'CSD FEMSA CC 2L PET','CSD FEMSA CC 2L PET','CSD FEMSA CC 2L PET','200000000029','bab8f79d-6d85-11e4-ac32-12cceb4b10fa',16,8,'System','2015-03-31 12:13:50',NULL,1,'2015-03-31 12:13:50','SKU','pet',2,'l',NULL,NULL,NULL,NULL,NULL,NULL,25,5,0,NULL,NULL,'{}',NULL,NULL,NULL,1,1,1,NULL,NULL,NULL),(7,'CSD OUTROS GUARANA OUTROS','CSD OUTROS GUARANA OUTROS','CSD OUTROS GUARANA OUTROS','10007','f095df42-59b8-11e4-9991-12cceb4b10fa',52,8,'Rifka','2014-10-22 06:59:17',NULL,1,'2014-10-22 06:59:17','Other',NULL,NULL,NULL,NULL,NULL,NULL,NULL,NULL,NULL,35,17,0,NULL,NULL,'{}',NULL,NULL,NULL,NULL,NULL,1,NULL,NULL,NULL);
use static_new;
REPLACE INTO `product_image` (`pk`, `product_fk`, `creation_date`, `image_path`, `image_direction`, `face_count`, `dvc_fk`) VALUES (6270,24,'2015-11-15 11:56:31','','Top',NULL,NULL),(6753,24,'2015-12-23 12:09:41','','Side1',NULL,NULL),(6754,24,'2015-12-23 12:09:41','','Side2',NULL,NULL),(6755,24,'2015-12-23 12:09:41','','Side3',NULL,NULL),(6756,24,'2015-12-23 12:09:41','','Side4',NULL,NULL),(9600,24,'2016-02-21 10:16:04','','Side1',NULL,NULL),(9601,24,'2016-02-21 10:16:04','','Side2',NULL,NULL),(9602,24,'2016-02-21 10:16:04','','Side3',NULL,NULL),(9603,24,'2016-02-21 10:16:04','','Side4',NULL,NULL),(12785,24,'2016-04-20 09:32:08','http://traxus.s3-accelerate.amazonaws.com/ccbr/Product_Images/12785','Front',NULL,NULL),(12786,24,'2016-04-20 09:32:21','http://traxus.s3-accelerate.amazonaws.com/ccbr/Product_Images/12786','Back',NULL,NULL),(17825,24,'2017-02-16 08:56:58','','Side',NULL,NULL),(21010,24,'2017-08-07 08:19:45','','Side',NULL,NULL),(22,21,'2014-10-22 00:00:00','http://traxus.s3-accelerate.amazonaws.com/ccbr/Product_Images/22','Front',NULL,NULL),(23,21,'2014-10-22 00:00:00','http://traxus.s3-accelerate.amazonaws.com/ccbr/Product_Images/23','Back',NULL,NULL),(1678,21,'2015-08-27 08:45:06','','Side',NULL,NULL),(1679,21,'2015-08-27 08:45:06','','Top',NULL,NULL),(6689,21,'2015-12-23 12:09:41','','Side1',NULL,NULL),(6690,21,'2015-12-23 12:09:41','','Side2',NULL,NULL),(6691,21,'2015-12-23 12:09:41','','Side3',NULL,NULL),(6692,21,'2015-12-23 12:09:41','','Side4',NULL,NULL),(9556,21,'2016-02-21 10:16:04','','Side1',NULL,NULL),(9557,21,'2016-02-21 10:16:04','','Side2',NULL,NULL),(9558,21,'2016-02-21 10:16:04','','Side3',NULL,NULL),(9559,21,'2016-02-21 10:16:04','','Side4',NULL,NULL),(17793,21,'2017-02-16 08:56:58','','Side',NULL,NULL),(20389,21,'2017-08-06 15:01:50','','Side',NULL,NULL),(20977,21,'2017-08-07 08:19:45','','Side',NULL,NULL),(467,49,'2014-11-25 14:14:01','http://traxus.s3-accelerate.amazonaws.com/ccbr/Product_Images/467','Front',NULL,NULL),(17838,49,'2017-02-16 08:56:58','','Side',NULL,NULL),(20395,49,'2017-08-06 15:01:50','','Side',NULL,NULL),(21023,49,'2017-08-07 08:19:45','','Side',NULL,NULL),(23126,49,'2018-06-18 15:48:45','','Back',NULL,NULL),(23127,49,'2018-06-18 15:48:45','','Top',NULL,NULL),(23128,49,'2018-06-18 15:48:45','','Bottom',NULL,NULL),(23129,49,'2018-06-18 15:48:45','','Side1',NULL,NULL),(23130,49,'2018-06-18 15:48:45','','Side2',NULL,NULL),(94,53,'2014-10-22 00:00:00','http://traxus.s3-accelerate.amazonaws.com/ccbr/Product_Images/94','Front',NULL,NULL),(95,53,'2014-10-22 00:00:00','http://traxus.s3-accelerate.amazonaws.com/ccbr/Product_Images/95','Back',NULL,NULL),(1736,53,'2015-08-27 08:45:06','','Top',NULL,NULL),(17845,53,'2017-02-16 08:56:58','','Side',NULL,NULL),(21030,53,'2017-08-07 08:19:45','','Side',NULL,NULL),(23133,53,'2018-06-18 15:48:45','','Bottom',NULL,NULL),(23134,53,'2018-06-18 15:48:45','','Side1',NULL,NULL),(23135,53,'2018-06-18 15:48:45','','Side2',NULL,NULL),(114,63,'2014-10-22 00:00:00','http://traxus.s3-accelerate.amazonaws.com/ccbr/Product_Images/114','Front',NULL,NULL),(115,63,'2014-10-22 00:00:00','http://traxus.s3-accelerate.amazonaws.com/ccbr/Product_Images/115','Back',NULL,NULL),(116,63,'2014-10-22 00:00:00','http://traxus.s3-accelerate.amazonaws.com/ccbr/Product_Images/116','Side 1',NULL,NULL),(6140,63,'2015-10-25 15:07:33','http://traxus.s3-accelerate.amazonaws.com/ccbr/Product_Images/6140','Side2',NULL,NULL),(6141,63,'2015-10-25 15:08:23','http://traxus.s3-accelerate.amazonaws.com/ccbr/Product_Images/6141','Side3',NULL,NULL),(6142,63,'2015-10-25 15:09:14','http://traxus.s3-accelerate.amazonaws.com/ccbr/Product_Images/6142','Side4',NULL,NULL),(6288,63,'2015-11-15 11:56:31','','Top',NULL,NULL),(17870,63,'2017-02-16 08:56:59','','Side',NULL,NULL),(20399,63,'2017-08-06 15:01:50','','Side',NULL,NULL),(21058,63,'2017-08-07 08:19:45','','Side',NULL,NULL),(23143,63,'2018-06-18 15:48:45','','Bottom',NULL,NULL),(23144,63,'2018-06-18 15:48:45','','Side1',NULL,NULL),(127,69,'2014-10-22 00:00:00','http://traxus.s3-accelerate.amazonaws.com/ccbr/Product_Images/127','Front',NULL,NULL),(128,69,'2014-10-22 00:00:00','http://traxus.s3-accelerate.amazonaws.com/ccbr/Product_Images/128','Back',NULL,NULL),(1767,69,'2015-08-27 08:45:06','','Top',NULL,NULL),(17866,69,'2017-02-16 08:56:59','','Side',NULL,NULL),(20398,69,'2017-08-06 15:01:50','','Side',NULL,NULL),(21054,69,'2017-08-07 08:19:45','','Side',NULL,NULL),(23148,69,'2018-06-18 15:48:45','','Bottom',NULL,NULL),(23149,69,'2018-06-18 15:48:45','','Side1',NULL,NULL),(23150,69,'2018-06-18 15:48:45','','Side2',NULL,NULL),(139,74,'2014-10-22 00:00:00','http://traxus.s3-accelerate.amazonaws.com/ccbr/Product_Images/139','Front',NULL,NULL),(140,74,'2014-10-22 00:00:00','http://traxus.s3-accelerate.amazonaws.com/ccbr/Product_Images/140','Back',NULL,NULL),(141,74,'2014-10-22 00:00:00','http://traxus.s3-accelerate.amazonaws.com/ccbr/Product_Images/141','Side 1',NULL,NULL),(6229,74,'2015-11-15 11:56:31','','Back',NULL,NULL),(6231,74,'2015-11-15 11:56:31','','Top',NULL,NULL),(17875,74,'2017-02-16 08:56:59','','Side',NULL,NULL),(20400,74,'2017-08-06 15:01:50','','Side',NULL,NULL),(21064,74,'2017-08-07 08:19:45','','Side',NULL,NULL),(23153,74,'2018-06-18 15:48:45','','Bottom',NULL,NULL),(23154,74,'2018-06-18 15:48:45','','Side1',NULL,NULL),(23155,74,'2018-06-18 15:48:45','','Side2',NULL,NULL),(151,79,'2014-10-22 00:00:00','http://traxus.s3-accelerate.amazonaws.com/ccbr/Product_Images/151','Front',NULL,NULL),(152,79,'2014-10-22 00:00:00','http://traxus.s3-accelerate.amazonaws.com/ccbr/Product_Images/152','Back',NULL,NULL),(153,79,'2014-10-22 00:00:00','http://traxus.s3-accelerate.amazonaws.com/ccbr/Product_Images/153','Side 1',NULL,NULL),(1783,79,'2015-08-27 08:45:06','','Top',NULL,NULL),(9804,79,'2016-02-21 10:16:05','','Side1',NULL,NULL),(9805,79,'2016-02-21 10:16:05','','Side2',NULL,NULL),(9806,79,'2016-02-21 10:16:05','','Side3',NULL,NULL),(9807,79,'2016-02-21 10:16:05','','Side4',NULL,NULL),(17906,79,'2017-02-16 08:56:59','','Side',NULL,NULL),(20403,79,'2017-08-06 15:01:50','','Side',NULL,NULL),(21097,79,'2017-08-07 08:19:45','','Side',NULL,NULL),(1788,82,'2015-08-27 08:45:06','','Side',NULL,NULL),(1789,82,'2015-08-27 08:45:06','','Top',NULL,NULL),(9836,82,'2016-02-21 10:16:05','','Side1',NULL,NULL),(9837,82,'2016-02-21 10:16:05','','Side2',NULL,NULL),(9838,82,'2016-02-21 10:16:05','','Side3',NULL,NULL),(9839,82,'2016-02-21 10:16:05','','Side4',NULL,NULL),(12797,82,'2016-04-20 09:35:12','http://traxus.s3-accelerate.amazonaws.com/ccbr/Product_Images/12797','Front',NULL,NULL),(12798,82,'2016-04-20 09:35:31','http://traxus.s3-accelerate.amazonaws.com/ccbr/Product_Images/12798','Back',NULL,NULL),(17917,82,'2017-02-16 08:56:59','','Side',NULL,NULL),(21109,82,'2017-08-07 08:19:45','','Side',NULL,NULL),(168,87,'2014-10-22 00:00:00','http://traxus.s3-accelerate.amazonaws.com/ccbr/Product_Images/168','Front',NULL,NULL),(169,87,'2014-10-22 00:00:00','http://traxus.s3-accelerate.amazonaws.com/ccbr/Product_Images/169','Back',NULL,NULL),(170,87,'2014-10-22 00:00:00','http://traxus.s3-accelerate.amazonaws.com/ccbr/Product_Images/170','Side 1',NULL,NULL),(1798,87,'2015-08-27 08:45:06','','Top',NULL,NULL),(19343,87,'2017-07-02 11:15:09','','Back',NULL,NULL),(20406,87,'2017-08-06 15:01:50','','Side',NULL,NULL),(21107,87,'2017-08-07 08:19:45','','Side',NULL,NULL),(21836,87,'2017-09-19 09:11:35','','Side3',NULL,NULL),(23165,87,'2018-06-18 15:48:45','','Bottom',NULL,NULL),(23166,87,'2018-06-18 15:48:45','','Side1',NULL,NULL),(23167,87,'2018-06-18 15:48:45','','Side2',NULL,NULL),(171,88,'2014-10-22 00:00:00','http://traxus.s3-accelerate.amazonaws.com/ccbr/Product_Images/171','Front',NULL,NULL),(172,88,'2014-10-22 00:00:00','http://traxus.s3-accelerate.amazonaws.com/ccbr/Product_Images/172','Back',NULL,NULL),(173,88,'2014-10-22 00:00:00','http://traxus.s3-accelerate.amazonaws.com/ccbr/Product_Images/173','Side 1',NULL,NULL),(1799,88,'2015-08-27 08:45:06','','Top',NULL,NULL),(20412,88,'2017-08-06 15:01:50','','Side',NULL,NULL),(21132,88,'2017-08-07 08:19:46','','Side',NULL,NULL),(190,97,'2014-10-22 00:00:00','http://traxus.s3-accelerate.amazonaws.com/ccbr/Product_Images/190','Front',NULL,NULL),(191,97,'2014-10-22 00:00:00','http://traxus.s3-accelerate.amazonaws.com/ccbr/Product_Images/191','Back',NULL,NULL),(1816,97,'2015-08-27 08:45:06','','Side',NULL,NULL),(1817,97,'2015-08-27 08:45:06','','Top',NULL,NULL),(9824,97,'2016-02-21 10:16:05','','Side1',NULL,NULL),(9825,97,'2016-02-21 10:16:05','','Side2',NULL,NULL),(9826,97,'2016-02-21 10:16:05','','Side3',NULL,NULL),(9827,97,'2016-02-21 10:16:05','','Side4',NULL,NULL),(17912,97,'2017-02-16 08:56:59','','Side',NULL,NULL),(20404,97,'2017-08-06 15:01:50','','Side',NULL,NULL),(21104,97,'2017-08-07 08:19:45','','Side',NULL,NULL),(23174,97,'2018-06-18 15:48:46','','Bottom',NULL,NULL),(225,114,'2014-10-22 00:00:00','http://traxus.s3-accelerate.amazonaws.com/ccbr/Product_Images/225','Front',NULL,NULL),(226,114,'2014-10-22 00:00:00','http://traxus.s3-accelerate.amazonaws.com/ccbr/Product_Images/226','Back',NULL,NULL),(227,114,'2014-10-22 00:00:00','http://traxus.s3-accelerate.amazonaws.com/ccbr/Product_Images/227','Side 1',NULL,NULL),(1849,114,'2015-08-27 08:45:06','','Top',NULL,NULL),(20415,114,'2017-08-06 15:01:50','','Side',NULL,NULL),(21155,114,'2017-08-07 08:19:46','','Side',NULL,NULL),(23189,114,'2018-06-18 15:48:46','','Bottom',NULL,NULL),(23190,114,'2018-06-18 15:48:46','','Side1',NULL,NULL),(23191,114,'2018-06-18 15:48:46','','Side2',NULL,NULL),(234,118,'2014-10-22 00:00:00','http://traxus.s3-accelerate.amazonaws.com/ccbr/Product_Images/234','Front',NULL,NULL),(235,118,'2014-10-22 00:00:00','http://traxus.s3-accelerate.amazonaws.com/ccbr/Product_Images/235','Back',NULL,NULL),(1856,118,'2015-08-27 08:45:06','','Side',NULL,NULL),(1857,118,'2015-08-27 08:45:06','','Top',NULL,NULL),(9972,118,'2016-02-21 10:16:05','','Side1',NULL,NULL),(9973,118,'2016-02-21 10:16:05','','Side2',NULL,NULL),(9974,118,'2016-02-21 10:16:05','','Side3',NULL,NULL),(9975,118,'2016-02-21 10:16:05','','Side4',NULL,NULL),(17955,118,'2017-02-16 08:56:59','','Side',NULL,NULL),(20414,118,'2017-08-06 15:01:50','','Side',NULL,NULL),(21153,118,'2017-08-07 08:19:46','','Side',NULL,NULL),(23194,118,'2018-06-18 15:48:46','','Bottom',NULL,NULL),(259,129,'2014-10-22 00:00:00','http://traxus.s3-accelerate.amazonaws.com/ccbr/Product_Images/259','Front',NULL,NULL),(260,129,'2014-10-22 00:00:00','http://traxus.s3-accelerate.amazonaws.com/ccbr/Product_Images/260','Back',NULL,NULL),(261,129,'2014-10-22 00:00:00','http://traxus.s3-accelerate.amazonaws.com/ccbr/Product_Images/261','Side 1',NULL,NULL),(1876,129,'2015-08-27 08:45:06','','Top',NULL,NULL),(10156,129,'2016-02-21 10:16:06','','Side1',NULL,NULL),(10157,129,'2016-02-21 10:16:06','','Side2',NULL,NULL),(10158,129,'2016-02-21 10:16:06','','Side3',NULL,NULL),(10159,129,'2016-02-21 10:16:06','','Side4',NULL,NULL),(18009,129,'2017-02-16 08:56:59','','Side',NULL,NULL),(20420,129,'2017-08-06 15:01:50','','Side',NULL,NULL),(21208,129,'2017-08-07 08:19:46','','Side',NULL,NULL),(23202,129,'2018-06-18 15:48:46','','Bottom',NULL,NULL),(266,132,'2014-10-22 00:00:00','http://traxus.s3-accelerate.amazonaws.com/ccbr/Product_Images/266','Front',NULL,NULL),(267,132,'2014-10-22 00:00:00','http://traxus.s3-accelerate.amazonaws.com/ccbr/Product_Images/267','Back',NULL,NULL),(1882,132,'2015-08-27 08:45:06','','Top',NULL,NULL),(18007,132,'2017-02-16 08:56:59','','Side',NULL,NULL),(20419,132,'2017-08-06 15:01:50','','Side',NULL,NULL),(21206,132,'2017-08-07 08:19:46','','Side',NULL,NULL),(23204,132,'2018-06-18 15:48:46','','Bottom',NULL,NULL),(23205,132,'2018-06-18 15:48:46','','Side1',NULL,NULL),(23206,132,'2018-06-18 15:48:46','','Side2',NULL,NULL),(318,163,'2014-10-22 11:47:07','http://traxus.s3-accelerate.amazonaws.com/ccbr/Product_Images/318','Front',NULL,NULL),(1959,163,'2015-08-27 08:45:06','','Back',NULL,NULL),(1960,163,'2015-08-27 08:45:06','','Side',NULL,NULL),(1961,163,'2015-08-27 08:45:06','','Top',NULL,NULL),(10692,163,'2016-02-21 10:16:07','','Side1',NULL,NULL),(10693,163,'2016-02-21 10:16:07','','Side2',NULL,NULL),(10694,163,'2016-02-21 10:16:07','','Side3',NULL,NULL),(10695,163,'2016-02-21 10:16:07','','Side4',NULL,NULL),(18182,163,'2017-02-16 08:57:00','','Side',NULL,NULL),(21382,163,'2017-08-07 08:19:47','','Side',NULL,NULL),(462,278,'2014-11-16 11:43:44','http://traxus.s3-accelerate.amazonaws.com/ccbr/Product_Images/462','Front',NULL,NULL),(2282,278,'2015-08-27 08:45:06','','Back',NULL,NULL),(2284,278,'2015-08-27 08:45:06','','Top',NULL,NULL),(17821,278,'2017-02-16 08:56:58','','Side',NULL,NULL),(20394,278,'2017-08-06 15:01:50','','Side',NULL,NULL),(21006,278,'2017-08-07 08:19:45','','Side',NULL,NULL),(23215,278,'2018-06-18 15:48:46','','Bottom',NULL,NULL),(23216,278,'2018-06-18 15:48:46','','Side1',NULL,NULL),(23217,278,'2018-06-18 15:48:46','','Side2',NULL,NULL),(7,7,'2014-10-22 00:00:00','http://traxus.s3-accelerate.amazonaws.com/ccbr/Product_Images/7','Front',NULL,NULL),(1637,7,'2015-08-27 08:45:06','','Back',NULL,NULL),(1638,7,'2015-08-27 08:45:06','','Side',NULL,NULL),(1639,7,'2015-08-27 08:45:06','','Top',NULL,NULL),(10660,7,'2016-02-21 10:16:07','','Side1',NULL,NULL),(10661,7,'2016-02-21 10:16:07','','Side2',NULL,NULL),(10662,7,'2016-02-21 10:16:07','','Side3',NULL,NULL),(10663,7,'2016-02-21 10:16:07','','Side4',NULL,NULL),(18171,7,'2017-02-16 08:57:00','','Side',NULL,NULL),(21371,7,'2017-08-07 08:19:47','','Side',NULL,NULL);
use static_new;
REPLACE INTO `sub_category` (`pk`, `name`, `local_name`, `delete_date`) VALUES (1,'COLA','COLA',NULL),(2,'COLA LIGHT','COLA LIGHT',NULL),(3,'COLA ZERO','COLA ZERO',NULL),(4,'C\\ GÁS','C\\ GÁS',NULL),(5,'GUARANA','GUARANA',NULL),(6,'LARANJA','LARANJA',NULL),(7,'LIMAO','LIMAO',NULL),(8,'LIMAO ZERO','LIMAO ZERO',NULL),(9,'MARACUJA','MARACUJA',NULL),(10,'UVA','UVA',NULL);
use probedata;
use probedata;
REPLACE INTO `session` (`pk`, `session_uid`, `start_time`, `visit_date`, `store_fk`, `cooler_fk`, `store_uid`, `number_of_scenes`, `number_of_ignored_scenes`, `number_of_questionnaires`, `status`, `api_update_sent`, `visit_uid`, `s_sales_rep_fk`, `exclude_status_fk`, `review_status_fk`, `resolution_code_fk`, `action_code_fk`, `quality_review_date`, `quality_review_by`, `type`, `delete_time`, `external_session_id`, `application_version`, `route_fk`) VALUES (14181,'9eab6663-7bcd-11e4-8b5a-12cceb4b10fa','2014-12-04 15:46:09','2014-12-04',289,NULL,NULL,11,NULL,NULL,'Completed',NULL,'9eab9c08-7bcd-11e4-8b5a-12cceb4b10fa',7,NULL,NULL,NULL,NULL,NULL,NULL,NULL,NULL,NULL,NULL,NULL);
use probedata;
use probedata;
REPLACE INTO `scene` (`pk`, `type`, `status`, `scene_date`, `sales_rep_fk`, `store_fk`, `cooler_fk`, `store_uid`, `template_fk`, `number_of_probes`, `first_probe_capture_time`, `last_probe_capture_time`, `creation_time`, `locked_by`, `lock_expiration_time`, `delete_time`, `stitch_time`, `upload_complete_time`, `scene_complete_time`, `in_store_location_fk`, `stitched_by`, `realogram_html_path`, `session_uid`, `scene_uid`, `external_scene_id`, `store_area_type`, `scene_attribute_1`, `scene_attribute_2`, `scene_attribute_3`, `scene_attribute_4`, `scene_attribute_5`, `scene_attribute_6`, `scene_attribute_7`, `scene_attribute_8`, `scene_attribute_9`, `scene_attribute_10`, `rotated_probe`, `exclude_status_fk`, `review_status_fk`, `resolution_code_fk`, `action_code_fk`, `reviewer`, `review_time`, `number_of_ignored_probes`, `connected_shelf_fk`) VALUES (418,2,6,'2014-12-04',7,289,NULL,NULL,2,1,'2014-12-04 15:46:09','2014-12-04 15:46:09','2014-12-04 15:52:58',NULL,NULL,NULL,'2014-12-04 15:55:51','2014-12-04 15:54:49','2014-12-04 16:01:24',NULL,'G1203',NULL,'9eab6663-7bcd-11e4-8b5a-12cceb4b10fa',NULL,NULL,NULL,NULL,NULL,NULL,NULL,NULL,NULL,NULL,NULL,NULL,NULL,NULL,NULL,NULL,NULL,NULL,NULL,NULL,NULL,NULL),(419,2,6,'2014-12-04',7,289,NULL,NULL,41,2,'2014-12-04 15:46:36','2014-12-04 15:46:48','2014-12-04 15:52:58',NULL,NULL,NULL,'2014-12-04 16:00:51','2014-12-04 15:58:24','2014-12-04 16:02:00',NULL,'G611','http://traxus.s3.amazonaws.com/ccbr/scene_images/419/Realogram/20141204160158585','9eab6663-7bcd-11e4-8b5a-12cceb4b10fa',NULL,NULL,NULL,NULL,NULL,NULL,NULL,NULL,NULL,NULL,NULL,NULL,NULL,NULL,NULL,NULL,NULL,NULL,NULL,NULL,NULL,NULL),(420,2,6,'2014-12-04',7,289,NULL,NULL,3,1,'2014-12-04 15:47:18','2014-12-04 15:47:18','2014-12-04 15:52:58',NULL,NULL,NULL,'2014-12-04 16:01:05','2014-12-04 16:00:19','2014-12-04 16:02:46',NULL,'G1203','http://traxus.s3.amazonaws.com/ccbr/scene_images/420/Realogram/20141204160240616','9eab6663-7bcd-11e4-8b5a-12cceb4b10fa',NULL,NULL,NULL,NULL,NULL,NULL,NULL,NULL,NULL,NULL,NULL,NULL,NULL,NULL,NULL,NULL,NULL,NULL,NULL,NULL,NULL,NULL),(421,2,6,'2014-12-04',7,289,NULL,NULL,29,3,'2014-12-04 15:47:47','2014-12-04 15:48:14','2014-12-04 15:52:58',NULL,NULL,NULL,'2014-12-04 16:08:45','2014-12-04 16:07:19','2014-12-04 16:09:02',NULL,'G1203','http://traxus.s3.amazonaws.com/ccbr/scene_images/421/Realogram/20141204160859527','9eab6663-7bcd-11e4-8b5a-12cceb4b10fa',NULL,NULL,NULL,NULL,NULL,NULL,NULL,NULL,NULL,NULL,NULL,NULL,NULL,NULL,NULL,NULL,NULL,NULL,NULL,NULL,NULL,NULL),(422,2,6,'2014-12-04',7,289,NULL,NULL,42,1,'2014-12-04 15:48:43','2014-12-04 15:48:43','2014-12-04 15:52:58',NULL,NULL,NULL,'2014-12-04 16:09:05','2014-12-04 16:07:29','2014-12-04 16:09:06',NULL,'G1203',NULL,'9eab6663-7bcd-11e4-8b5a-12cceb4b10fa',NULL,NULL,NULL,NULL,NULL,NULL,NULL,NULL,NULL,NULL,NULL,NULL,NULL,NULL,NULL,NULL,NULL,NULL,NULL,NULL,NULL,NULL),(423,2,6,'2014-12-04',7,289,NULL,NULL,43,1,'2014-12-04 15:49:14','2014-12-04 15:49:14','2014-12-04 15:52:58',NULL,NULL,NULL,'2014-12-04 16:09:35','2014-12-04 16:07:49','2014-12-04 16:09:40',NULL,'G1203','http://traxus.s3.amazonaws.com/ccbr/scene_images/423/Realogram/20141204160936797','9eab6663-7bcd-11e4-8b5a-12cceb4b10fa',NULL,NULL,NULL,NULL,NULL,NULL,NULL,NULL,NULL,NULL,NULL,NULL,NULL,NULL,NULL,NULL,NULL,NULL,NULL,NULL,NULL,NULL),(424,2,6,'2014-12-04',7,289,NULL,NULL,5,1,'2014-12-04 15:49:45','2014-12-04 15:49:45','2014-12-04 15:52:58',NULL,NULL,NULL,'2014-12-04 16:09:47','2014-12-04 16:07:54','2014-12-04 16:10:16',NULL,'G515','http://traxus.s3.amazonaws.com/ccbr/scene_images/424/Realogram/20141204161010989','9eab6663-7bcd-11e4-8b5a-12cceb4b10fa',NULL,NULL,NULL,NULL,NULL,NULL,NULL,NULL,NULL,NULL,NULL,NULL,NULL,NULL,NULL,NULL,NULL,NULL,NULL,NULL,NULL,NULL),(425,2,6,'2014-12-04',7,289,NULL,NULL,21,1,'2014-12-04 15:50:23','2014-12-04 15:50:23','2014-12-04 15:52:58',NULL,NULL,NULL,'2016-02-08 12:49:47','2014-12-04 16:07:59','2016-02-08 12:49:49',NULL,'K211',NULL,'9eab6663-7bcd-11e4-8b5a-12cceb4b10fa',NULL,NULL,NULL,NULL,NULL,NULL,NULL,NULL,NULL,NULL,NULL,NULL,NULL,NULL,NULL,NULL,NULL,NULL,NULL,NULL,NULL,NULL),(426,2,6,'2014-12-04',7,289,NULL,NULL,31,1,'2014-12-04 15:50:51','2014-12-04 15:50:51','2014-12-04 15:52:58',NULL,NULL,NULL,'2014-12-04 16:10:15','2014-12-04 16:08:04','2014-12-04 16:10:16',NULL,'G515',NULL,'9eab6663-7bcd-11e4-8b5a-12cceb4b10fa',NULL,NULL,NULL,NULL,NULL,NULL,NULL,NULL,NULL,NULL,NULL,NULL,NULL,NULL,NULL,NULL,NULL,NULL,NULL,NULL,NULL,NULL),(427,2,6,'2014-12-04',7,289,NULL,NULL,8,1,'2014-12-04 15:51:31','2014-12-04 15:51:31','2014-12-04 15:52:58',NULL,NULL,NULL,'2014-12-15 01:36:34','2014-12-04 16:08:09','2014-12-15 01:36:38',NULL,'G1702','http://traxus.s3.amazonaws.com/ccbr/scene_images/427/Realogram/20141215013635525','9eab6663-7bcd-11e4-8b5a-12cceb4b10fa',NULL,NULL,NULL,NULL,NULL,NULL,NULL,NULL,NULL,NULL,NULL,NULL,NULL,NULL,NULL,NULL,NULL,NULL,NULL,NULL,NULL,NULL),(428,2,6,'2014-12-04',7,289,NULL,NULL,6,3,'2014-12-04 15:51:55','2014-12-04 15:52:21','2014-12-04 16:02:54',NULL,NULL,NULL,'2014-12-14 23:26:35','2014-12-04 16:08:24','2014-12-14 23:26:37',NULL,'G1702','http://traxus.s3.amazonaws.com/ccbr/scene_images/428/Realogram/20141214232635810','9eab6663-7bcd-11e4-8b5a-12cceb4b10fa',NULL,NULL,NULL,NULL,NULL,NULL,NULL,NULL,NULL,NULL,NULL,NULL,NULL,NULL,NULL,NULL,NULL,NULL,NULL,NULL,NULL,NULL);
use probedata;
REPLACE INTO `match_product_in_scene_recognition` (`pk`, `product_fk`, `scene_fk`, `creation_time`, `rect_x`, `rect_y`, `rect_width`, `rect_height`, `front_facing`, `status`, `bay_number`, `shelf_number`, `facing_sequence_number`, `stacking_layer`, `sku_sequence_number`, `shelf_px_left`, `shelf_px_right`, `shelf_px_total`, `is_hopper`, `n_shelf_items`, `probe_match_fk`, `shelf_px_top`, `shelf_px_bottom`, `x_mm`, `y_mm`, `shelf_number_from_bottom`, `width_mm`, `height_mm`, `width_mm_advance`, `height_mm_advance`, `width_mm_net`, `height_mm_net`) VALUES (11507,279,419,'2014-12-04 16:01:58',109,953,28,28,'Y',1,1,1,1,1,1,0,227,1379,'N',4,13221,586,1159,125,0,NULL,NULL,NULL,NULL,NULL,NULL,NULL),(11508,279,419,'2014-12-04 16:01:58',286,905,28,28,'Y',1,1,1,2,1,1,227,406,1379,'N',4,13220,586,1159,296,0,NULL,NULL,NULL,NULL,NULL,NULL,NULL),(11509,279,419,'2014-12-04 16:01:58',466,753,28,28,'Y',1,1,1,3,1,1,406,542,1379,'N',4,13218,586,1159,471,0,NULL,NULL,NULL,NULL,NULL,NULL,NULL),(11510,279,419,'2014-12-04 16:01:58',558,703,28,28,'Y',1,1,1,4,1,1,542,1379,1379,'N',4,13219,586,1159,560,0,NULL,NULL,NULL,NULL,NULL,NULL,NULL),(11511,24,420,'2014-12-04 16:02:40',248,972,28,28,'Y',1,1,1,1,1,1,0,259,1334,'N',6,13229,580,1325,152,0,NULL,NULL,NULL,NULL,NULL,NULL,NULL),(11512,24,420,'2014-12-04 16:02:40',441,912,28,28,'Y',1,1,1,2,1,1,259,501,1334,'N',6,13228,580,1325,344,0,NULL,NULL,NULL,NULL,NULL,NULL,NULL),(11513,24,420,'2014-12-04 16:02:40',732,918,28,28,'Y',1,1,1,3,1,1,501,720,1334,'N',6,13227,580,1325,634,0,NULL,NULL,NULL,NULL,NULL,NULL,NULL),(11514,24,420,'2014-12-04 16:02:40',880,915,28,28,'Y',1,1,1,4,1,1,720,870,1334,'N',6,13226,580,1325,781,0,NULL,NULL,NULL,NULL,NULL,NULL,NULL),(11515,24,420,'2014-12-04 16:02:40',1032,912,28,28,'Y',1,1,1,5,1,1,870,1013,1334,'N',6,13225,580,1325,932,0,NULL,NULL,NULL,NULL,NULL,NULL,NULL),(11516,24,420,'2014-12-04 16:02:40',1165,896,28,28,'Y',1,1,1,6,1,1,1013,1334,1334,'N',6,13224,580,1325,1065,0,NULL,NULL,NULL,NULL,NULL,NULL,NULL),(11517,24,420,'2014-12-04 16:02:40',349,1572,28,28,'Y',1,1,2,1,1,1,0,371,1336,'N',6,13230,1325,1975,250,0,NULL,NULL,NULL,NULL,NULL,NULL,NULL),(11518,24,420,'2014-12-04 16:02:40',542,1620,28,28,'Y',1,1,2,2,1,1,371,510,1336,'N',6,13231,1325,1975,444,0,NULL,NULL,NULL,NULL,NULL,NULL,NULL),(11519,24,420,'2014-12-04 16:02:40',627,1623,28,28,'Y',1,1,2,3,1,1,510,649,1336,'N',6,13232,1325,1975,528,0,NULL,NULL,NULL,NULL,NULL,NULL,NULL),(11520,24,420,'2014-12-04 16:02:40',820,1677,28,28,'Y',1,1,2,4,1,1,649,850,1336,'N',6,13233,1325,1975,722,0,NULL,NULL,NULL,NULL,NULL,NULL,NULL),(11521,24,420,'2014-12-04 16:02:40',1029,1667,28,28,'Y',1,1,2,5,1,1,850,1011,1336,'N',6,13234,1325,1975,929,0,NULL,NULL,NULL,NULL,NULL,NULL,NULL),(11522,24,420,'2014-12-04 16:02:40',1143,1692,28,28,'Y',1,1,2,6,1,1,1011,1336,1336,'N',6,13235,1325,1975,1043,0,NULL,NULL,NULL,NULL,NULL,NULL,NULL),(11523,24,420,'2014-12-04 16:02:40',337,2192,28,28,'Y',1,1,3,1,1,1,0,361,1338,'N',6,13241,1975,2541,260,0,NULL,NULL,NULL,NULL,NULL,NULL,NULL),(11524,24,420,'2014-12-04 16:02:40',517,2208,28,28,'Y',1,1,3,2,1,1,361,530,1338,'N',6,13240,1975,2541,439,0,NULL,NULL,NULL,NULL,NULL,NULL,NULL),(11525,24,420,'2014-12-04 16:02:40',675,2189,28,28,'Y',1,1,3,3,1,1,530,697,1338,'N',6,13239,1975,2541,596,0,NULL,NULL,NULL,NULL,NULL,NULL,NULL),(11526,24,420,'2014-12-04 16:02:40',852,2230,28,28,'Y',1,1,3,4,1,1,697,858,1338,'N',6,13238,1975,2541,772,0,NULL,NULL,NULL,NULL,NULL,NULL,NULL),(11527,24,420,'2014-12-04 16:02:40',997,2170,28,28,'Y',1,1,3,5,1,1,858,1011,1338,'N',6,13237,1975,2541,916,0,NULL,NULL,NULL,NULL,NULL,NULL,NULL),(11528,24,420,'2014-12-04 16:02:40',1158,2192,28,28,'Y',1,1,3,6,1,1,1011,1338,1338,'N',6,13236,1975,2541,1075,0,NULL,NULL,NULL,NULL,NULL,NULL,NULL),(11529,158,421,'2014-12-04 16:08:59',419,347,28,28,'Y',1,1,1,1,1,1,0,287,1077,'N',6,13270,262,403,275,0,NULL,NULL,NULL,NULL,NULL,NULL,NULL),(11530,158,421,'2014-12-04 16:08:59',523,350,28,28,'Y',1,1,1,2,1,1,287,425,1077,'N',6,13271,262,403,403,0,NULL,NULL,NULL,NULL,NULL,NULL,NULL),(11531,74,421,'2014-12-04 16:08:59',694,287,28,28,'Y',1,1,1,3,1,2,425,583,1077,'N',6,13250,262,403,616,0,NULL,NULL,NULL,NULL,NULL,NULL,NULL),(11532,74,421,'2014-12-04 16:08:59',839,262,28,28,'Y',1,1,1,4,1,2,583,693,1077,'N',6,13252,262,403,795,0,NULL,NULL,NULL,NULL,NULL,NULL,NULL),(11533,74,421,'2014-12-04 16:08:59',915,287,28,28,'Y',1,1,1,5,1,2,693,810,1077,'N',6,13251,262,403,887,0,NULL,NULL,NULL,NULL,NULL,NULL,NULL),(11534,49,421,'2014-12-04 16:08:59',1073,284,28,28,'N',1,1,1,6,1,3,810,1077,1077,'N',6,13253,262,403,1082,0,NULL,NULL,NULL,NULL,NULL,NULL,NULL),(11535,4,421,'2014-12-04 16:08:59',406,663,28,28,'Y',1,1,2,1,1,1,0,300,1085,'N',5,13254,403,727,259,0,NULL,NULL,NULL,NULL,NULL,NULL,NULL),(11536,4,421,'2014-12-04 16:08:59',561,650,28,28,'Y',1,1,2,2,1,1,300,482,1085,'N',5,13255,403,727,449,0,NULL,NULL,NULL,NULL,NULL,NULL,NULL),(11537,2,421,'2014-12-04 16:08:59',770,631,28,28,'Y',1,1,2,3,1,2,482,638,1085,'N',5,13256,403,727,705,0,NULL,NULL,NULL,NULL,NULL,NULL,NULL),(11538,2,421,'2014-12-04 16:08:59',874,631,28,28,'Y',1,1,2,4,1,2,638,761,1085,'N',5,13257,403,727,832,0,NULL,NULL,NULL,NULL,NULL,NULL,NULL),(11539,145,421,'2014-12-04 16:08:59',1016,641,28,28,'Y',1,1,2,5,1,3,761,1085,1085,'N',5,13272,403,727,1005,0,NULL,NULL,NULL,NULL,NULL,NULL,NULL),(11540,35,421,'2014-12-04 16:08:59',479,1140,28,28,'Y',1,1,3,1,1,1,0,325,1097,'N',6,13258,727,1258,344,0,NULL,NULL,NULL,NULL,NULL,NULL,NULL),(11541,35,421,'2014-12-04 16:08:59',539,1124,28,28,'Y',1,1,3,2,1,1,325,423,1097,'N',6,13259,727,1258,417,0,NULL,NULL,NULL,NULL,NULL,NULL,NULL),(11542,35,421,'2014-12-04 16:08:59',675,1102,28,28,'Y',1,1,3,3,1,1,423,534,1097,'N',6,13260,727,1258,582,0,NULL,NULL,NULL,NULL,NULL,NULL,NULL),(11543,35,421,'2014-12-04 16:08:59',760,1093,28,28,'Y',1,1,3,4,1,1,534,632,1097,'N',6,13261,727,1258,685,0,NULL,NULL,NULL,NULL,NULL,NULL,NULL),(11544,159,421,'2014-12-04 16:08:59',871,1147,28,28,'Y',1,1,3,5,1,2,632,739,1097,'N',6,13273,727,1258,817,0,NULL,NULL,NULL,NULL,NULL,NULL,NULL),(11545,159,421,'2014-12-04 16:08:59',975,1128,28,28,'Y',1,1,3,6,1,2,739,1097,1097,'N',6,13274,727,1258,944,0,NULL,NULL,NULL,NULL,NULL,NULL,NULL),(11546,63,421,'2014-12-04 16:08:59',545,1646,28,28,'Y',1,1,4,1,1,1,0,451,1109,'N',4,13268,1258,1892,427,0,NULL,NULL,NULL,NULL,NULL,NULL,NULL),(11547,63,421,'2014-12-04 16:08:59',725,1621,28,28,'Y',1,1,4,2,1,1,451,660,1109,'N',4,13269,1258,1892,642,0,NULL,NULL,NULL,NULL,NULL,NULL,NULL),(11548,278,421,'2014-12-04 16:08:59',962,1608,28,28,'Y',1,1,4,3,1,2,660,848,1109,'N',4,13262,1258,1892,925,0,NULL,NULL,NULL,NULL,NULL,NULL,NULL),(11549,278,421,'2014-12-04 16:08:59',1101,1580,28,28,'Y',1,1,4,4,1,2,848,1109,1109,'N',4,13263,1258,1892,1091,0,NULL,NULL,NULL,NULL,NULL,NULL,NULL),(11550,24,421,'2014-12-04 16:08:59',586,2218,28,28,'Y',1,1,5,1,1,1,0,485,1124,'N',4,13264,1892,2573,472,0,NULL,NULL,NULL,NULL,NULL,NULL,NULL),(11551,24,421,'2014-12-04 16:08:59',751,2250,28,28,'Y',1,1,5,2,1,1,485,649,1124,'N',4,13265,1892,2573,664,0,NULL,NULL,NULL,NULL,NULL,NULL,NULL),(11552,21,421,'2014-12-04 16:08:59',915,2218,28,28,'N',1,1,5,3,1,2,649,815,1124,'N',4,13266,1892,2573,858,0,NULL,NULL,NULL,NULL,NULL,NULL,NULL),(11553,21,421,'2014-12-04 16:08:59',1082,2212,28,28,'N',1,1,5,4,1,2,815,1124,1124,'N',4,13267,1892,2573,1054,0,NULL,NULL,NULL,NULL,NULL,NULL,NULL),(11554,163,421,'2014-12-04 16:08:59',1551,240,28,28,'Y',1,2,1,1,1,1,0,334,1195,'N',6,13312,233,403,310,0,NULL,NULL,NULL,NULL,NULL,NULL,NULL),(11555,163,421,'2014-12-04 16:08:59',1636,240,28,28,'Y',1,2,1,2,1,1,334,440,1195,'N',6,13313,233,403,405,0,NULL,NULL,NULL,NULL,NULL,NULL,NULL),(11556,163,421,'2014-12-04 16:08:59',1762,240,28,28,'Y',1,2,1,3,1,1,440,572,1195,'N',6,13314,233,403,546,0,NULL,NULL,NULL,NULL,NULL,NULL,NULL),(11557,132,421,'2014-12-04 16:08:59',1901,237,28,28,'Y',1,2,1,4,1,2,572,723,1195,'N',6,13309,233,403,701,0,NULL,NULL,NULL,NULL,NULL,NULL,NULL),(11558,132,421,'2014-12-04 16:08:59',2063,233,28,28,'Y',1,2,1,5,1,2,723,881,1195,'N',6,13310,233,403,882,0,NULL,NULL,NULL,NULL,NULL,NULL,NULL),(11559,132,421,'2014-12-04 16:08:59',2217,233,28,28,'Y',1,2,1,6,1,2,881,1195,1195,'N',6,13311,233,403,1054,0,NULL,NULL,NULL,NULL,NULL,NULL,NULL),(11560,163,421,'2014-12-04 16:08:59',1642,600,28,28,'Y',1,2,2,1,1,1,0,441,1186,'N',5,13316,403,727,406,0,NULL,NULL,NULL,NULL,NULL,NULL,NULL),(11561,163,421,'2014-12-04 16:08:59',1775,594,28,28,'Y',1,2,2,2,1,1,441,564,1186,'N',5,13317,403,727,556,0,NULL,NULL,NULL,NULL,NULL,NULL,NULL),(11562,163,421,'2014-12-04 16:08:59',1889,581,28,28,'Y',1,2,2,3,1,1,564,688,1186,'N',5,13318,403,727,684,0,NULL,NULL,NULL,NULL,NULL,NULL,NULL),(11563,118,421,'2014-12-04 16:08:59',2022,587,28,28,'Y',1,2,2,4,1,2,688,835,1186,'N',5,13307,403,727,834,0,NULL,NULL,NULL,NULL,NULL,NULL,NULL),(11564,118,421,'2014-12-04 16:08:59',2183,594,28,28,'Y',1,2,2,5,1,2,835,1186,1186,'N',5,13308,403,727,1014,0,NULL,NULL,NULL,NULL,NULL,NULL,NULL),(11565,53,421,'2014-12-04 16:08:59',1642,989,28,28,'Y',1,2,3,1,1,1,0,434,1175,'N',5,13294,727,1258,399,0,NULL,NULL,NULL,NULL,NULL,NULL,NULL),(11566,53,421,'2014-12-04 16:08:59',1781,982,28,28,'Y',1,2,3,2,1,1,434,578,1175,'N',5,13295,727,1258,557,0,NULL,NULL,NULL,NULL,NULL,NULL,NULL),(11567,39,421,'2014-12-04 16:08:59',1930,992,28,28,'Y',1,2,3,3,1,2,578,719,1175,'N',5,13296,727,1258,727,0,NULL,NULL,NULL,NULL,NULL,NULL,NULL),(11568,39,421,'2014-12-04 16:08:59',2063,1011,28,28,'Y',1,2,3,4,1,2,719,839,1175,'N',5,13297,727,1258,878,0,NULL,NULL,NULL,NULL,NULL,NULL,NULL),(11569,39,421,'2014-12-04 16:08:59',2170,986,28,28,'Y',1,2,3,5,1,2,839,1175,1175,'N',5,13298,727,1258,1000,0,NULL,NULL,NULL,NULL,NULL,NULL,NULL),(11570,278,421,'2014-12-04 16:08:59',1592,1558,28,28,'Y',1,2,4,1,1,1,0,388,1158,'N',4,13299,1258,1892,337,0,NULL,NULL,NULL,NULL,NULL,NULL,NULL),(11571,278,421,'2014-12-04 16:08:59',1769,1564,28,28,'Y',1,2,4,2,1,1,388,579,1158,'N',4,13300,1258,1892,541,0,NULL,NULL,NULL,NULL,NULL,NULL,NULL),(11572,88,421,'2014-12-04 16:08:59',1974,1637,28,28,'N',1,2,4,3,1,2,579,768,1158,'N',4,13305,1258,1892,774,0,NULL,NULL,NULL,NULL,NULL,NULL,NULL),(11573,87,421,'2014-12-04 16:08:59',2148,1668,28,28,'Y',1,2,4,4,1,3,768,1158,1158,'N',4,13306,1258,1892,974,0,NULL,NULL,NULL,NULL,NULL,NULL,NULL),(11574,21,421,'2014-12-04 16:08:59',1652,2079,28,28,'Y',1,2,5,1,1,1,0,429,1144,'N',4,13301,1892,2573,399,0,NULL,NULL,NULL,NULL,NULL,NULL,NULL),(11575,21,421,'2014-12-04 16:08:59',1816,2073,28,28,'Y',1,2,5,2,1,1,429,583,1144,'N',4,13302,1892,2573,592,0,NULL,NULL,NULL,NULL,NULL,NULL,NULL),(11576,79,421,'2014-12-04 16:08:59',1961,2187,28,28,'Y',1,2,5,3,1,2,583,743,1144,'N',4,13303,1892,2573,757,0,NULL,NULL,NULL,NULL,NULL,NULL,NULL),(11577,79,421,'2014-12-04 16:08:59',2135,2168,28,28,'Y',1,2,5,4,1,2,743,1144,1144,'N',4,13304,1892,2573,962,0,NULL,NULL,NULL,NULL,NULL,NULL,NULL),(11578,97,421,'2014-12-04 16:08:59',2614,245,28,28,'Y',1,3,1,1,1,1,0,231,1056,'N',6,13275,245,403,188,0,NULL,NULL,NULL,NULL,NULL,NULL,NULL),(11579,160,421,'2014-12-04 16:08:59',2757,258,28,28,'Y',1,3,1,2,1,2,231,375,1056,'N',6,13287,245,403,368,0,NULL,NULL,NULL,NULL,NULL,NULL,NULL),(11580,160,421,'2014-12-04 16:08:59',2902,258,28,28,'Y',1,3,1,3,1,2,375,498,1056,'N',6,13288,245,403,550,0,NULL,NULL,NULL,NULL,NULL,NULL,NULL),(11581,160,421,'2014-12-04 16:08:59',3003,251,28,28,'Y',1,3,1,4,1,2,498,604,1056,'N',6,13289,245,403,678,0,NULL,NULL,NULL,NULL,NULL,NULL,NULL),(11582,160,421,'2014-12-04 16:08:59',3114,251,28,28,'Y',1,3,1,5,1,2,604,707,1056,'N',6,13290,245,403,817,0,NULL,NULL,NULL,NULL,NULL,NULL,NULL),(11583,160,421,'2014-12-04 16:08:59',3209,251,28,28,'Y',1,3,1,6,1,2,707,1056,1056,'N',6,13291,245,403,937,0,NULL,NULL,NULL,NULL,NULL,NULL,NULL),(11584,69,421,'2014-12-04 16:08:59',2722,618,28,28,'Y',1,3,2,1,1,1,0,318,1055,'N',5,13276,403,727,325,0,NULL,NULL,NULL,NULL,NULL,NULL,NULL),(11585,69,421,'2014-12-04 16:08:59',2820,612,28,28,'Y',1,3,2,2,1,1,318,411,1055,'N',5,13277,403,727,449,0,NULL,NULL,NULL,NULL,NULL,NULL,NULL),(11586,69,421,'2014-12-04 16:08:59',2908,596,28,28,'Y',1,3,2,3,1,1,411,529,1055,'N',5,13278,403,727,560,0,NULL,NULL,NULL,NULL,NULL,NULL,NULL),(11587,158,421,'2014-12-04 16:08:59',3057,624,28,28,'Y',1,3,2,4,1,2,529,659,1055,'N',5,13292,403,727,746,0,NULL,NULL,NULL,NULL,NULL,NULL,NULL),(11588,158,421,'2014-12-04 16:08:59',3168,612,28,28,'Y',1,3,2,5,1,2,659,1055,1055,'N',5,13293,403,727,886,0,NULL,NULL,NULL,NULL,NULL,NULL,NULL),(11589,129,421,'2014-12-04 16:08:59',2760,1670,28,28,'Y',1,3,4,1,1,1,0,404,1054,'N',4,13279,1258,1892,384,0,NULL,NULL,NULL,NULL,NULL,NULL,NULL),(11590,129,421,'2014-12-04 16:08:59',2949,1598,28,28,'Y',1,3,4,2,1,1,404,586,1054,'N',4,13280,1258,1892,625,0,NULL,NULL,NULL,NULL,NULL,NULL,NULL),(11591,114,421,'2014-12-04 16:08:59',3123,1579,28,28,'Y',1,3,4,3,1,2,586,750,1054,'N',4,13281,1258,1892,845,0,NULL,NULL,NULL,NULL,NULL,NULL,NULL),(11592,114,421,'2014-12-04 16:08:59',3278,1541,28,28,'Y',1,3,4,4,1,2,750,1054,1054,'N',4,13282,1258,1892,1043,0,NULL,NULL,NULL,NULL,NULL,NULL,NULL),(11593,79,421,'2014-12-04 16:08:59',2769,2321,28,28,'Y',1,3,5,1,1,1,0,390,1053,'N',4,13286,1892,2573,399,0,NULL,NULL,NULL,NULL,NULL,NULL,NULL),(11594,82,421,'2014-12-04 16:08:59',2908,2315,28,28,'Y',1,3,5,2,1,2,390,548,1053,'N',4,13283,1892,2573,575,0,NULL,NULL,NULL,NULL,NULL,NULL,NULL),(11595,82,421,'2014-12-04 16:08:59',3085,2065,28,28,'Y',1,3,5,3,1,2,548,719,1053,'N',4,13284,1892,2573,809,0,NULL,NULL,NULL,NULL,NULL,NULL,NULL),(11596,82,421,'2014-12-04 16:08:59',3250,2208,28,28,'Y',1,3,5,4,1,2,719,1053,1053,'N',4,13285,1892,2573,1011,0,NULL,NULL,NULL,NULL,NULL,NULL,NULL),(11597,279,423,'2014-12-04 16:09:36',346,826,28,28,'Y',1,1,1,1,1,1,0,291,1318,'N',6,13320,795,1111,171,0,NULL,NULL,NULL,NULL,NULL,NULL,NULL),(11598,279,423,'2014-12-04 16:09:36',552,798,28,28,'Y',1,1,1,2,1,1,291,449,1318,'N',6,13321,795,1111,379,0,NULL,NULL,NULL,NULL,NULL,NULL,NULL),(11599,279,423,'2014-12-04 16:09:36',662,804,28,28,'Y',1,1,1,3,1,1,449,571,1318,'N',6,13322,795,1111,490,0,NULL,NULL,NULL,NULL,NULL,NULL,NULL),(11600,279,423,'2014-12-04 16:09:36',795,804,28,28,'Y',1,1,1,4,1,1,571,727,1318,'N',6,13323,795,1111,624,0,NULL,NULL,NULL,NULL,NULL,NULL,NULL),(11601,279,423,'2014-12-04 16:09:36',975,808,28,28,'Y',1,1,1,5,1,1,727,906,1318,'N',6,13324,795,1111,806,0,NULL,NULL,NULL,NULL,NULL,NULL,NULL),(11602,279,423,'2014-12-04 16:09:36',1152,795,28,28,'Y',1,1,1,6,1,1,906,1318,1318,'N',6,13325,795,1111,985,0,NULL,NULL,NULL,NULL,NULL,NULL,NULL),(11603,279,423,'2014-12-04 16:09:36',425,1427,28,28,'Y',1,1,2,1,1,1,0,291,1317,'N',6,13326,1111,1693,247,0,NULL,NULL,NULL,NULL,NULL,NULL,NULL),(11604,279,423,'2014-12-04 16:09:36',482,1452,28,28,'Y',1,1,2,2,1,1,291,402,1317,'N',6,13327,1111,1693,305,0,NULL,NULL,NULL,NULL,NULL,NULL,NULL),(11605,279,423,'2014-12-04 16:09:36',646,1465,28,28,'Y',1,1,2,3,1,1,402,560,1317,'N',6,13328,1111,1693,470,0,NULL,NULL,NULL,NULL,NULL,NULL,NULL),(11606,279,423,'2014-12-04 16:09:36',798,1478,28,28,'Y',1,1,2,4,1,1,560,731,1317,'N',6,13329,1111,1693,624,0,NULL,NULL,NULL,NULL,NULL,NULL,NULL),(11607,279,423,'2014-12-04 16:09:36',988,1490,28,28,'Y',1,1,2,5,1,1,731,906,1317,'N',6,13330,1111,1693,816,0,NULL,NULL,NULL,NULL,NULL,NULL,NULL),(11608,7,423,'2014-12-04 16:09:36',1149,1421,28,28,'Y',1,1,2,6,1,2,906,1317,1317,'N',6,13337,1111,1693,978,0,NULL,NULL,NULL,NULL,NULL,NULL,NULL),(11609,279,423,'2014-12-04 16:09:36',352,2179,28,28,'Y',1,1,3,1,1,1,0,264,1316,'N',6,13331,1693,2506,175,0,NULL,NULL,NULL,NULL,NULL,NULL,NULL),(11610,279,423,'2014-12-04 16:09:36',510,2176,28,28,'Y',1,1,3,2,1,1,264,461,1316,'N',6,13332,1693,2506,335,0,NULL,NULL,NULL,NULL,NULL,NULL,NULL),(11611,279,423,'2014-12-04 16:09:36',747,2157,28,28,'Y',1,1,3,3,1,1,461,648,1316,'N',6,13333,1693,2506,575,0,NULL,NULL,NULL,NULL,NULL,NULL,NULL),(11612,279,423,'2014-12-04 16:09:36',883,2116,28,28,'Y',1,1,3,4,1,1,648,790,1316,'N',6,13334,1693,2506,713,0,NULL,NULL,NULL,NULL,NULL,NULL,NULL),(11613,279,423,'2014-12-04 16:09:36',1032,1996,28,28,'Y',1,1,3,5,1,1,790,922,1316,'N',6,13335,1693,2506,865,0,NULL,NULL,NULL,NULL,NULL,NULL,NULL),(11614,279,423,'2014-12-04 16:09:36',1146,2031,28,28,'Y',1,1,3,6,1,1,922,1316,1316,'N',6,13336,1693,2506,980,0,NULL,NULL,NULL,NULL,NULL,NULL,NULL),(11615,24,424,'2014-12-04 16:10:10',472,2214,28,28,'N',1,1,1,1,1,2,0,274,1219,'N',11,13353,131,2477,263,0,NULL,NULL,NULL,NULL,NULL,NULL,NULL),(11616,24,424,'2014-12-04 16:10:10',469,1749,28,28,'N',1,1,1,2,1,2,274,260,1219,'N',11,13350,131,2477,260,0,NULL,NULL,NULL,NULL,NULL,NULL,NULL),(11617,82,424,'2014-12-04 16:10:10',514,766,28,28,'Y',1,1,1,3,1,4,260,363,1219,'N',11,13361,131,2477,311,0,NULL,NULL,NULL,NULL,NULL,NULL,NULL),(11618,24,424,'2014-12-04 16:10:10',605,2167,28,28,'N',1,1,1,4,1,5,363,474,1219,'N',11,13354,131,2477,413,0,NULL,NULL,NULL,NULL,NULL,NULL,NULL),(11619,24,424,'2014-12-04 16:10:10',738,2211,28,28,'N',1,1,1,5,1,7,474,599,1219,'N',11,13355,131,2477,563,0,NULL,NULL,NULL,NULL,NULL,NULL,NULL),(11620,24,424,'2014-12-04 16:10:10',934,2141,28,28,'N',1,1,1,6,1,9,599,719,1219,'N',11,13356,131,2477,783,0,NULL,NULL,NULL,NULL,NULL,NULL,NULL),(11621,24,424,'2014-12-04 16:10:10',896,1263,28,28,'N',1,1,1,7,1,9,719,755,1219,'N',11,13344,131,2477,741,0,NULL,NULL,NULL,NULL,NULL,NULL,NULL),(11622,24,424,'2014-12-04 16:10:10',1064,2148,28,28,'N',1,1,1,8,1,9,755,837,1219,'N',11,13357,131,2477,930,0,NULL,NULL,NULL,NULL,NULL,NULL,NULL),(11623,24,424,'2014-12-04 16:10:10',1136,1711,28,28,'N',1,1,1,9,1,9,837,956,1219,'N',11,13349,131,2477,1011,0,NULL,NULL,NULL,NULL,NULL,NULL,NULL),(11624,24,424,'2014-12-04 16:10:10',1168,2113,28,28,'N',1,1,1,10,1,9,956,968,1219,'N',11,13358,131,2477,1047,0,NULL,NULL,NULL,NULL,NULL,NULL,NULL),(11625,24,424,'2014-12-04 16:10:10',1174,716,28,28,'N',1,1,1,11,1,9,968,1219,1219,'N',11,13343,131,2477,1053,0,NULL,NULL,NULL,NULL,NULL,NULL,NULL),(11626,82,424,'2014-12-04 16:10:10',422,1316,28,28,'Y',3,1,1,1,2,1,NULL,NULL,1219,'N',11,13363,131,2477,207,0,NULL,NULL,NULL,NULL,NULL,NULL,NULL),(11627,82,424,'2014-12-04 16:10:10',365,776,28,28,'Y',3,1,1,1,3,1,NULL,NULL,1219,'N',11,13360,131,2477,143,0,NULL,NULL,NULL,NULL,NULL,NULL,NULL),(11628,78,424,'2014-12-04 16:10:10',444,141,28,28,'N',3,1,1,3,2,3,NULL,NULL,1219,'N',11,13359,131,2477,232,0,NULL,NULL,NULL,NULL,NULL,NULL,NULL),(11629,24,424,'2014-12-04 16:10:10',602,1759,28,28,'N',3,1,1,4,2,7,NULL,NULL,1219,'N',11,13351,131,2477,410,0,NULL,NULL,NULL,NULL,NULL,NULL,NULL),(11630,82,424,'2014-12-04 16:10:10',574,1335,28,28,'Y',3,1,1,4,3,6,NULL,NULL,1219,'N',11,13364,131,2477,378,0,NULL,NULL,NULL,NULL,NULL,NULL,NULL),(11631,24,424,'2014-12-04 16:10:10',713,1724,28,28,'N',3,1,1,5,2,7,NULL,NULL,1219,'N',11,13352,131,2477,535,0,NULL,NULL,NULL,NULL,NULL,NULL,NULL),(11632,82,424,'2014-12-04 16:10:10',710,1291,28,28,'Y',3,1,1,5,3,8,NULL,NULL,1219,'N',11,13365,131,2477,531,0,NULL,NULL,NULL,NULL,NULL,NULL,NULL),(11633,82,424,'2014-12-04 16:10:10',662,751,28,28,'Y',3,1,1,5,4,8,NULL,NULL,1219,'N',11,13362,131,2477,477,0,NULL,NULL,NULL,NULL,NULL,NULL,NULL),(11634,24,424,'2014-12-04 16:10:10',880,1762,28,28,'N',3,1,1,6,2,9,NULL,NULL,1219,'N',11,13347,131,2477,723,0,NULL,NULL,NULL,NULL,NULL,NULL,NULL),(11635,24,424,'2014-12-04 16:10:10',890,725,28,28,'N',3,1,1,7,2,9,NULL,NULL,1219,'N',11,13341,131,2477,734,0,NULL,NULL,NULL,NULL,NULL,NULL,NULL),(11636,24,424,'2014-12-04 16:10:10',852,153,28,28,'N',3,1,1,7,3,9,NULL,NULL,1219,'N',11,13338,131,2477,691,0,NULL,NULL,NULL,NULL,NULL,NULL,NULL),(11637,24,424,'2014-12-04 16:10:10',1013,1752,28,28,'N',3,1,1,8,2,9,NULL,NULL,1219,'N',11,13348,131,2477,872,0,NULL,NULL,NULL,NULL,NULL,NULL,NULL),(11638,24,424,'2014-12-04 16:10:10',1022,1256,28,28,'N',3,1,1,8,3,9,NULL,NULL,1219,'N',11,13345,131,2477,882,0,NULL,NULL,NULL,NULL,NULL,NULL,NULL),(11639,24,424,'2014-12-04 16:10:10',1045,719,28,28,'N',3,1,1,9,2,9,NULL,NULL,1219,'N',11,13342,131,2477,908,0,NULL,NULL,NULL,NULL,NULL,NULL,NULL),(11640,24,424,'2014-12-04 16:10:10',1022,160,28,28,'N',3,1,1,9,3,9,NULL,NULL,1219,'N',11,13339,131,2477,882,0,NULL,NULL,NULL,NULL,NULL,NULL,NULL),(11641,24,424,'2014-12-04 16:10:10',1155,1263,28,28,'N',3,1,1,10,2,9,NULL,NULL,1219,'N',11,13346,131,2477,1032,0,NULL,NULL,NULL,NULL,NULL,NULL,NULL),(11642,24,424,'2014-12-04 16:10:10',1168,131,28,28,'N',3,1,1,11,2,9,NULL,NULL,1219,'N',11,13340,131,2477,1047,0,NULL,NULL,NULL,NULL,NULL,NULL,NULL),(88263,187,427,'2014-12-15 01:36:35',706,921,28,28,'Y',1,1,1,1,1,1,0,1602,1602,'N',1,13366,921,2554,602,0,NULL,NULL,NULL,NULL,NULL,NULL,NULL),(88077,184,428,'2014-12-14 23:26:35',762,772,22,22,'N',1,1,1,1,1,1,0,2534,2534,'N',1,13367,772,1527,385,0,NULL,NULL,NULL,NULL,NULL,NULL,NULL);
use probedata;
use probedata;
use probedata;
REPLACE INTO `scene_divider_intersections` (`scene_fk`, `bay_number`, `shelf_number`, `x1`, `y1`, `x2`, `y2`, `conversion_ratio`) VALUES (419,1,1,-20,1165,1358,1159,0.96472),(420,1,1,94,1319,1429,1325,0.996029),(420,1,2,84,1945,1421,1991,0.994262),(420,1,3,75,2541,1415,2541,0.992979),(421,1,1,198,450,1278,422,1.23132),(421,1,2,198,792,1286,756,1.2219),(421,1,3,198,1305,1299,1277,1.20812),(421,1,4,198,1963,1314,1920,1.19074),(421,1,5,198,2645,1331,2606,1.17339),(421,2,1,1278,422,2468,391,1.11697),(421,2,2,1286,756,2467,717,1.12535),(421,2,3,1299,1277,2465,1247,1.13938),(421,2,4,1314,1920,2463,1877,1.15637),(421,2,5,1331,2606,2461,2566,1.1757),(421,3,1,2468,391,3524,364,1.25925),(421,3,2,2467,717,3522,682,1.25951),(421,3,4,2463,1877,3517,1837,1.26127),(421,3,5,2461,2566,3514,2529,1.26261),(423,1,1,174,1104,1492,1114,1.00923),(423,1,2,178,1685,1495,1698,1.00984),(423,1,3,184,2519,1500,2498,1.01082),(424,1,1,238,2477,1420,2477,1.12539),(427,1,1,12,2559,1567,2549,0.855144),(428,1,1,26,1492,2543,1515,0.528299);
use probedata;
use probedata;
REPLACE INTO `probe` (`pk`, `retries`, `template_fk`, `scene_fk`, `session_uid`, `scene_uid`, `creation_time`, `process_time`, `delete_time`, `store_fk`, `cooler_fk`, `store_uid`, `special_case`, `validation_time`, `local_image_time`, `upload_time`, `match_count`, `type`, `status`, `sales_rep_fk`, `image_tz_offset`, `path_fk`, `image_date`, `hash`, `in_store_location_fk`, `pos_lat`, `pos_long`, `pos_accuracy`, `pos_timestamp`, `original_width`, `original_height`, `medium_size_scale`, `analysis_send_time`, `analysis_duration`, `grid_x`, `grid_y`, `quality`, `stitch_grid_x`, `stitch_grid_y`, `image_uid`, `application_version`, `ignored`, `probe_order`, `gps_update_time`, `iot_device_fk`) VALUES (792,0,2,418,'9eab6663-7bcd-11e4-8b5a-12cceb4b10fa',NULL,'2014-12-04 15:54:49',NULL,NULL,289,NULL,NULL,0,'2014-12-04 16:01:22','2014-12-04 15:46:09','2014-12-04 15:54:30',0,2,3,7,-120,1,'2014-12-04','7248',NULL,-22.5703483,-47.8900752,3144,'2014-12-04 15:44:14',1536,2560,NULL,NULL,NULL,NULL,NULL,'Unknown',NULL,NULL,NULL,NULL,0,NULL,NULL,NULL),(793,0,41,419,'9eab6663-7bcd-11e4-8b5a-12cceb4b10fa',NULL,'2014-12-04 15:56:29',NULL,NULL,289,NULL,NULL,0,'2014-12-04 16:01:44','2014-12-04 15:46:36','2014-12-04 15:56:23',4,2,3,7,-120,1,'2014-12-04','7ae4',NULL,-22.5703483,-47.8900752,3144,'2014-12-04 15:44:14',1536,2560,NULL,NULL,NULL,NULL,NULL,'Unknown',NULL,NULL,NULL,NULL,0,NULL,NULL,NULL),(794,0,41,419,'9eab6663-7bcd-11e4-8b5a-12cceb4b10fa',NULL,'2014-12-04 15:58:24',NULL,NULL,289,NULL,NULL,0,'2014-12-04 16:01:56','2014-12-04 15:46:48','2014-12-04 15:58:23',0,2,3,7,-120,1,'2014-12-04','ca69',NULL,-22.5703483,-47.8900752,3144,'2014-12-04 15:44:14',1536,2560,NULL,NULL,NULL,NULL,NULL,'Unknown',NULL,NULL,NULL,NULL,0,NULL,NULL,NULL),(795,0,3,420,'9eab6663-7bcd-11e4-8b5a-12cceb4b10fa',NULL,'2014-12-04 16:00:19',NULL,NULL,289,NULL,NULL,0,'2014-12-04 16:02:38','2014-12-04 15:47:18','2014-12-04 16:00:14',18,2,3,7,-120,1,'2014-12-04','cde8',NULL,-22.5703483,-47.8900752,3144,'2014-12-04 15:44:14',1536,2560,NULL,NULL,NULL,NULL,NULL,'Unknown',NULL,NULL,NULL,NULL,0,NULL,NULL,NULL),(796,0,29,421,'9eab6663-7bcd-11e4-8b5a-12cceb4b10fa',NULL,'2014-12-04 16:05:01',NULL,NULL,289,NULL,NULL,0,'2014-12-04 16:07:07','2014-12-04 15:47:47','2014-12-04 16:04:52',25,2,3,7,-120,1,'2014-12-04','e6b1',NULL,-22.5703483,-47.8900752,3144,'2014-12-04 15:44:14',1536,2560,NULL,NULL,NULL,NULL,NULL,'Unknown',NULL,NULL,NULL,NULL,0,NULL,NULL,NULL),(797,0,29,421,'9eab6663-7bcd-11e4-8b5a-12cceb4b10fa',NULL,'2014-12-04 16:06:29',NULL,NULL,289,NULL,NULL,0,'2014-12-04 16:08:57','2014-12-04 15:48:02','2014-12-04 16:06:20',26,2,3,7,-120,1,'2014-12-04','09ca',NULL,-22.5703483,-47.8900752,3144,'2014-12-04 15:44:14',1536,2560,NULL,NULL,NULL,NULL,NULL,'Unknown',NULL,NULL,NULL,NULL,0,NULL,NULL,NULL),(798,0,29,421,'9eab6663-7bcd-11e4-8b5a-12cceb4b10fa',NULL,'2014-12-04 16:07:19',NULL,NULL,289,NULL,NULL,0,'2014-12-04 16:08:23','2014-12-04 15:48:14','2014-12-04 16:07:16',19,2,3,7,-120,1,'2014-12-04','cd74',NULL,-22.5703483,-47.8900752,3144,'2014-12-04 15:44:14',1536,2560,NULL,NULL,NULL,NULL,NULL,'Unknown',NULL,NULL,NULL,NULL,0,NULL,NULL,NULL),(799,0,42,422,'9eab6663-7bcd-11e4-8b5a-12cceb4b10fa',NULL,'2014-12-04 16:07:29',NULL,NULL,289,NULL,NULL,0,'2014-12-04 16:08:47','2014-12-04 15:48:43','2014-12-04 16:07:27',0,2,3,7,-120,1,'2014-12-04','3308',NULL,-22.5703483,-47.8900752,3144,'2014-12-04 15:44:14',1536,2560,NULL,NULL,NULL,NULL,NULL,'Unknown',NULL,NULL,NULL,NULL,0,NULL,NULL,NULL),(800,0,43,423,'9eab6663-7bcd-11e4-8b5a-12cceb4b10fa',NULL,'2014-12-04 16:07:49',NULL,NULL,289,NULL,NULL,0,'2014-12-04 16:09:12','2014-12-04 15:49:14','2014-12-04 16:07:45',18,2,3,7,-120,1,'2014-12-04','e9e5',NULL,-22.5703483,-47.8900752,3144,'2014-12-04 15:44:14',1536,2560,NULL,NULL,NULL,NULL,NULL,'Unknown',NULL,NULL,NULL,NULL,0,NULL,NULL,NULL),(801,0,5,424,'9eab6663-7bcd-11e4-8b5a-12cceb4b10fa',NULL,'2014-12-04 16:07:54',NULL,NULL,289,NULL,NULL,0,'2014-12-04 16:10:09','2014-12-04 15:49:45','2014-12-04 16:07:50',28,2,3,7,-120,1,'2014-12-04','ccd2',NULL,-22.5703483,-47.8900752,3144,'2014-12-04 15:44:14',1536,2560,NULL,NULL,NULL,NULL,NULL,'Unknown',NULL,NULL,NULL,NULL,0,NULL,NULL,NULL),(802,0,21,425,'9eab6663-7bcd-11e4-8b5a-12cceb4b10fa',NULL,'2014-12-04 16:07:59',NULL,NULL,289,NULL,NULL,0,'2014-12-04 16:09:20','2014-12-04 15:50:23','2014-12-04 16:07:55',0,2,3,7,-120,1,'2014-12-04','2486',NULL,-22.5703483,-47.8900752,3144,'2014-12-04 15:44:14',1536,2560,NULL,NULL,NULL,NULL,NULL,'Unknown',NULL,NULL,NULL,NULL,0,NULL,NULL,NULL),(803,0,31,426,'9eab6663-7bcd-11e4-8b5a-12cceb4b10fa',NULL,'2014-12-04 16:08:04',NULL,NULL,289,NULL,NULL,0,'2014-12-04 16:10:14','2014-12-04 15:50:51','2014-12-04 16:08:00',0,2,3,7,-120,1,'2014-12-04','9002',NULL,-22.5703483,-47.8900752,3144,'2014-12-04 15:44:14',1536,2560,NULL,NULL,NULL,NULL,NULL,'Unknown',NULL,NULL,NULL,NULL,0,NULL,NULL,NULL),(804,0,8,427,'9eab6663-7bcd-11e4-8b5a-12cceb4b10fa',NULL,'2014-12-04 16:08:09',NULL,NULL,289,NULL,NULL,0,'2014-12-04 16:11:02','2014-12-04 15:51:31','2014-12-04 16:08:05',1,2,3,7,-120,1,'2014-12-04','1c41',NULL,-22.5703483,-47.8900752,3144,'2014-12-04 15:44:14',1536,2560,NULL,NULL,NULL,NULL,NULL,'Unknown',NULL,NULL,NULL,NULL,0,NULL,NULL,NULL),(805,0,6,428,'9eab6663-7bcd-11e4-8b5a-12cceb4b10fa',NULL,'2014-12-04 16:08:14',NULL,NULL,289,NULL,NULL,0,'2014-12-04 16:12:03','2014-12-04 15:51:55','2014-12-04 16:08:10',1,2,3,7,-120,1,'2014-12-04','26d0',NULL,-22.5703483,-47.8900752,3144,'2014-12-04 15:44:14',2560,1536,NULL,NULL,NULL,NULL,NULL,'Unknown',NULL,NULL,NULL,NULL,0,NULL,NULL,NULL),(806,0,6,428,'9eab6663-7bcd-11e4-8b5a-12cceb4b10fa',NULL,'2014-12-04 16:08:19',NULL,NULL,289,NULL,NULL,0,'2014-12-04 16:12:41','2014-12-04 15:52:06','2014-12-04 16:08:14',0,2,3,7,-120,1,'2014-12-04','c998',NULL,-22.5703483,-47.8900752,3144,'2014-12-04 15:44:14',2560,1536,NULL,NULL,NULL,NULL,NULL,'Unknown',NULL,NULL,NULL,NULL,0,NULL,NULL,NULL),(807,0,6,428,'9eab6663-7bcd-11e4-8b5a-12cceb4b10fa',NULL,'2014-12-04 16:08:24',NULL,NULL,289,NULL,NULL,0,'2014-12-04 16:12:48','2014-12-04 15:52:21','2014-12-04 16:08:17',0,2,3,7,-120,1,'2014-12-04','f1a1',NULL,-22.5703483,-47.8900752,3144,'2014-12-04 15:44:14',2560,1536,NULL,NULL,NULL,NULL,NULL,'Unknown',NULL,NULL,NULL,NULL,0,NULL,NULL,NULL);
use probedata;
REPLACE INTO `match_product_in_probe` (`pk`, `product_fk`, `probe_fk`, `vote_fk`, `creation_time`, `rect_x`, `rect_y`, `rect_width`, `rect_height`, `confidence`, `is_human`, `front_facing`, `is_design_changes`, `original_product_fk`, `product_image_fk`, `design_change_status`) VALUES (13218,279,793,0,'2014-12-04 16:01:44',466.00,747.00,28.00,28.00,0.93,1,'Y','N',NULL,468,NULL),(13219,279,793,0,'2014-12-04 16:01:44',558.00,697.00,28.00,28.00,0.93,1,'Y','N',NULL,468,NULL),(13220,279,793,0,'2014-12-04 16:01:44',286.00,899.00,28.00,28.00,0.93,1,'Y','N',NULL,468,NULL),(13221,279,793,0,'2014-12-04 16:01:44',109.00,947.00,28.00,28.00,0.93,1,'Y','N',NULL,468,NULL),(13224,24,795,0,'2014-12-04 16:02:38',1165.00,896.00,28.00,28.00,0.93,1,'Y','N',NULL,28,NULL),(13225,24,795,0,'2014-12-04 16:02:38',1032.00,912.00,28.00,28.00,0.93,1,'Y','N',NULL,28,NULL),(13226,24,795,0,'2014-12-04 16:02:38',880.00,915.00,28.00,28.00,0.93,1,'Y','N',NULL,28,NULL),(13227,24,795,0,'2014-12-04 16:02:38',732.00,918.00,28.00,28.00,0.93,1,'Y','N',NULL,28,NULL),(13228,24,795,0,'2014-12-04 16:02:38',441.00,912.00,28.00,28.00,0.93,1,'Y','N',NULL,28,NULL),(13229,24,795,0,'2014-12-04 16:02:38',248.00,972.00,28.00,28.00,0.93,1,'Y','N',NULL,28,NULL),(13230,24,795,0,'2014-12-04 16:02:38',349.00,1572.00,28.00,28.00,0.93,1,'Y','N',NULL,28,NULL),(13231,24,795,0,'2014-12-04 16:02:38',542.00,1620.00,28.00,28.00,0.93,1,'Y','N',NULL,28,NULL),(13232,24,795,0,'2014-12-04 16:02:38',627.00,1623.00,28.00,28.00,0.93,1,'Y','N',NULL,28,NULL),(13233,24,795,0,'2014-12-04 16:02:38',820.00,1677.00,28.00,28.00,0.93,1,'Y','N',NULL,28,NULL),(13234,24,795,0,'2014-12-04 16:02:38',1029.00,1667.00,28.00,28.00,0.93,1,'Y','N',NULL,28,NULL),(13235,24,795,0,'2014-12-04 16:02:38',1143.00,1692.00,28.00,28.00,0.93,1,'Y','N',NULL,28,NULL),(13236,24,795,0,'2014-12-04 16:02:38',1158.00,2192.00,28.00,28.00,0.93,1,'Y','N',NULL,28,NULL),(13237,24,795,0,'2014-12-04 16:02:38',997.00,2170.00,28.00,28.00,0.93,1,'Y','N',NULL,28,NULL),(13238,24,795,0,'2014-12-04 16:02:38',852.00,2230.00,28.00,28.00,0.93,1,'Y','N',NULL,28,NULL),(13239,24,795,0,'2014-12-04 16:02:38',675.00,2189.00,28.00,28.00,0.93,1,'Y','N',NULL,28,NULL),(13240,24,795,0,'2014-12-04 16:02:38',517.00,2208.00,28.00,28.00,0.93,1,'Y','N',NULL,28,NULL),(13241,24,795,0,'2014-12-04 16:02:38',337.00,2192.00,28.00,28.00,0.93,1,'Y','N',NULL,28,NULL),(13250,74,796,0,'2014-12-04 16:07:07',694.00,185.00,28.00,28.00,0.93,1,'Y','N',NULL,139,NULL),(13251,74,796,0,'2014-12-04 16:07:07',915.00,185.00,28.00,28.00,0.93,1,'Y','N',NULL,139,NULL),(13252,74,796,0,'2014-12-04 16:07:07',839.00,160.00,28.00,28.00,0.93,1,'Y','N',NULL,139,NULL),(13253,49,796,0,'2014-12-04 16:07:07',1073.00,182.00,28.00,28.00,0.93,1,'N','N',NULL,467,NULL),(13254,4,796,0,'2014-12-04 16:07:07',406.00,561.00,28.00,28.00,0.93,1,'Y','N',NULL,4,NULL),(13255,4,796,0,'2014-12-04 16:07:07',561.00,548.00,28.00,28.00,0.93,1,'Y','N',NULL,4,NULL),(13256,2,796,0,'2014-12-04 16:07:07',770.00,529.00,28.00,28.00,0.93,1,'Y','N',NULL,2,NULL),(13257,2,796,0,'2014-12-04 16:07:07',874.00,529.00,28.00,28.00,0.93,1,'Y','N',NULL,2,NULL),(13258,35,796,0,'2014-12-04 16:07:07',479.00,1038.00,28.00,28.00,0.93,1,'Y','N',NULL,52,NULL),(13259,35,796,0,'2014-12-04 16:07:07',539.00,1022.00,28.00,28.00,0.93,1,'Y','N',NULL,52,NULL),(13260,35,796,0,'2014-12-04 16:07:07',675.00,1000.00,28.00,28.00,0.93,1,'Y','N',NULL,52,NULL),(13261,35,796,0,'2014-12-04 16:07:07',760.00,991.00,28.00,28.00,0.93,1,'Y','N',NULL,52,NULL),(13262,278,796,0,'2014-12-04 16:07:07',962.00,1506.00,28.00,28.00,0.93,1,'Y','N',NULL,462,NULL),(13263,278,796,0,'2014-12-04 16:07:07',1101.00,1478.00,28.00,28.00,0.93,1,'Y','N',NULL,462,NULL),(13264,24,796,0,'2014-12-04 16:07:07',586.00,2116.00,28.00,28.00,0.93,1,'Y','N',NULL,28,NULL),(13265,24,796,0,'2014-12-04 16:07:07',751.00,2148.00,28.00,28.00,0.93,1,'Y','N',NULL,28,NULL),(13266,21,796,0,'2014-12-04 16:07:07',915.00,2116.00,28.00,28.00,0.93,1,'N','N',NULL,23,NULL),(13267,21,796,0,'2014-12-04 16:07:07',1082.00,2110.00,28.00,28.00,0.93,1,'N','N',NULL,23,NULL),(13268,63,796,0,'2014-12-04 16:07:07',545.00,1544.00,28.00,28.00,0.93,1,'Y','N',NULL,114,NULL),(13269,63,796,0,'2014-12-04 16:07:07',725.00,1519.00,28.00,28.00,0.93,1,'Y','N',NULL,114,NULL),(13270,158,796,0,'2014-12-04 16:07:07',419.00,245.00,28.00,28.00,0.93,1,'Y','N',NULL,307,NULL),(13271,158,796,0,'2014-12-04 16:07:07',523.00,248.00,28.00,28.00,0.93,1,'Y','N',NULL,307,NULL),(13272,145,796,0,'2014-12-04 16:07:07',1016.00,539.00,28.00,28.00,0.93,1,'Y','N',NULL,294,NULL),(13273,159,796,0,'2014-12-04 16:07:07',871.00,1045.00,28.00,28.00,0.93,1,'Y','N',NULL,308,NULL),(13274,159,796,0,'2014-12-04 16:07:07',975.00,1026.00,28.00,28.00,0.93,1,'Y','N',NULL,308,NULL),(13294,53,797,0,'2014-12-04 16:08:57',586.00,931.00,28.00,28.00,0.93,1,'Y','N',NULL,94,NULL),(13295,53,797,0,'2014-12-04 16:08:57',725.00,924.00,28.00,28.00,0.93,1,'Y','N',NULL,94,NULL),(13296,39,797,0,'2014-12-04 16:08:57',874.00,934.00,28.00,28.00,0.93,1,'Y','N',NULL,61,NULL),(13297,39,797,0,'2014-12-04 16:08:57',1007.00,953.00,28.00,28.00,0.93,1,'Y','N',NULL,61,NULL),(13298,39,797,0,'2014-12-04 16:08:57',1114.00,928.00,28.00,28.00,0.93,1,'Y','N',NULL,61,NULL),(13299,278,797,0,'2014-12-04 16:08:57',536.00,1500.00,28.00,28.00,0.93,1,'Y','N',NULL,462,NULL),(13300,278,797,0,'2014-12-04 16:08:57',713.00,1506.00,28.00,28.00,0.93,1,'Y','N',NULL,462,NULL),(13301,21,797,0,'2014-12-04 16:08:57',596.00,2021.00,28.00,28.00,0.93,1,'Y','N',NULL,22,NULL),(13302,21,797,0,'2014-12-04 16:08:57',760.00,2015.00,28.00,28.00,0.93,1,'Y','N',NULL,22,NULL),(13303,79,797,0,'2014-12-04 16:08:57',905.00,2129.00,28.00,28.00,0.93,1,'Y','N',NULL,151,NULL),(13304,79,797,0,'2014-12-04 16:08:57',1079.00,2110.00,28.00,28.00,0.93,1,'Y','N',NULL,151,NULL),(13305,88,797,0,'2014-12-04 16:08:57',918.00,1579.00,28.00,28.00,0.93,1,'N','N',NULL,173,NULL),(13306,87,797,0,'2014-12-04 16:08:57',1092.00,1610.00,28.00,28.00,0.93,1,'Y','N',NULL,168,NULL),(13307,118,797,0,'2014-12-04 16:08:57',966.00,529.00,28.00,28.00,0.93,1,'Y','N',NULL,234,NULL),(13308,118,797,0,'2014-12-04 16:08:57',1127.00,536.00,28.00,28.00,0.93,1,'Y','N',NULL,234,NULL),(13309,132,797,0,'2014-12-04 16:08:57',845.00,179.00,28.00,28.00,0.93,1,'Y','N',NULL,266,NULL),(13310,132,797,0,'2014-12-04 16:08:57',1007.00,175.00,28.00,28.00,0.93,1,'Y','N',NULL,266,NULL),(13311,132,797,0,'2014-12-04 16:08:57',1161.00,175.00,28.00,28.00,0.93,1,'Y','N',NULL,266,NULL),(13312,163,797,0,'2014-12-04 16:08:57',495.00,182.00,28.00,28.00,0.93,1,'Y','N',NULL,318,NULL),(13313,163,797,0,'2014-12-04 16:08:57',580.00,182.00,28.00,28.00,0.93,1,'Y','N',NULL,318,NULL),(13314,163,797,0,'2014-12-04 16:08:57',706.00,182.00,28.00,28.00,0.93,1,'Y','N',NULL,318,NULL),(13315,163,797,0,'2014-12-04 16:08:57',457.00,542.00,28.00,28.00,0.93,1,'Y','N',NULL,318,NULL),(13316,163,797,0,'2014-12-04 16:08:57',586.00,542.00,28.00,28.00,0.93,1,'Y','N',NULL,318,NULL),(13317,163,797,0,'2014-12-04 16:08:57',719.00,536.00,28.00,28.00,0.93,1,'Y','N',NULL,318,NULL),(13318,163,797,0,'2014-12-04 16:08:57',833.00,523.00,28.00,28.00,0.93,1,'Y','N',NULL,318,NULL),(13319,159,797,0,'2014-12-04 16:08:57',454.00,928.00,28.00,28.00,0.93,1,'Y','N',NULL,308,NULL),(13275,97,798,0,'2014-12-04 16:08:23',412.00,245.00,28.00,28.00,0.93,1,'Y','N',NULL,190,NULL),(13276,69,798,0,'2014-12-04 16:08:23',520.00,618.00,28.00,28.00,0.93,1,'Y','N',NULL,127,NULL),(13277,69,798,0,'2014-12-04 16:08:23',618.00,612.00,28.00,28.00,0.93,1,'Y','N',NULL,127,NULL),(13278,69,798,0,'2014-12-04 16:08:23',706.00,596.00,28.00,28.00,0.93,1,'Y','N',NULL,127,NULL),(13279,129,798,0,'2014-12-04 16:08:23',558.00,1670.00,28.00,28.00,0.93,1,'Y','N',NULL,259,NULL),(13280,129,798,0,'2014-12-04 16:08:23',747.00,1598.00,28.00,28.00,0.93,1,'Y','N',NULL,259,NULL),(13281,114,798,0,'2014-12-04 16:08:23',921.00,1579.00,28.00,28.00,0.93,1,'Y','N',NULL,225,NULL),(13282,114,798,0,'2014-12-04 16:08:23',1076.00,1541.00,28.00,28.00,0.93,1,'Y','N',NULL,225,NULL),(13283,82,798,0,'2014-12-04 16:08:23',706.00,2315.00,28.00,28.00,0.93,1,'Y','N',NULL,158,NULL),(13284,82,798,0,'2014-12-04 16:08:23',883.00,2065.00,28.00,28.00,0.93,1,'Y','N',NULL,158,NULL),(13285,82,798,0,'2014-12-04 16:08:23',1048.00,2208.00,28.00,28.00,0.93,1,'Y','N',NULL,158,NULL),(13286,79,798,0,'2014-12-04 16:08:23',567.00,2321.00,28.00,28.00,0.93,1,'Y','N',NULL,151,NULL),(13287,160,798,0,'2014-12-04 16:08:23',555.00,258.00,28.00,28.00,0.93,1,'Y','N',NULL,317,NULL),(13288,160,798,0,'2014-12-04 16:08:23',700.00,258.00,28.00,28.00,0.93,1,'Y','N',NULL,317,NULL),(13289,160,798,0,'2014-12-04 16:08:23',801.00,251.00,28.00,28.00,0.93,1,'Y','N',NULL,317,NULL),(13290,160,798,0,'2014-12-04 16:08:23',912.00,251.00,28.00,28.00,0.93,1,'Y','N',NULL,317,NULL),(13291,160,798,0,'2014-12-04 16:08:23',1007.00,251.00,28.00,28.00,0.93,1,'Y','N',NULL,317,NULL),(13292,158,798,0,'2014-12-04 16:08:23',855.00,624.00,28.00,28.00,0.93,1,'Y','N',NULL,307,NULL),(13293,158,798,0,'2014-12-04 16:08:23',966.00,612.00,28.00,28.00,0.93,1,'Y','N',NULL,307,NULL),(13320,279,800,0,'2014-12-04 16:09:12',346.00,826.00,28.00,28.00,0.93,1,'Y','N',NULL,468,NULL),(13321,279,800,0,'2014-12-04 16:09:12',552.00,798.00,28.00,28.00,0.93,1,'Y','N',NULL,468,NULL),(13322,279,800,0,'2014-12-04 16:09:12',662.00,804.00,28.00,28.00,0.93,1,'Y','N',NULL,468,NULL),(13323,279,800,0,'2014-12-04 16:09:12',795.00,804.00,28.00,28.00,0.93,1,'Y','N',NULL,468,NULL),(13324,279,800,0,'2014-12-04 16:09:12',975.00,808.00,28.00,28.00,0.93,1,'Y','N',NULL,468,NULL),(13325,279,800,0,'2014-12-04 16:09:12',1152.00,795.00,28.00,28.00,0.93,1,'Y','N',NULL,468,NULL),(13326,279,800,0,'2014-12-04 16:09:12',425.00,1427.00,28.00,28.00,0.93,1,'Y','N',NULL,468,NULL),(13327,279,800,0,'2014-12-04 16:09:12',482.00,1452.00,28.00,28.00,0.93,1,'Y','N',NULL,468,NULL),(13328,279,800,0,'2014-12-04 16:09:12',646.00,1465.00,28.00,28.00,0.93,1,'Y','N',NULL,468,NULL),(13329,279,800,0,'2014-12-04 16:09:12',798.00,1478.00,28.00,28.00,0.93,1,'Y','N',NULL,468,NULL),(13330,279,800,0,'2014-12-04 16:09:12',988.00,1490.00,28.00,28.00,0.93,1,'Y','N',NULL,468,NULL),(13331,279,800,0,'2014-12-04 16:09:12',352.00,2179.00,28.00,28.00,0.93,1,'Y','N',NULL,468,NULL),(13332,279,800,0,'2014-12-04 16:09:12',510.00,2176.00,28.00,28.00,0.93,1,'Y','N',NULL,468,NULL),(13333,279,800,0,'2014-12-04 16:09:12',747.00,2157.00,28.00,28.00,0.93,1,'Y','N',NULL,468,NULL),(13334,279,800,0,'2014-12-04 16:09:12',883.00,2116.00,28.00,28.00,0.93,1,'Y','N',NULL,468,NULL),(13335,279,800,0,'2014-12-04 16:09:12',1032.00,1996.00,28.00,28.00,0.93,1,'Y','N',NULL,468,NULL),(13336,279,800,0,'2014-12-04 16:09:12',1146.00,2031.00,28.00,28.00,0.93,1,'Y','N',NULL,468,NULL),(13337,7,800,0,'2014-12-04 16:09:12',1149.00,1421.00,28.00,28.00,0.93,1,'Y','N',NULL,7,NULL),(13338,24,801,0,'2014-12-04 16:10:09',852.00,153.00,28.00,28.00,0.93,1,'N','N',NULL,30,NULL),(13339,24,801,0,'2014-12-04 16:10:09',1022.00,160.00,28.00,28.00,0.93,1,'N','N',NULL,30,NULL),(13340,24,801,0,'2014-12-04 16:10:09',1168.00,131.00,28.00,28.00,0.93,1,'N','N',NULL,30,NULL),(13341,24,801,0,'2014-12-04 16:10:09',890.00,725.00,28.00,28.00,0.93,1,'N','N',NULL,30,NULL),(13342,24,801,0,'2014-12-04 16:10:09',1045.00,719.00,28.00,28.00,0.93,1,'N','N',NULL,30,NULL),(13343,24,801,0,'2014-12-04 16:10:09',1174.00,716.00,28.00,28.00,0.93,1,'N','N',NULL,30,NULL),(13344,24,801,0,'2014-12-04 16:10:09',896.00,1263.00,28.00,28.00,0.93,1,'N','N',NULL,30,NULL),(13345,24,801,0,'2014-12-04 16:10:09',1022.00,1256.00,28.00,28.00,0.93,1,'N','N',NULL,30,NULL),(13346,24,801,0,'2014-12-04 16:10:09',1155.00,1263.00,28.00,28.00,0.93,1,'N','N',NULL,30,NULL),(13347,24,801,0,'2014-12-04 16:10:09',880.00,1762.00,28.00,28.00,0.93,1,'N','N',NULL,30,NULL),(13348,24,801,0,'2014-12-04 16:10:09',1013.00,1752.00,28.00,28.00,0.93,1,'N','N',NULL,30,NULL),(13349,24,801,0,'2014-12-04 16:10:09',1136.00,1711.00,28.00,28.00,0.93,1,'N','N',NULL,30,NULL),(13350,24,801,0,'2014-12-04 16:10:09',469.00,1749.00,28.00,28.00,0.93,1,'N','N',NULL,30,NULL),(13351,24,801,0,'2014-12-04 16:10:09',602.00,1759.00,28.00,28.00,0.93,1,'N','N',NULL,30,NULL),(13352,24,801,0,'2014-12-04 16:10:09',713.00,1724.00,28.00,28.00,0.93,1,'N','N',NULL,30,NULL),(13353,24,801,0,'2014-12-04 16:10:09',472.00,2214.00,28.00,28.00,0.93,1,'N','N',NULL,30,NULL),(13354,24,801,0,'2014-12-04 16:10:09',605.00,2167.00,28.00,28.00,0.93,1,'N','N',NULL,30,NULL),(13355,24,801,0,'2014-12-04 16:10:09',738.00,2211.00,28.00,28.00,0.93,1,'N','N',NULL,30,NULL),(13356,24,801,0,'2014-12-04 16:10:09',934.00,2141.00,28.00,28.00,0.93,1,'N','N',NULL,30,NULL),(13357,24,801,0,'2014-12-04 16:10:09',1064.00,2148.00,28.00,28.00,0.93,1,'N','N',NULL,30,NULL),(13358,24,801,0,'2014-12-04 16:10:09',1168.00,2113.00,28.00,28.00,0.93,1,'N','N',NULL,30,NULL),(13359,78,801,0,'2014-12-04 16:10:09',444.00,141.00,28.00,28.00,0.93,1,'N','N',NULL,150,NULL),(13360,82,801,0,'2014-12-04 16:10:09',365.00,776.00,28.00,28.00,0.93,1,'Y','N',NULL,158,NULL),(13361,82,801,0,'2014-12-04 16:10:09',514.00,766.00,28.00,28.00,0.93,1,'Y','N',NULL,158,NULL),(13362,82,801,0,'2014-12-04 16:10:09',662.00,751.00,28.00,28.00,0.93,1,'Y','N',NULL,158,NULL),(13363,82,801,0,'2014-12-04 16:10:09',422.00,1316.00,28.00,28.00,0.93,1,'Y','N',NULL,158,NULL),(13364,82,801,0,'2014-12-04 16:10:09',574.00,1335.00,28.00,28.00,0.93,1,'Y','N',NULL,158,NULL),(13365,82,801,0,'2014-12-04 16:10:09',710.00,1291.00,28.00,28.00,0.93,1,'Y','N',NULL,158,NULL),(13366,187,804,0,'2014-12-04 16:11:02',706.00,921.00,28.00,28.00,0.93,1,'Y','N',NULL,349,NULL),(13367,184,805,0,'2014-12-04 16:12:03',762.00,740.00,22.00,22.00,0.93,1,'N','N',NULL,342,NULL);
use probedata;
use probedata;
use probedata;
use probedata;
use probedata;
REPLACE INTO `user_processing_info` (`pk`, `user_session_fk`, `probe_fk`, `vote_fk`, `mask_fk`, `scene_fk`, `accept_time`, `completion_time`, `number_of_matches`, `reason`) VALUES (1131,155,792,0,NULL,NULL,'2014-12-04 16:01:08','2014-12-04 16:01:22',0,NULL),(1132,155,793,0,NULL,NULL,'2014-12-04 16:01:25','2014-12-04 16:01:44',4,NULL),(1133,155,794,0,NULL,NULL,'2014-12-04 16:01:46','2014-12-04 16:01:56',0,NULL),(1136,155,795,0,NULL,NULL,'2014-12-04 16:02:01','2014-12-04 16:02:38',18,NULL),(1138,163,796,0,NULL,NULL,'2014-12-04 16:05:12','2014-12-04 16:07:07',25,NULL),(1142,166,797,0,NULL,NULL,'2014-12-04 16:06:37','2014-12-04 16:08:57',26,NULL),(1139,163,798,0,NULL,NULL,'2014-12-04 16:07:29','2014-12-04 16:08:23',19,NULL),(1141,163,799,0,NULL,NULL,'2014-12-04 16:08:25','2014-12-04 16:08:47',0,NULL),(1144,163,800,0,NULL,NULL,'2014-12-04 16:08:49','2014-12-04 16:09:12',18,NULL),(1148,166,801,0,NULL,NULL,'2014-12-04 16:09:03','2014-12-04 16:10:09',28,NULL),(1145,163,802,0,NULL,NULL,'2014-12-04 16:09:15','2014-12-04 16:09:20',0,NULL),(1150,163,803,0,NULL,NULL,'2014-12-04 16:09:22','2014-12-04 16:10:14',0,NULL),(1156,166,804,0,NULL,NULL,'2014-12-04 16:10:12','2014-12-04 16:11:02',1,NULL),(1157,163,805,0,NULL,NULL,'2014-12-04 16:10:18','2014-12-04 16:12:03',1,NULL),(1159,166,806,0,NULL,NULL,'2014-12-04 16:12:34','2014-12-04 16:12:41',0,NULL),(1160,163,807,0,NULL,NULL,'2014-12-04 16:12:08','2014-12-04 16:12:48',0,NULL);
use probedata;
use probedata;
use probedata;
use probedata;
use probedata;
use probedata;
use probedata;
use probedata;
use probedata;
use probedata;
use probedata;
REPLACE INTO `user_sessions` (`pk`, `user_id`, `login_time`, `logout_time`) VALUES (155,'G2913','2014-12-04 14:43:56','2014-12-04 18:37:57'),(163,'G2902','2014-12-04 14:47:40','2014-12-04 17:18:01'),(166,'G2905','2014-12-04 14:58:28','2014-12-04 18:28:35');
use probedata;
REPLACE INTO `visits` (`pk`, `visit_uid`, `visit_date`, `store_fk`, `sales_rep_fk`) VALUES (14022,'9eab9c08-7bcd-11e4-8b5a-12cceb4b10fa','2014-12-04',289,7);
use report;
REPLACE INTO `visit_summary` (`session_uid`, `visit_date`, `store_fk`, `product_fk`, `template_fk`, `in_assortment`, `distributed`, `oos`, `facings`, `area`, `length_mm`, `front_facing`, `in_oos`, `in_distribution`, `in_sos_facings`, `in_sos_linear`, `in_sos_sovi_linear`, `in_sos_sovi_facings`, `own`, `area_sku_size`) VALUES ('9eab6663-7bcd-11e4-8b5a-12cceb4b10fa','2014-12-04',289,0,0,1,0,1,0,0,0,0,1,1,1,1,1,1,0,0),('9eab6663-7bcd-11e4-8b5a-12cceb4b10fa','2014-12-04',289,2,29,0,1,0,2,504,342,1,1,1,1,1,1,1,1,0),('9eab6663-7bcd-11e4-8b5a-12cceb4b10fa','2014-12-04',289,4,29,0,1,0,2,864,590,1,1,1,1,1,1,1,1,0),('9eab6663-7bcd-11e4-8b5a-12cceb4b10fa','2014-12-04',289,7,43,0,1,0,1,7950,415,1,1,1,1,1,1,1,0,0),('9eab6663-7bcd-11e4-8b5a-12cceb4b10fa','2014-12-04',289,21,29,0,1,0,4,3757,1124,0,1,1,1,1,1,1,1,0),('9eab6663-7bcd-11e4-8b5a-12cceb4b10fa','2014-12-04',289,24,3,0,1,0,18,84480,3990,1,1,1,1,1,1,1,1,0),('9eab6663-7bcd-11e4-8b5a-12cceb4b10fa','2014-12-04',289,24,5,0,1,0,21,101640,1217,0,1,1,1,1,1,1,1,0),('9eab6663-7bcd-11e4-8b5a-12cceb4b10fa','2014-12-04',289,24,29,0,1,0,2,2350,767,1,1,1,1,1,1,1,1,0),('9eab6663-7bcd-11e4-8b5a-12cceb4b10fa','2014-12-04',289,35,29,0,1,0,4,1794,766,1,1,1,1,1,1,1,1,0),('9eab6663-7bcd-11e4-8b5a-12cceb4b10fa','2014-12-04',289,39,29,0,1,0,3,1596,675,1,1,1,1,1,1,1,1,0),('9eab6663-7bcd-11e4-8b5a-12cceb4b10fa','2014-12-04',289,49,29,0,1,0,1,200,329,0,1,1,1,1,1,1,1,0),('9eab6663-7bcd-11e4-8b5a-12cceb4b10fa','2014-12-04',289,53,29,0,1,0,2,1596,654,1,1,1,1,1,1,1,1,0),('9eab6663-7bcd-11e4-8b5a-12cceb4b10fa','2014-12-04',289,63,29,0,1,0,2,2208,791,1,1,1,1,1,1,1,1,0),('9eab6663-7bcd-11e4-8b5a-12cceb4b10fa','2014-12-04',289,69,29,0,1,0,3,1254,666,1,1,1,1,1,1,1,1,0),('9eab6663-7bcd-11e4-8b5a-12cceb4b10fa','2014-12-04',289,74,29,0,1,0,3,290,475,1,1,1,1,1,1,1,1,0),('9eab6663-7bcd-11e4-8b5a-12cceb4b10fa','2014-12-04',289,78,5,0,1,0,3,0,0,0,1,1,1,1,1,1,1,0),('9eab6663-7bcd-11e4-8b5a-12cceb4b10fa','2014-12-04',289,79,29,0,1,0,3,3633,1144,1,1,1,1,1,1,1,1,0),('9eab6663-7bcd-11e4-8b5a-12cceb4b10fa','2014-12-04',289,82,5,0,1,0,6,9240,112,1,1,1,1,1,1,1,1,0),('9eab6663-7bcd-11e4-8b5a-12cceb4b10fa','2014-12-04',289,82,29,0,1,0,3,2784,837,1,1,1,1,1,1,1,1,0),('9eab6663-7bcd-11e4-8b5a-12cceb4b10fa','2014-12-04',289,87,29,0,1,0,1,1288,447,1,1,1,1,1,1,1,1,0),('9eab6663-7bcd-11e4-8b5a-12cceb4b10fa','2014-12-04',289,88,29,0,1,0,1,644,217,0,1,1,1,1,1,1,1,0),('9eab6663-7bcd-11e4-8b5a-12cceb4b10fa','2014-12-04',289,97,29,0,1,0,1,352,290,1,1,1,1,1,1,1,1,0),('9eab6663-7bcd-11e4-8b5a-12cceb4b10fa','2014-12-04',289,114,29,0,1,0,2,1904,590,1,1,1,1,1,1,1,1,0),('9eab6663-7bcd-11e4-8b5a-12cceb4b10fa','2014-12-04',289,118,29,0,1,0,2,805,558,1,1,1,1,1,1,1,1,0),('9eab6663-7bcd-11e4-8b5a-12cceb4b10fa','2014-12-04',289,129,29,0,1,0,2,2352,739,1,1,1,1,1,1,1,1,0),('9eab6663-7bcd-11e4-8b5a-12cceb4b10fa','2014-12-04',289,132,29,0,1,0,3,572,693,1,1,1,1,1,1,1,1,0),('9eab6663-7bcd-11e4-8b5a-12cceb4b10fa','2014-12-04',289,145,29,0,1,0,1,552,397,1,1,1,1,1,1,1,0,0),('9eab6663-7bcd-11e4-8b5a-12cceb4b10fa','2014-12-04',289,158,29,0,1,0,4,1564,1187,1,1,1,1,1,1,1,0,0),('9eab6663-7bcd-11e4-8b5a-12cceb4b10fa','2014-12-04',289,159,29,0,1,0,2,1326,563,1,1,1,1,1,1,1,0,0),('9eab6663-7bcd-11e4-8b5a-12cceb4b10fa','2014-12-04',289,160,29,0,1,0,5,1320,1039,1,1,1,1,1,1,1,0,0),('9eab6663-7bcd-11e4-8b5a-12cceb4b10fa','2014-12-04',289,163,29,0,1,0,6,1647,1408,1,1,1,1,1,1,1,0,0),('9eab6663-7bcd-11e4-8b5a-12cceb4b10fa','2014-12-04',289,184,6,0,1,0,1,17280,1330,0,0,1,0,1,1,1,1,0),('9eab6663-7bcd-11e4-8b5a-12cceb4b10fa','2014-12-04',289,187,8,0,1,0,1,58800,1330,1,0,1,0,1,1,1,1,0),('9eab6663-7bcd-11e4-8b5a-12cceb4b10fa','2014-12-04',289,278,29,0,1,0,4,3404,1203,1,1,1,1,1,1,1,1,0),('9eab6663-7bcd-11e4-8b5a-12cceb4b10fa','2014-12-04',289,279,43,0,1,0,17,66930,3574,1,1,1,1,1,1,1,0,0);
use report;
use report;
REPLACE INTO `match_planogram_compliance` (`match_fk`, `planogram_fk`, `visit_date`, `scene_fk`, `match_compliance_status`) VALUES (11507,41,'2014-12-04',419,3),(11508,41,'2014-12-04',419,3),(11509,41,'2014-12-04',419,3),(11510,41,'2014-12-04',419,3),(11511,3,'2014-12-04',420,3),(11512,3,'2014-12-04',420,3),(11513,3,'2014-12-04',420,3),(11514,3,'2014-12-04',420,3),(11515,3,'2014-12-04',420,3),(11516,3,'2014-12-04',420,3),(11517,3,'2014-12-04',420,3),(11518,3,'2014-12-04',420,3),(11519,3,'2014-12-04',420,3),(11520,3,'2014-12-04',420,3),(11521,3,'2014-12-04',420,3),(11522,3,'2014-12-04',420,3),(11523,3,'2014-12-04',420,3),(11524,3,'2014-12-04',420,3),(11525,3,'2014-12-04',420,3),(11526,3,'2014-12-04',420,3),(11527,3,'2014-12-04',420,3),(11528,3,'2014-12-04',420,3),(11529,29,'2014-12-04',421,0),(11530,29,'2014-12-04',421,0),(11531,29,'2014-12-04',421,3),(11532,29,'2014-12-04',421,3),(11533,29,'2014-12-04',421,3),(11534,29,'2014-12-04',421,3),(11535,29,'2014-12-04',421,3),(11536,29,'2014-12-04',421,3),(11537,29,'2014-12-04',421,3),(11538,29,'2014-12-04',421,3),(11539,29,'2014-12-04',421,0),(11540,29,'2014-12-04',421,3),(11541,29,'2014-12-04',421,3),(11542,29,'2014-12-04',421,3),(11543,29,'2014-12-04',421,3),(11544,29,'2014-12-04',421,0),(11545,29,'2014-12-04',421,0),(11546,29,'2014-12-04',421,3),(11547,29,'2014-12-04',421,3),(11548,29,'2014-12-04',421,3),(11549,29,'2014-12-04',421,3),(11550,29,'2014-12-04',421,3),(11551,29,'2014-12-04',421,3),(11552,29,'2014-12-04',421,3),(11553,29,'2014-12-04',421,3),(11554,29,'2014-12-04',421,0),(11555,29,'2014-12-04',421,0),(11556,29,'2014-12-04',421,0),(11557,29,'2014-12-04',421,3),(11558,29,'2014-12-04',421,3),(11559,29,'2014-12-04',421,3),(11560,29,'2014-12-04',421,0),(11561,29,'2014-12-04',421,0),(11562,29,'2014-12-04',421,0),(11563,29,'2014-12-04',421,3),(11564,29,'2014-12-04',421,3),(11565,29,'2014-12-04',421,3),(11566,29,'2014-12-04',421,3),(11567,29,'2014-12-04',421,3),(11568,29,'2014-12-04',421,3),(11569,29,'2014-12-04',421,3),(11570,29,'2014-12-04',421,3),(11571,29,'2014-12-04',421,3),(11572,29,'2014-12-04',421,3),(11573,29,'2014-12-04',421,3),(11574,29,'2014-12-04',421,3),(11575,29,'2014-12-04',421,3),(11576,29,'2014-12-04',421,3),(11577,29,'2014-12-04',421,3),(11578,29,'2014-12-04',421,3),(11579,29,'2014-12-04',421,0),(11580,29,'2014-12-04',421,0),(11581,29,'2014-12-04',421,0),(11582,29,'2014-12-04',421,0),(11583,29,'2014-12-04',421,0),(11584,29,'2014-12-04',421,3),(11585,29,'2014-12-04',421,3),(11586,29,'2014-12-04',421,3),(11587,29,'2014-12-04',421,0),(11588,29,'2014-12-04',421,0),(11589,29,'2014-12-04',421,3),(11590,29,'2014-12-04',421,3),(11591,29,'2014-12-04',421,3),(11592,29,'2014-12-04',421,3),(11593,29,'2014-12-04',421,3),(11594,29,'2014-12-04',421,3),(11595,29,'2014-12-04',421,3),(11596,29,'2014-12-04',421,3),(11597,43,'2014-12-04',423,3),(11598,43,'2014-12-04',423,3),(11599,43,'2014-12-04',423,3),(11600,43,'2014-12-04',423,3),(11601,43,'2014-12-04',423,3),(11602,43,'2014-12-04',423,3),(11603,43,'2014-12-04',423,3),(11604,43,'2014-12-04',423,3),(11605,43,'2014-12-04',423,3),(11606,43,'2014-12-04',423,3),(11607,43,'2014-12-04',423,3),(11608,43,'2014-12-04',423,3),(11609,43,'2014-12-04',423,3),(11610,43,'2014-12-04',423,3),(11611,43,'2014-12-04',423,3),(11612,43,'2014-12-04',423,3),(11613,43,'2014-12-04',423,3),(11614,43,'2014-12-04',423,3),(11615,5,'2014-12-04',424,3),(11616,5,'2014-12-04',424,3),(11617,5,'2014-12-04',424,3),(11618,5,'2014-12-04',424,3),(11619,5,'2014-12-04',424,3),(11620,5,'2014-12-04',424,3),(11621,5,'2014-12-04',424,3),(11622,5,'2014-12-04',424,3),(11623,5,'2014-12-04',424,3),(11624,5,'2014-12-04',424,3),(11625,5,'2014-12-04',424,3),(11626,5,'2014-12-04',424,4),(11627,5,'2014-12-04',424,4),(11628,5,'2014-12-04',424,4),(11629,5,'2014-12-04',424,4),(11630,5,'2014-12-04',424,4),(11631,5,'2014-12-04',424,4),(11632,5,'2014-12-04',424,4),(11633,5,'2014-12-04',424,4),(11634,5,'2014-12-04',424,4),(11635,5,'2014-12-04',424,4),(11636,5,'2014-12-04',424,4),(11637,5,'2014-12-04',424,4),(11638,5,'2014-12-04',424,4),(11639,5,'2014-12-04',424,4),(11640,5,'2014-12-04',424,4),(11641,5,'2014-12-04',424,4),(11642,5,'2014-12-04',424,4),(88263,8,'2014-12-04',427,3),(88077,6,'2014-12-04',428,3);
use report;
REPLACE INTO `scene_visit_summary` (`session_uid`, `visit_date`, `store_fk`, `scene_fk`, `product_fk`, `template_fk`, `in_assortment`, `distributed`, `oos`, `facings`, `area`, `length_mm`, `front_facing`, `in_oos`, `in_distribution`, `in_sos_facings`, `in_sos_linear`, `in_sos_sovi_linear`, `in_sos_sovi_facings`, `own`, `area_sku_size`) VALUES ('9eab6663-7bcd-11e4-8b5a-12cceb4b10fa','2014-12-04',289,420,24,3,0,1,0,18,84480,3990,1,1,1,1,1,1,1,1,0),('9eab6663-7bcd-11e4-8b5a-12cceb4b10fa','2014-12-04',289,421,2,29,0,1,0,2,504,342,1,1,1,1,1,1,1,1,0),('9eab6663-7bcd-11e4-8b5a-12cceb4b10fa','2014-12-04',289,421,4,29,0,1,0,2,864,590,1,1,1,1,1,1,1,1,0),('9eab6663-7bcd-11e4-8b5a-12cceb4b10fa','2014-12-04',289,421,21,29,0,1,0,4,3757,1124,0,1,1,1,1,1,1,1,0),('9eab6663-7bcd-11e4-8b5a-12cceb4b10fa','2014-12-04',289,421,24,29,0,1,0,2,2350,767,1,1,1,1,1,1,1,1,0),('9eab6663-7bcd-11e4-8b5a-12cceb4b10fa','2014-12-04',289,421,35,29,0,1,0,4,1794,766,1,1,1,1,1,1,1,1,0),('9eab6663-7bcd-11e4-8b5a-12cceb4b10fa','2014-12-04',289,421,39,29,0,1,0,3,1596,675,1,1,1,1,1,1,1,1,0),('9eab6663-7bcd-11e4-8b5a-12cceb4b10fa','2014-12-04',289,421,49,29,0,1,0,1,200,329,0,1,1,1,1,1,1,1,0),('9eab6663-7bcd-11e4-8b5a-12cceb4b10fa','2014-12-04',289,421,53,29,0,1,0,2,1596,654,1,1,1,1,1,1,1,1,0),('9eab6663-7bcd-11e4-8b5a-12cceb4b10fa','2014-12-04',289,421,63,29,0,1,0,2,2208,791,1,1,1,1,1,1,1,1,0),('9eab6663-7bcd-11e4-8b5a-12cceb4b10fa','2014-12-04',289,421,69,29,0,1,0,3,1254,666,1,1,1,1,1,1,1,1,0),('9eab6663-7bcd-11e4-8b5a-12cceb4b10fa','2014-12-04',289,421,74,29,0,1,0,3,290,475,1,1,1,1,1,1,1,1,0),('9eab6663-7bcd-11e4-8b5a-12cceb4b10fa','2014-12-04',289,421,79,29,0,1,0,3,3633,1144,1,1,1,1,1,1,1,1,0),('9eab6663-7bcd-11e4-8b5a-12cceb4b10fa','2014-12-04',289,421,82,29,0,1,0,3,2784,837,1,1,1,1,1,1,1,1,0),('9eab6663-7bcd-11e4-8b5a-12cceb4b10fa','2014-12-04',289,421,87,29,0,1,0,1,1288,447,1,1,1,1,1,1,1,1,0),('9eab6663-7bcd-11e4-8b5a-12cceb4b10fa','2014-12-04',289,421,88,29,0,1,0,1,644,217,0,1,1,1,1,1,1,1,0),('9eab6663-7bcd-11e4-8b5a-12cceb4b10fa','2014-12-04',289,421,97,29,0,1,0,1,352,290,1,1,1,1,1,1,1,1,0),('9eab6663-7bcd-11e4-8b5a-12cceb4b10fa','2014-12-04',289,421,114,29,0,1,0,2,1904,590,1,1,1,1,1,1,1,1,0),('9eab6663-7bcd-11e4-8b5a-12cceb4b10fa','2014-12-04',289,421,118,29,0,1,0,2,805,558,1,1,1,1,1,1,1,1,0),('9eab6663-7bcd-11e4-8b5a-12cceb4b10fa','2014-12-04',289,421,129,29,0,1,0,2,2352,739,1,1,1,1,1,1,1,1,0),('9eab6663-7bcd-11e4-8b5a-12cceb4b10fa','2014-12-04',289,421,132,29,0,1,0,3,572,693,1,1,1,1,1,1,1,1,0),('9eab6663-7bcd-11e4-8b5a-12cceb4b10fa','2014-12-04',289,421,145,29,0,1,0,1,552,397,1,1,1,1,1,1,1,0,0),('9eab6663-7bcd-11e4-8b5a-12cceb4b10fa','2014-12-04',289,421,158,29,0,1,0,4,1564,1187,1,1,1,1,1,1,1,0,0),('9eab6663-7bcd-11e4-8b5a-12cceb4b10fa','2014-12-04',289,421,159,29,0,1,0,2,1326,563,1,1,1,1,1,1,1,0,0),('9eab6663-7bcd-11e4-8b5a-12cceb4b10fa','2014-12-04',289,421,160,29,0,1,0,5,1320,1039,1,1,1,1,1,1,1,0,0),('9eab6663-7bcd-11e4-8b5a-12cceb4b10fa','2014-12-04',289,421,163,29,0,1,0,6,1647,1408,1,1,1,1,1,1,1,0,0),('9eab6663-7bcd-11e4-8b5a-12cceb4b10fa','2014-12-04',289,421,278,29,0,1,0,4,3404,1203,1,1,1,1,1,1,1,1,0),('9eab6663-7bcd-11e4-8b5a-12cceb4b10fa','2014-12-04',289,423,7,43,0,1,0,1,7950,415,1,1,1,1,1,1,1,0,0),('9eab6663-7bcd-11e4-8b5a-12cceb4b10fa','2014-12-04',289,423,279,43,0,1,0,17,66930,3574,1,1,1,1,1,1,1,0,0),('9eab6663-7bcd-11e4-8b5a-12cceb4b10fa','2014-12-04',289,424,24,5,0,1,0,21,101640,1217,0,1,1,1,1,1,1,1,0),('9eab6663-7bcd-11e4-8b5a-12cceb4b10fa','2014-12-04',289,424,78,5,0,1,0,3,0,0,0,1,1,1,1,1,1,1,0),('9eab6663-7bcd-11e4-8b5a-12cceb4b10fa','2014-12-04',289,424,82,5,0,1,0,6,9240,112,1,1,1,1,1,1,1,1,0),('9eab6663-7bcd-11e4-8b5a-12cceb4b10fa','2014-12-04',289,427,187,8,0,1,0,1,58800,1330,1,0,1,0,1,1,1,1,0),('9eab6663-7bcd-11e4-8b5a-12cceb4b10fa','2014-12-04',289,428,184,6,0,1,0,1,17280,1330,0,0,1,0,1,1,1,1,0);
use report;
use report;
use reporting;
REPLACE INTO `calculation` (`pk`, `id`, `name`, `formula`, `atomic_kpi_fk`, `kpi_fk`, `valid_from_date`, `valid_until_date`, `condition`, `key`, `out_type`, `weight`, `root`, `display_name`, `description`, `en_description`, `short_name`, `parent_id`) VALUES (471,'bb2dc1cb-9','material_pos_exists','scene_item_facts_extended.filter(expression=\'template_group==\"Material\" and product_type==\"POS\"\').count() >= 1',NULL,NULL,NULL,NULL,NULL,NULL,NULL,NULL,NULL,NULL,'Description for : material_pos_exists',NULL,NULL,NULL),(472,'010ee1fb-7','q1_answered_yes','survey_response.get_answer(question=u\"HA MATERIAL DE PRECO POSITIVO\") == \'Sim\'',NULL,NULL,NULL,NULL,NULL,NULL,NULL,NULL,NULL,NULL,'Description for : q1_answered_yes',NULL,NULL,NULL),(473,'5d4700b4-3','has_material_of_positive_price','binary_score(q1_answered_yes & material_pos_exists)',1,1,'2015-05-01',NULL,'store_type in (\"ADEGA\", \"AS5\", \"AS14\", \"BARLAN\", \"CONVENIENCIA\", \"PADARIA\", \"RESTAURANTE\", \"ADHOC\")','session','row',NULL,NULL,NULL,'Description for : has_material_of_positive_price',NULL,NULL,NULL),(474,'27d4cb05-c','femsa_and_heineken_manufacturers_population','scene_item_facts_extended.filter( expression=\'category in (\"Agua\", \"Cerveja\", \"Cha\", \"CSD\", \"Energ\", \"Iso\", \"Lacteo\", \"Other\", \"Refres\", \"Suco\") and dist_sc == 1 and manufacturer_name == \"FEMSA\"\')\n',NULL,NULL,NULL,NULL,NULL,NULL,NULL,NULL,NULL,NULL,'Description for : femsa_and_heineken_manufacturers_population',NULL,NULL,NULL),(475,'6f4b1784-d','femsa_and_heineken_manufacturers_population_grouped','femsa_and_heineken_manufacturers_population.group(group_by=\'product_fk\')',NULL,NULL,NULL,NULL,NULL,NULL,NULL,NULL,NULL,NULL,'Description for : femsa_and_heineken_manufacturers_population_grouped',NULL,NULL,NULL),(476,'ce3b92f4-3','no_products_exposed_in_the_store','binary_score(femsa_and_heineken_manufacturers_population_grouped.size() < 1)',2,2,'2015-05-01',NULL,'store_type in (\"ADEGA\", \"AS5\", \"AS14\", \"BARLAN\", \"CONVENIENCIA\", \"PADARIA\", \"RESTAURANTE\", \"ADHOC\", \"MERCEARIA\")\n','session','row',NULL,NULL,NULL,'Description for : no_products_exposed_in_the_store',NULL,NULL,NULL),(477,'4bdbc99b-5','has_1_door_of_a_femsa_cooler_with_75_per_beer_facings','binary_score(survey_response.get_answer(question=u\"1 PORTA CERVEJA\") == \'Sim\')',3,3,'2015-05-01',NULL,'store_type in (\"AS5\", \"AS14\", \"BARLAN\")','session','row',NULL,NULL,NULL,'Description for : has_1_door_of_a_femsa_cooler_with_75_per_beer_facings',NULL,NULL,NULL),(478,'f25be16c-d','has_1_door_of_a_femsa_cooler_with_75_per_soft_drink_facings','binary_score(survey_response.get_answer(question=u\"1 PORTA CSD\") == \'Sim\')',4,4,'2015-05-01',NULL,'store_type in (\"AS5\", \"AS14\", \"BARLAN\", \"MERCEARIA\", \"PADARIA\", \"RESTAURANTE\", \"ADHOC\")','session','row',NULL,NULL,NULL,'Description for : has_1_door_of_a_femsa_cooler_with_75_per_soft_drink_facings',NULL,NULL,NULL),(479,'0d112c80-f','has_2_doors_of_a_femsa_cooler_with_75_per_soft_drink_facings_each','binary_score(survey_response.get_answer(question=u\"2 PORTAS CSD\") == \'Sim\')',5,5,'2015-05-01',NULL,'store_type in (\"AS5\", \"AS14\", \"BARLAN\", \"PADARIA\", \"RESTAURANTE\", \"ADHOC\")','session','row',NULL,NULL,NULL,'Description for : has_2_doors_of_a_femsa_cooler_with_75_per_soft_drink_facings_each',NULL,NULL,NULL),(480,'db1fd2b0-e','has_1_door_of_a_femsa_cooler_with_75_per_of_the_non_carbonated_facings','binary_score(survey_response.get_answer(question=u\"1 PORTA NCB\") == \'Sim\')',6,6,'2015-05-01',NULL,'store_type in (\"AS5\", \"AS14\", \"MERCEARIA\")','session','row',NULL,NULL,NULL,'Description for : has_1_door_of_a_femsa_cooler_with_75_per_of_the_non_carbonated_facings',NULL,NULL,NULL),(481,'e3fb81ad-b','has_2_doors_of_a_femsa_cooler_with_75_per_non_carbonated_facings_each','binary_score(survey_response.get_answer(question=u\"2 PORTAS NCB\") == \'Sim\')',7,7,'2015-05-01',NULL,'store_type in (\"AS5\", \"AS14\")','session','row',NULL,NULL,NULL,'Description for : has_2_doors_of_a_femsa_cooler_with_75_per_non_carbonated_facings_each',NULL,NULL,NULL),(482,'e06f8a75-0','has_3_or_more_doors_of_a_femsa_cooler_with_75_per_soft_drink_facings_each','binary_score(survey_response.get_answer(question=u\"3 OU MAIS PORTAS CSD\") == \'Sim\')',8,8,'2015-05-01',NULL,'store_type in (\"AS5\", \"AS14\")','session','row',NULL,NULL,NULL,'Description for : has_3_or_more_doors_of_a_femsa_cooler_with_75_per_soft_drink_facings_each',NULL,NULL,NULL),(483,'33e2edf2-c','material_of_soft_drinks_future_consumption_packages_over_600ml_on_the_external_area_or_store_entry','binary_score(survey_response.get_answer(question=u\"ATIVACAO CSD CONS FUT AREA EXT\") == \'Sim\')',9,9,'2015-05-01',NULL,'store_type == \"AS14\"','session','row',NULL,NULL,NULL,'Description for : material_of_soft_drinks_future_consumption_packages_over_600ml_on_the_external_area_or_store_entry',NULL,NULL,NULL),(484,'608999f5-1','material_of_CSD_future_consumption_returnable_packs_over_600ml_on_the_external_area_or_store_entry','binary_score(survey_response.get_answer(question=u\"ATIVACAO CSD RET CONS FUT AREA EXT\") == \'Sim\')',10,10,'2015-05-01',NULL,'store_type == \"AS14\"','session','row',NULL,NULL,NULL,'Description for : material_of_CSD_future_consumption_returnable_packs_over_600ml_on_the_external_area_or_store_entry',NULL,NULL,NULL),(485,'15bda566-e','has_activation_material_for_soft_drinks_in_an_internal_area_population','scene_item_facts_extended.filter(expression=\'template_name == \"Material - Interno\" and category == \"CSD\" and product_type == \"POS\" and dist_sc == 1 and manufacturer_name == \"FEMSA\"\')\n',NULL,NULL,NULL,NULL,NULL,NULL,NULL,NULL,NULL,NULL,'Description for : has_activation_material_for_soft_drinks_in_an_internal_area_population',NULL,NULL,NULL),(486,'14039059-4','has_activation_material_for_soft_drinks_in_an_internal_area','binary_score(has_activation_material_for_soft_drinks_in_an_internal_area_population .group(group_by=\'product_fk\').size() >= 1)\n',11,11,'2015-05-01',NULL,'store_type == \"AS14\"','session','row',NULL,NULL,NULL,'Description for : has_activation_material_for_soft_drinks_in_an_internal_area',NULL,NULL,NULL),(487,'448c1b88-8','has_activation_material_for_non_carbonated_in_an_internal_area_population','scene_item_facts_extended.filter(expression=\'template_name == \"Material - Interno\" and category in (\"Suco\", \"Iso\", \"Lacteo\", \"Cha\", \"Energ\", \"Refres\", \"Agua\") and product_type==\"POS\" and dist_sc == 1 and manufacturer_name == \"FEMSA\"\')\n',NULL,NULL,NULL,NULL,NULL,NULL,NULL,NULL,NULL,NULL,'Description for : has_activation_material_for_non_carbonated_in_an_internal_area_population',NULL,NULL,NULL),(488,'de5a3cd5-2','has_activation_material_for_non_carbonated_in_an_internal_area','binary_score(has_activation_material_for_non_carbonated_in_an_internal_area_population .group(group_by=\'product_fk\').size() >= 1)\n',12,12,'2015-05-01',NULL,'store_type in(\"AS14\", \"MERCEARIA\")','session','row',NULL,NULL,NULL,'Description for : has_activation_material_for_non_carbonated_in_an_internal_area',NULL,NULL,NULL),(489,'e1e80bd4-8','has_bavaria_multipack_in_the_cooler_population','scene_item_facts_extended.filter(expression=\'product_name == \"OUTROS 12-PACK BAVARIA LATA\" and template_group in (\"GDM Conc/Proprio\", \"GDM KOF Cerv\", \"GDM KOF CSD\", \"GDM KOF NCB\",  \"GDM Conc/Proprio - NP\", \"GDM KOF Cerv - NP\", \"GDM KOF CSD - NP\", \"GDM KOF NCB - NP\") and dist_sc == 1 and manufacturer_name == \"FEMSA\"\')\n',NULL,NULL,NULL,NULL,NULL,NULL,NULL,NULL,NULL,NULL,'Description for : has_bavaria_multipack_in_the_cooler_population',NULL,NULL,NULL),(490,'7eb7a6dd-1','has_bavaria_multipack_in_the_cooler','binary_score(has_bavaria_multipack_in_the_cooler_population .group(group_by=\'product_fk\').size() >= 1)\n',13,13,'2015-05-01',NULL,'store_type == \"AS14\"','session','row',NULL,NULL,NULL,'Description for : has_bavaria_multipack_in_the_cooler',NULL,NULL,NULL),(491,'5170f0c4-7','has_heineken_multipack_in_the_cooler_population','scene_item_facts_extended.filter(expression=\'product_name in (\"OUTROS 12-PACK HEINEKEN LATA\", \"OUTROS 6-PACK HEINEKEN LONG NECK\", \"OUTROS HEINEKEN 250ML MPACK\") and template_group in (\"GDM Conc/Proprio\", \"GDM KOF Cerv\", \"GDM KOF CSD\", \"GDM KOF NCB\", \"GDM Conc/Proprio - NP\", \"GDM KOF Cerv - NP\", \"GDM KOF CSD - NP\", \"GDM KOF NCB - NP\") and dist_sc == 1 and manufacturer_name == \"FEMSA\"\')\n',NULL,NULL,NULL,NULL,NULL,NULL,NULL,NULL,NULL,NULL,'Description for : has_heineken_multipack_in_the_cooler_population',NULL,NULL,NULL),(492,'22f47906-6','has_heineken_multipack_in_the_cooler','binary_score(has_heineken_multipack_in_the_cooler_population .group(group_by=\'product_fk\').size() >= 1)\n',14,14,'2015-05-01',NULL,'store_type == \"AS14\"','session','row',NULL,NULL,NULL,'Description for : has_heineken_multipack_in_the_cooler',NULL,NULL,NULL),(493,'3be52adb-7','has_kaiser_multipack_in_the_cooler_population','scene_item_facts_extended.filter(expression=\'product_name in (\"OUTROS 12-PACK KAISER LATA\", \"OUTROS 12-PACK KAISER RADLER LATA\", \"OUTROS 6-PACK KAISER SHOT 250ml VD\") and template_group in (\"GDM Conc/Proprio\", \"GDM KOF Cerv\", \"GDM KOF CSD\", \"GDM KOF NCB\", \"GDM Conc/Proprio - NP\", \"GDM KOF Cerv - NP\", \"GDM KOF CSD - NP\", \"GDM KOF NCB - NP\") and dist_sc == 1 and manufacturer_name == \"FEMSA\"\')\n',NULL,NULL,NULL,NULL,NULL,NULL,NULL,NULL,NULL,NULL,'Description for : has_kaiser_multipack_in_the_cooler_population',NULL,NULL,NULL),(494,'c729eefb-e','has_kaiser_multipack_in_the_cooler','binary_score(has_kaiser_multipack_in_the_cooler_population .group(group_by=\'product_fk\').size() >= 1)\n',15,15,'2015-05-01',NULL,'store_type == \"AS14\"','session','row',NULL,NULL,NULL,'Description for : has_kaiser_multipack_in_the_cooler',NULL,NULL,NULL),(495,'99790bcb-e','beer_material_population','scene_item_facts_extended.filter(expression=\'template_group==\"Material\" and product_type==\"POS\" and category == \"Cerveja\" and dist_sc == 1 and manufacturer_name == \"FEMSA\"\')\n',NULL,NULL,NULL,NULL,NULL,NULL,NULL,NULL,NULL,NULL,'Description for : beer_material_population',NULL,NULL,NULL),(496,'df7e9f46-b','has_beer_material','binary_score(beer_material_population.group(group_by=\'product_fk\').size() >= 1)',16,16,'2015-05-01',NULL,'store_type in (\"AS14\", \"MERCEARIA\")','session','row',NULL,NULL,NULL,'Description for : has_beer_material',NULL,NULL,NULL),(497,'78928f39-4','has_an_extra_point_of_beer_population','scene_item_facts_extended.filter(expression=\'category == \"Cerveja\" and template_group in (u\"Exibição\", \"Ilha\", \"PG\", \"RACK Conc\", \"RACK KOF Cerv\", \"RACK KOF CSD\", \"RACK KOF NCB\", \"GDM Conc/Proprio\", \"GDM KOF Cerv\", \"GDM KOF CSD\", \"GDM KOF NCB\") and brand_name in (\"AMSTEL PULSE\", \"BAVARIA\", \"BIRRA MORETTI\", \"DESPERADOS\", \"DOS EQUIS\", \"EDELWEISS\", \"HEINEKEN\", \"KAISER\", \"MURPHY’S IRISH RED\", \"MURPHY’S IRISH STOUT\", \"SOL\", \"XINGU\") and dist_sc == 1 and manufacturer_name == \"FEMSA\"\')\n',NULL,NULL,NULL,NULL,NULL,NULL,NULL,NULL,NULL,NULL,'Description for : has_an_extra_point_of_beer_population',NULL,NULL,NULL),(498,'a8c10096-4','has_an_extra_point_of_beer','binary_score(has_an_extra_point_of_beer_population.group(group_by=\'product_fk\').size() >= 1)',17,17,'2015-05-01',NULL,'store_type in (\"AS14\", \"CONVENIENCIA\")','session','row',NULL,NULL,NULL,'Description for : has_an_extra_point_of_beer',NULL,NULL,NULL),(499,'fcfe1fac-5','has_an_extra_point_of_non_carbonated_population','scene_item_facts_extended.filter(expression=\'template_group in (u\"Exibição\", \"Ilha\", \"PG\", \"RACK Conc\", \"RACK KOF Cerv\", \"RACK KOF CSD\", \"RACK KOF NCB\", \"GDM Conc/Proprio\", \"GDM KOF Cerv\", \"GDM KOF CSD\", \"GDM KOF NCB\") and category in (\"Agua\", \"Cha\", \"Energ\", \"Iso\", \"Lacteo\", \"Suco\", \"Refres\") and manufacturer_name == \"FEMSA\" and dist_sc == 1\')\n',NULL,NULL,NULL,NULL,NULL,NULL,NULL,NULL,NULL,NULL,'Description for : has_an_extra_point_of_non_carbonated_population',NULL,NULL,NULL),(500,'d1d28965-6','has_an_extra_point_of_non_carbonated','binary_score(has_an_extra_point_of_non_carbonated_population.group(group_by=\'product_fk\').size() >= 1)',18,18,'2015-05-01',NULL,'store_type in (\"AS14\", \"PADARIA\")','session','row',NULL,NULL,NULL,'Description for : has_an_extra_point_of_non_carbonated',NULL,NULL,NULL),(501,'f4c4cdcf-a','has_a_rack_of_soft_drinks_population','scene_item_facts_extended.filter(expression=\'template_group == \"RACK KOF CSD\" and category == \"CSD\" and manufacturer_name == \"FEMSA\" and dist_sc == 1\')\n',NULL,NULL,NULL,NULL,NULL,NULL,NULL,NULL,NULL,NULL,'Description for : has_a_rack_of_soft_drinks_population',NULL,NULL,NULL),(502,'54c28990-2','has_a_rack_of_soft_drinks','binary_score(has_a_rack_of_soft_drinks_population.group(group_by=\'product_fk\').size() >= 1)',19,19,'2015-05-01',NULL,'store_type == \"AS14\"','session','row',NULL,NULL,NULL,'Description for : has_a_rack_of_soft_drinks',NULL,NULL,NULL),(503,'2a04ea44-b','at_least_5_packs_of_soft_drinks_population','scene_item_facts_extended.filter(expression=\'template_group in (\"GDM Conc/Proprio\", \"GDM KOF Cerv\", \"GDM KOF CSD\", \"GDM KOF NCB\", \"GDM Conc/Proprio - NP\", \"GDM KOF Cerv - NP\", \"GDM KOF CSD - NP\", \"GDM KOF NCB - NP\") and product_name in (\"FEMSA COCA-COLA 1.0L RGB\", \"FEMSA COCA-COLA REF PET 2.0L\", \"FEMSA COCA-COLA ZERO 2.0L REF PET\", \"FEMSA FANTA LAR 1.0L RGB\", \"FEMSA FANTA LAR REF PET 2.0L\") and dist_sc == 1\')\n',NULL,NULL,NULL,NULL,NULL,NULL,NULL,NULL,NULL,NULL,'Description for : at_least_5_packs_of_soft_drinks_population',NULL,NULL,NULL),(504,'be6b4c36-4','at_least_5_packs_of_soft_drinks_future_consumption_returnable_over_600ml_on_refrigerated_equipment','at_least_5_packs_of_soft_drinks_population.sum(field_name=\"facings\") >= 5',NULL,NULL,NULL,NULL,NULL,NULL,NULL,NULL,NULL,NULL,'Description for : at_least_5_packs_of_soft_drinks_future_consumption_returnable_over_600ml_on_refrigerated_equipment',NULL,NULL,NULL),(505,'8b1658f6-1','preg_manual','survey_response.get_answer(question=u\"5 CSD RET CONS FUT GELADOS.\") == \'Sim\'',NULL,NULL,NULL,NULL,NULL,NULL,NULL,NULL,NULL,NULL,'Description for : preg_manual',NULL,NULL,NULL),(506,'c63005b0-7','at_least_5_packs_of_soft_drinks','binary_score(at_least_5_packs_of_soft_drinks_future_consumption_returnable_over_600ml_on_refrigerated_equipment | preg_manual)',145,20,'2015-05-01',NULL,'store_type in (\"MERCEARIA\", \"AS14\", \"PADARIA\")','session','row',NULL,NULL,NULL,'Description for : at_least_5_packs_of_soft_drinks',NULL,NULL,NULL),(507,'bddf96e4-e','has_any_permanent_femsa_activation_material','binary_score(survey_response.get_answer(question=u\"HA MATERIAL PERMANENTE\") == \'Sim\')',21,21,'2015-05-01',NULL,'store_type in (\"AS5\", \"AS14\", \"BARLAN\", \"CONVENIENCIA\", \"MERCEARIA\", \"PADARIA\", \"RESTAURANTE\", \"ADHOC\")','session','row',NULL,NULL,NULL,'Description for : has_any_permanent_femsa_activation_material',NULL,NULL,NULL),(508,'80b13e59-0','has_any_temporary_femsa_activation_material','binary_score(survey_response.get_answer(question=u\"HA MATERIAL TEMPORARIO\") == \'Sim\')',22,22,'2015-05-01',NULL,'store_type in (\"AS5\", \"AS14\", \"BARLAN\", \"CONVENIENCIA\", \"MERCEARIA\", \"RESTAURANTE\", \"ADHOC\")','session','row',NULL,NULL,NULL,'Description for : has_any_temporary_femsa_activation_material',NULL,NULL,NULL),(509,'58ce8ac5-8','features_dual_combination_of_two_soft_drink_brands','binary_score(survey_response.get_answer(question=u\"HA PRESENCA DE DUAL NA LOJA\") == \'Sim\')',23,23,'2015-05-01',NULL,'store_type in (\"AS5\", \"AS14\", \"MERCEARIA\")','session','row',NULL,NULL,NULL,'Description for : features_dual_combination_of_two_soft_drink_brands',NULL,NULL,NULL),(510,'99280396-d','features_dual_combination_of_two_soft_drink_brands_prices','binary_score(survey_response.get_answer(question=u\"HA PRESENCA DE DUAL PRECIFICADO\") == \'Sim\')',24,24,'2015-05-01',NULL,'store_type in (\"AS5\", \"AS14\", \"MERCEARIA\")','session','row',NULL,NULL,NULL,'Description for : features_dual_combination_of_two_soft_drink_brands_prices',NULL,NULL,NULL),(511,'169f61cb-5','has_coke_up_to_1L_in_a_refrigerated_equipment_population','scene_item_facts_extended.filter(expression=\'category == \"CSD\" and brand_name in (\"COCA-COLA\", \"COCA-COLA LIGHT\", \"COCA-COLA ZERO\") and template_group in (\"GDM Conc/Proprio\", \"GDM KOF Cerv\", \"GDM KOF CSD\", \"GDM KOF NCB\", \"GDM Conc/Proprio - NP\", \"GDM KOF Cerv - NP\", \"GDM KOF CSD - NP\", \"GDM KOF NCB - NP\") and size in (1, 200, 250, 270, 290, 300, 350, 400, 500, 600) and template_name in (\"GDM KOF CSD NP - Cko\", \"GDM KOF CSD P - Cko\", \"GDM KOF NCB NP - Cko\", \"GDM KOF NCB P - Cko\") and dist_sc == 1 and manufacturer_name == \"FEMSA\"\')\n',NULL,NULL,NULL,NULL,NULL,NULL,NULL,NULL,NULL,NULL,'Description for : has_coke_up_to_1L_in_a_refrigerated_equipment_population',NULL,NULL,NULL),(512,'1b1acaf8-b','has_coke_up_to_1L_in_a_refrigerated_equipment','binary_score(has_coke_up_to_1L_in_a_refrigerated_equipment_population .group(group_by=\'product_fk\').size() >= 1)\n',25,25,'2015-05-01',NULL,'store_type == \"AS5\"','session','row',NULL,NULL,NULL,'Description for : has_coke_up_to_1L_in_a_refrigerated_equipment',NULL,NULL,NULL),(513,'3eb55722-5','supply_del_valle_kapo_ep_on_cookies_section_having_rack_with_70_per_full_or_island_with_4_units','binary_score(survey_response.get_answer(question=u\"KAPO SECAO BISC (EQUIP KOF 70%)\") == \'Sim\')',26,26,'2015-05-01',NULL,'store_type == \"AS5\"','session','row',NULL,NULL,NULL,'Description for : supply_del_valle_kapo_ep_on_cookies_section_having_rack_with_70_per_full_or_island_with_4_units',NULL,NULL,NULL),(514,'b2e636c5-8','has_extra_point_of_kapo_in_the_cookies_section_population','scene_item_facts_extended.filter(expression=\'template_name in (u\"Exibição - Bisc\", \"Ilha - Bisc\", \"PG - Bisc\", \"RACK Conc - Bisc\", \"RACK KOF Cerv - Bisc\", \"RACK KOF CSD - Bisc\", \"RACK KOF NCB - Bisc\", \"GDM Conc/Proprio - Bisc\", \"GDM KOF Cerv P - Bisc\", \"GDM KOF CSD P - Bisc\", \"GDM KOF NCB P - Bisc\") and product_name in (\"FEMSA DEL VALLE KAPO 200ml NECTAR\", \"FEMSA KAPO 200ml\", \"FEMSA KAPO CHOCOLATE TP 200ml\", \"Kapo Chocolate Other\", \"Kapo Other\") and dist_sc == 1 and manufacturer_name == \"FEMSA\"\')\n',NULL,NULL,NULL,NULL,NULL,NULL,NULL,NULL,NULL,NULL,'Description for : has_extra_point_of_kapo_in_the_cookies_section_population',NULL,NULL,NULL),(515,'c294f172-7','has_extra_point_of_kapo_in_the_cookies_section','binary_score(has_extra_point_of_kapo_in_the_cookies_section_population .group(group_by=\'product_fk\').size() >= 1)\n',27,27,'2015-05-01',NULL,'store_type == \"AS5\"','session','row',NULL,NULL,NULL,'Description for : has_extra_point_of_kapo_in_the_cookies_section',NULL,NULL,NULL),(516,'1500a0e3-4','has_beer_multipack_in_the_cooler_population','scene_item_facts_extended.filter(expression=\'category == \"Cerveja\" and number_of_sub_packages >= 2 and manufacturer_name == \"FEMSA\" and template_group in (\"GDM Conc/Proprio\", \"GDM KOF Cerv\", \"GDM KOF CSD\", \"GDM KOF NCB\", \"GDM Conc/Proprio - NP\", \"GDM KOF Cerv - NP\", \"GDM KOF CSD - NP\", \"GDM KOF NCB - NP\") and dist_sc == 1\')\n',NULL,NULL,NULL,NULL,NULL,NULL,NULL,NULL,NULL,NULL,'Description for : has_beer_multipack_in_the_cooler_population',NULL,NULL,NULL),(517,'c23a24c1-2','has_beer_multipack_in_the_cooler','binary_score(has_beer_multipack_in_the_cooler_population.group(group_by=\'product_fk\').size() >= 1)',28,28,'2015-05-01',NULL,'store_type in (\"AS5\", \"CONVENIENCIA\")','session','row',NULL,NULL,NULL,'Description for : has_beer_multipack_in_the_cooler',NULL,NULL,NULL),(518,'79546ae2-2','supply_of_soft_drinks_in_gondola_end_beverage_section_having_rack_with_70_per_full','binary_score(survey_response.get_answer(question=u\"PE CSD PG SB (18 UNID)\") == \'Sim\')',29,29,'2015-05-01',NULL,'store_type == \"AS5\"','session','row',NULL,NULL,NULL,'Description for : supply_of_soft_drinks_in_gondola_end_beverage_section_having_rack_with_70_per_full',NULL,NULL,NULL),(519,'700f3d22-e','has_an_extra_point_of_soft_drink_in_gondola_end_in_the_beverage_section_population','scene_item_facts_extended.filter(expression=\'template_name == \"PG - Sec Beb\" and category == \"CSD\" and manufacturer_name == \"FEMSA\" and dist_sc == 1\')\n',NULL,NULL,NULL,NULL,NULL,NULL,NULL,NULL,NULL,NULL,'Description for : has_an_extra_point_of_soft_drink_in_gondola_end_in_the_beverage_section_population',NULL,NULL,NULL),(520,'23686696-6','has_an_extra_point_of_soft_drink_in_gondola_end_in_the_beverage_section','binary_score(has_an_extra_point_of_soft_drink_in_gondola_end_in_the_beverage_section_population .group(group_by=\'product_fk\').size() >= 1)\n',30,30,'2015-05-01',NULL,'store_type == \"AS5\"','session','row',NULL,NULL,NULL,'Description for : has_an_extra_point_of_soft_drink_in_gondola_end_in_the_beverage_section',NULL,NULL,NULL),(521,'17d2bf38-6','has_an_extra_point_of_soft_drink_in_the_butcher_section_population','scene_item_facts_extended.filter(expression=\'template_name in (u\"PG - Açou\", u\"Ilha - Açou\", u\"Exibição - Açou\", u\"RACK KOF CSD - Açou\", u\"RACK KOF Cerv - Açou\", u\"RACK KOF NCB - Açou\", u\"GDM Conc/Proprio - Açou\", u\"GDM KOF Cerv P - Açou\", u\"GDM KOF CSD P - Açou\", u\"GDM KOF NCB P - Açou\", u\"RACK Conc - Açou\") and category == \"CSD\" and manufacturer_name == \"FEMSA\" and dist_sc == 1\')\n',NULL,NULL,NULL,NULL,NULL,NULL,NULL,NULL,NULL,NULL,'Description for : has_an_extra_point_of_soft_drink_in_the_butcher_section_population',NULL,NULL,NULL),(522,'629cff0f-8','has_an_extra_point_of_soft_drink_in_the_butcher_section','binary_score(has_an_extra_point_of_soft_drink_in_the_butcher_section_population .group(group_by=\'product_fk\').size() >= 1)\n',31,31,'2015-05-01',NULL,'store_type == \"AS5\"','session','row',NULL,NULL,NULL,'Description for : has_an_extra_point_of_soft_drink_in_the_butcher_section',NULL,NULL,NULL),(523,'98541e4d-3','has_an_extra_point_of_beer_in_the_butcher_section_population','scene_item_facts_extended.filter(expression=\'template_name in (u\"PG - Açou\", u\"Ilha - Açou\", u\"Exibição - Açou\", u\"RACK KOF CSD - Açou\", u\"RACK KOF Cerv - Açou\", u\"RACK KOF NCB - Açou\", u\"GDM Conc/Proprio - Açou\", u\"GDM KOF Cerv P - Açou\", u\"GDM KOF CSD P - Açou\", u\"GDM KOF NCB P - Açou\", u\"RACK Conc - Açou\") and category == \"Cerveja\" and manufacturer_name == \"FEMSA\" and dist_sc == 1\')\n',NULL,NULL,NULL,NULL,NULL,NULL,NULL,NULL,NULL,NULL,'Description for : has_an_extra_point_of_beer_in_the_butcher_section_population',NULL,NULL,NULL),(524,'f2466310-4','has_an_extra_point_of_beer_in_the_butcher_section','binary_score(has_an_extra_point_of_beer_in_the_butcher_section_population .group(group_by=\'product_fk\').size() >= 1)\n',32,32,'2015-05-01',NULL,'store_type == \"AS5\"','session','row',NULL,NULL,NULL,'Description for : has_an_extra_point_of_beer_in_the_butcher_section',NULL,NULL,NULL),(525,'5755a3e4-9','ep_ssd_packages_over_600ml_with_70_per_full_o_femsa_equipment_in_the_butcher_section','binary_score(survey_response.get_answer(question=u\"PE CSD CONS FUT ACOU (EQUIP KOF 70% - RACK)\") == \'Sim\')',33,33,'2015-05-01',NULL,'store_type == \"AS5\"','session','row',NULL,NULL,NULL,'Description for : ep_ssd_packages_over_600ml_with_70_per_full_o_femsa_equipment_in_the_butcher_section',NULL,NULL,NULL),(526,'127bed84-e','ep_ssd_packages_over_600ml_with_at_least_18_units_in_the_butcher_section','binary_score(survey_response.get_answer(question=u\"PE CSD CONS FUT ACOU (ATIV 18UNID)\") == \'Sim\')',34,34,'2015-05-01',NULL,'store_type == \"AS5\"','session','row',NULL,NULL,NULL,'Description for : ep_ssd_packages_over_600ml_with_at_least_18_units_in_the_butcher_section',NULL,NULL,NULL),(527,'8f4cedf4-0','ep_ssd_packages_over_600ml_75_per_of_femsa_refrigerated_equipment_full_in_the_butcher_section','binary_score(survey_response.get_answer(question=u\"PE CSD CONS FUT ACOU (GDM KOF 75%)\") == \'Sim\')',35,35,'2015-05-01',NULL,'store_type == \"AS5\"','session','row',NULL,NULL,NULL,'Description for : ep_ssd_packages_over_600ml_75_per_of_femsa_refrigerated_equipment_full_in_the_butcher_section',NULL,NULL,NULL),(528,'a2b11fe2-d','has_an_extra_point_of_soft_drink_future_consumption_packages_over_600ml_in_the_butcher_section_population','scene_item_facts_extended.filter(expression=\'template_name in (u\"PG - Açou\", u\"Ilha - Açou\", u\"Exibição - Açou\", u\"RACK KOF CSD - Açou\", u\"RACK KOF Cerv - Açou\", u\"RACK KOF NCB - Açou\", u\"GDM Conc/Proprio - Açou\", u\"GDM KOF Cerv P - Açou\", u\"GDM KOF CSD P - Açou\", u\"GDM KOF NCB P - Açou\", u\"RACK Conc - Açou\") and size in (1, 1.45, 1.5, 2, 2.25, 2.5, 3, 3.3, 3.5, 1000, 1500) and category == \"CSD\" and manufacturer_name == \"FEMSA\" and dist_sc == 1\')\n',NULL,NULL,NULL,NULL,NULL,NULL,NULL,NULL,NULL,NULL,'Description for : has_an_extra_point_of_soft_drink_future_consumption_packages_over_600ml_in_the_butcher_section_population',NULL,NULL,NULL),(529,'b3fc3dbe-a','has_an_extra_point_of_soft_drink_future_consumption_packages_over_600ml_in_the_butcher_section','binary_score(has_an_extra_point_of_soft_drink_future_consumption_packages_over_600ml_in_the_butcher_section_population .group(group_by=\'product_fk\').size() >= 1)\n',36,36,'2015-05-01',NULL,'store_type == \"AS5\"','session','row',NULL,NULL,NULL,'Description for : has_an_extra_point_of_soft_drink_future_consumption_packages_over_600ml_in_the_butcher_section',NULL,NULL,NULL),(530,'2cb27288-b','has_an_extra_point_of_soft_drink_in_groceries_population','scene_item_facts_extended.filter(expression=\'template_name in (\"PG - Merc\", \"Ilha - Merc\", u\"Exibição - Merc\", \"RACK KOF CSD - Merc\", \"RACK KOF Cerv - Merc\", \"RACK KOF NCB - Merc\", \"GDM Conc/Proprio - Merc\", \"GDM KOF Cerv P - Merc\", \"GDM KOF CSD P - Merc\", \"GDM KOF NCB P - Merc\", \"RACK Conc - Merc\") and category == \"CSD\" and manufacturer_name == \"FEMSA\" and dist_sc == 1\')\n',NULL,NULL,NULL,NULL,NULL,NULL,NULL,NULL,NULL,NULL,'Description for : has_an_extra_point_of_soft_drink_in_groceries_population',NULL,NULL,NULL),(531,'0206da48-1','has_an_extra_point_of_soft_drink_in_groceries','binary_score(has_an_extra_point_of_soft_drink_in_groceries_population .group(group_by=\'product_fk\').size() >= 1)\n',37,37,'2015-05-01',NULL,NULL,'session','row',NULL,NULL,NULL,'Description for : has_an_extra_point_of_soft_drink_in_groceries',NULL,NULL,NULL),(532,'587b5d65-9','ep_ssd_packages_over_600ml_with_70_per_of_femsa_equipment_full_in_the_groceries_section','binary_score(survey_response.get_answer(question=u\"PE CSD CONS FUT MERC SALG.(EQUIP KOF 70%)\") == \'Sim\')',38,38,'2015-05-01',NULL,'store_type == \"AS5\"','session','row',NULL,NULL,NULL,'Description for : ep_ssd_packages_over_600ml_with_70_per_of_femsa_equipment_full_in_the_groceries_section',NULL,NULL,NULL),(533,'c35b51f6-b','ep_ssd_fc_packages_over_600ml_in_the_groceries_section_population','scene_item_facts_extended.filter(expression=\'template_name in (\"PG - Merc\", \"Ilha - Merc\", u\"Exibição - Merc\", \"RACK KOF CSD - Merc\", \"RACK KOF Cerv - Merc\", \"RACK KOF NCB - Merc\", \"GDM Conc/Proprio - Merc\", \"GDM KOF Cerv P - Merc\", \"GDM KOF CSD P - Merc\", \"GDM KOF NCB P - Merc\", \"RACK Conc - Merc\") and size in (1, 1.45, 1.5, 2, 2.25, 2.5, 3, 3.3, 3.5, 1000, 1500) and category == \"CSD\" and manufacturer_name == \"FEMSA\" and dist_sc == 1\')\n',NULL,NULL,NULL,NULL,NULL,NULL,NULL,NULL,NULL,NULL,'Description for : ep_ssd_fc_packages_over_600ml_in_the_groceries_section_population',NULL,NULL,NULL),(534,'46c53199-6','ep_ssd_fc_packages_over_600ml_in_the_groceries_section','binary_score(ep_ssd_fc_packages_over_600ml_in_the_groceries_section_population .group(group_by=\'product_fk\').size() >= 1)\n',39,39,'2015-05-04',NULL,'store_type == \"AS5\"','session','row',NULL,NULL,NULL,'Description for : ep_ssd_fc_packages_over_600ml_in_the_groceries_section',NULL,NULL,NULL),(535,'10751302-3','with_at_least_18_units_in_the_groceries_section','binary_score(survey_response.get_answer(question=u\"PE CSD CONS FUT MERC SALG.(GDM KOF75%)\") == \'Sim\')',40,40,'2015-05-04',NULL,'store_type == \"AS5\"','session','row',NULL,NULL,NULL,'Description for : with_at_least_18_units_in_the_groceries_section',NULL,NULL,NULL),(536,'0ee4f6d1-b','ep_ssd_fc_packages_over_600ml_75_per_of_femsa_refrigerated_equipment_full_in_the_groceries_section','binary_score(survey_response.get_answer(question=u\"PE CSD CONS FUT MERC SALGADA(ATIV 18UNID)\") == \'Sim\')',41,41,'2015-05-04',NULL,'store_type == \"AS5\"','session','row',NULL,NULL,NULL,'Description for : ep_ssd_fc_packages_over_600ml_75_per_of_femsa_refrigerated_equipment_full_in_the_groceries_section',NULL,NULL,NULL),(537,'21af90d4-a','ep_sucos_fc_packages_over_600ml_with_70_per_of_femsa_equipment_full_in_the_bakery_section','binary_score(survey_response.get_answer(question=u\"PE SUCOS CONS FUT PAD(EQUIP KOF70%)\") == \'Sim\')',43,42,'2015-05-04',NULL,'store_type == \"AS5\"','session','row',NULL,NULL,NULL,'Description for : ep_sucos_fc_packages_over_600ml_with_70_per_of_femsa_equipment_full_in_the_bakery_section',NULL,NULL,NULL),(538,'ade85c4c-0','ep_sucos_fc_packages_over_600ml_with_at_least_18_units_in_the_bakery_section','binary_score(survey_response.get_answer(question=u\"PE SUCOS CONS FUT PAD (ATIV 18UNID)\") == \'Sim\')',44,43,'2015-05-04',NULL,'store_type == \"AS5\"','session','row',NULL,NULL,NULL,'Description for : ep_sucos_fc_packages_over_600ml_with_at_least_18_units_in_the_bakery_section',NULL,NULL,NULL),(539,'75bad994-b','ep_juice_fc_packages_over_600ml_in_the_bakery_section_population','scene_item_facts_extended.filter(expression=\'template_name in (\"PG - Pad\", \"Ilha - Pad\", u\"Exibição - Pad\", \"RACK KOF CSD - Pad\", \"RACK KOF Cerv - Pad\", \"RACK KOF NCB - Pad\", \"GDM Conc/Proprio - Pad\", \"GDM KOF Cerv P - Pad\", \"GDM KOF CSD P - Pad\", \"GDM KOF NCB P - Pad\", \"RACK Conc - Pad\") and size in (1, 1.5, 2, 2.25, 2.5, 3, 600, 990, 985) and category == \"Suco\" and manufacturer_name == \"FEMSA\" and dist_sc == 1\')\n',NULL,NULL,NULL,NULL,NULL,NULL,NULL,NULL,NULL,NULL,'Description for : ep_juice_fc_packages_over_600ml_in_the_bakery_section_population',NULL,NULL,NULL),(540,'9d20bc18-c','ep_juice_fc_packages_over_600ml_in_the_bakery_section','binary_score(ep_juice_fc_packages_over_600ml_in_the_bakery_section_population .group(group_by=\'product_fk\').size() >= 1)\n',45,44,'2015-05-04',NULL,'store_type == \"AS5\"','session','row',NULL,NULL,NULL,'Description for : ep_juice_fc_packages_over_600ml_in_the_bakery_section',NULL,NULL,NULL),(541,'9068c6ee-3','ep_sucos_fc_packages_over_600ml_75_per_of_femsa_refrigerated_equipment_full_in_the_bakery_section','binary_score(survey_response.get_answer(question=u\"PE SUCOS CONS FUT PAD (GDM KOF75%)\") == \'Sim\')',46,45,'2015-05-04',NULL,'store_type == \"AS5\"','session','row',NULL,NULL,NULL,'Description for : ep_sucos_fc_packages_over_600ml_75_per_of_femsa_refrigerated_equipment_full_in_the_bakery_section',NULL,NULL,NULL),(542,'e72f1675-7','ep_sucos_fc_packages_over_600ml_with_at_least_18_units_in_the_fruit_and_vegetables_section','binary_score(survey_response.get_answer(question=u\"PE SUCOS CONS FUT HORT (ATIV 18UNID)\") == \'Sim\')',47,46,'2015-05-04',NULL,'store_type == \"AS5\"','session','row',NULL,NULL,NULL,'Description for : ep_sucos_fc_packages_over_600ml_with_at_least_18_units_in_the_fruit_and_vegetables_section',NULL,NULL,NULL),(543,'b22fe725-2','ep_juice_fc_packages_over_600ml_in_the_fruit_and_vegetable_section_population','scene_item_facts_extended.filter(expression=\'template_name in (\"PG - Hort\", \"Ilha - Hort\", u\"Exibição - Hort\", \"RACK KOF CSD - Hort\", \"RACK KOF Cerv - Hort\", \"RACK KOF NCB - Hort\", \"GDM Conc/Proprio - Hort\", \"GDM KOF Cerv P - Hort\", \"GDM KOF CSD P - Hort\", \"GDM KOF NCB P - Hort\", \"RACK Conc - Hort\") and size in (1, 1.5, 1000, 1500) and category == \"Suco\" and manufacturer_name == \"FEMSA\" and dist_sc == 1\')\n',NULL,NULL,NULL,NULL,NULL,NULL,NULL,NULL,NULL,NULL,'Description for : ep_juice_fc_packages_over_600ml_in_the_fruit_and_vegetable_section_population',NULL,NULL,NULL),(544,'02f4dc07-a','ep_juice_fc_packages_over_600ml_in_the_fruit_and_vegetable_section','binary_score(ep_juice_fc_packages_over_600ml_in_the_fruit_and_vegetable_section_population .group(group_by=\'product_fk\').size() >= 1)\n',48,47,'2015-05-04',NULL,'store_type == \"AS5\"','session','row',NULL,NULL,NULL,'Description for : ep_juice_fc_packages_over_600ml_in_the_fruit_and_vegetable_section',NULL,NULL,NULL),(545,'d1623f85-6','ep_ssd_fc_packages_over_600ml_with_70_per_of_femsa_equipment_full_in_the_fruit_and_vegetables_section','binary_score(survey_response.get_answer(question=u\"PE SUCOS CONS FUT HORT (EQUIP KOF 70%)\") == \'Sim\')',138,48,'2015-05-04',NULL,'store_type == \"AS5\"','session','row',NULL,NULL,NULL,'Description for : ep_ssd_fc_packages_over_600ml_with_70_per_of_femsa_equipment_full_in_the_fruit_and_vegetables_section',NULL,NULL,NULL),(546,'53113393-d','ep_sucos_fc_packages_over_600ml_75_per_of_femsa_cooler_equipment_full_in_the_fruit_and_vegetables_section','binary_score(survey_response.get_answer(question=u\"PE SUCOS CONS FUT HORT (GDM KOF75%)\") == \'Sim\')',49,49,'2015-05-04',NULL,'store_type == \"AS5\"','session','row',NULL,NULL,NULL,'Description for : ep_sucos_fc_packages_over_600ml_75_per_of_femsa_cooler_equipment_full_in_the_fruit_and_vegetables_section',NULL,NULL,NULL),(547,'e58f1271-9','ep_of_crystal_1_5L_with_at_least_12_units','binary_score(survey_response.get_answer(question=u\"PE 1.5L CRY (ATIV 12UNID)\") == \'Sim\')',50,50,'2015-05-04',NULL,'store_type == \"AS5\"','session','row',NULL,NULL,NULL,'Description for : ep_of_crystal_1_5L_with_at_least_12_units',NULL,NULL,NULL),(548,'7ad768dd-b','ep_of_crystal_5L_with_at_least_12_units','binary_score(survey_response.get_answer(question=u\"PE 5L CRY (ATIV 12UNID)\") == \'Sim\')',51,51,'2015-05-04',NULL,'store_type == \"AS5\"','session','row',NULL,NULL,NULL,'Description for : ep_of_crystal_5L_with_at_least_12_units',NULL,NULL,NULL),(549,'43746b3a-9','ep_of_crystal_1_5L_with_70_per_full_in_a_femsa_equipment','binary_score(survey_response.get_answer(question=u\"PE 1.5L CRY (EQUIP KOF 70%)\") == \'Sim\')',52,52,'2015-05-04',NULL,'store_type == \"AS5\"','session','row',NULL,NULL,NULL,'Description for : ep_of_crystal_1_5L_with_70_per_full_in_a_femsa_equipment',NULL,NULL,NULL),(550,'509c0365-0','ep_of_crystal_5L_with_70_per_full_in_a_femsa_equipment','binary_score(survey_response.get_answer(question=u\"PE 5L CRY (EQUIP KOF 70%)\") == \'Sim\')',139,53,'2015-05-04',NULL,'store_type == \"AS5\"','session','row',NULL,NULL,NULL,'Description for : ep_of_crystal_5L_with_70_per_full_in_a_femsa_equipment',NULL,NULL,NULL),(551,'97054cc0-f','ep_of_crystal_1_5L_population','scene_item_facts_extended.filter(expression=\'template_group in (u\"Exibição\", \"Ilha\", \"PG\", \"RACK Conc\", \"RACK KOF Cerv\", \"RACK KOF CSD\", \"RACK KOF NCB\", \"GDM Conc/Proprio\", \"GDM KOF Cerv\", \"GDM KOF CSD\", \"GDM KOF NCB\") and product_name in (\"FEMSA CRYSTAL 1.5L PET CG\", \"FEMSA 4-PACK CRYSTAL 1.5L\", \"FEMSA 6-PACK CRYSTAL 1.5L S/G LM PM\", \"FEMSA 8-PACK CRYSTAL 1.5L PET F.IMP\", \"FEMSA CRYSTAL 1.5L PET SG\") and dist_sc == 1 and manufacturer_name == \"FEMSA\"\')\n',NULL,NULL,NULL,NULL,NULL,NULL,NULL,NULL,NULL,NULL,'Description for : ep_of_crystal_1_5L_population',NULL,NULL,NULL),(552,'c21a1de4-a','ep_of_crystal_1_5L','binary_score(ep_of_crystal_1_5L_population.group(group_by=\'product_fk\').size() >= 1)',53,54,'2015-05-04',NULL,'store_type == \"AS5\"','session','row',NULL,NULL,NULL,'Description for : ep_of_crystal_1_5L',NULL,NULL,NULL),(553,'eb71f7a6-3','has_an_extra_point_of_cystal_5_population','scene_item_facts_extended.filter(expression=\'template_group in (u\"Exibição\", \"Ilha\", \"PG\", \"RACK Conc\", \"RACK KOF Cerv\", \"RACK KOF CSD\", \"RACK KOF NCB\", \"GDM Conc/Proprio\", \"GDM KOF Cerv\", \"GDM KOF CSD\", \"GDM KOF NCB\") and product_name == \"FEMSA CRYSTAL 5L PET\" and dist_sc == 1 and manufacturer_name == \"FEMSA\"\')\n',NULL,NULL,NULL,NULL,NULL,NULL,NULL,NULL,NULL,NULL,'Description for : has_an_extra_point_of_cystal_5_population',NULL,NULL,NULL),(554,'b0bdb9ba-3','has_an_extra_point_of_cystal_5','binary_score(has_an_extra_point_of_cystal_5_population.group(group_by=\'product_fk\').size() >= 1)',54,55,'2015-05-01',NULL,'store_type == \"AS5\"','session','row',NULL,NULL,NULL,'Description for : has_an_extra_point_of_cystal_5',NULL,NULL,NULL),(555,'553590d2-5','has_an_extra_point_of_crystal_1_5L_with_75_per_full_in_a_femsa_refrigerated_equipment','binary_score(survey_response.get_answer(question=u\"PE 1.5L CRY (GDM KOF 75%)\") == \'Sim\')',55,56,'2015-05-01',NULL,'store_type == \"AS5\"','session','row',NULL,NULL,NULL,'Description for : has_an_extra_point_of_crystal_1_5L_with_75_per_full_in_a_femsa_refrigerated_equipment',NULL,NULL,NULL),(556,'91c5ea1f-7','has_an_extra_point_of_crystal_5L_with_75_per_full_in_a_femsa_refrigerated_equipment','binary_score(survey_response.get_answer(question=u\"PE 5L CRY (GDM KOF 75%)\") == \'Sim\')',56,57,'2015-05-01',NULL,'store_type == \"AS5\"','session','row',NULL,NULL,NULL,'Description for : has_an_extra_point_of_crystal_5L_with_75_per_full_in_a_femsa_refrigerated_equipment',NULL,NULL,NULL),(557,'ac4b26cc-4','has_soft_drink_printed_package_multipack_future_consumption_packages_over_600ml_population','scene_item_facts_extended.filter(expression=\'category == \"CSD\" and manufacturer_name == \"FEMSA\" and product_name in (\"FEMSA 4-PACK COCA-COLA 1.5L\", \"FEMSA 4-PACK COCA-COLA 2.0L PET\", \"FEMSA 4-PACK COCA-COLA ZERO 1.5L\", \"FEMSA 6-PACK COCA-COLA 2.0L PET\", \"FEMSA 6-PACK FT MACA VD 2L PET\") and number_of_sub_packages >= 2 and dist_sc == 1\')\n',NULL,NULL,NULL,NULL,NULL,NULL,NULL,NULL,NULL,NULL,'Description for : has_soft_drink_printed_package_multipack_future_consumption_packages_over_600ml_population',NULL,NULL,NULL),(558,'0d4a3a5e-e','has_soft_drink_printed_package_multipack_future_consumption_packages_over_600ml','binary_score(has_soft_drink_printed_package_multipack_future_consumption_packages_over_600ml_population .group(group_by=\'product_fk\').size() >= 1)\n',57,58,'2015-05-01',NULL,'store_type == \"AS5\"','session','row',NULL,NULL,NULL,'Description for : has_soft_drink_printed_package_multipack_future_consumption_packages_over_600ml',NULL,NULL,NULL),(559,'6de0e9be-7','has_activation_material_for_soft_drinks_multipack_on_the_store_entry','binary_score(survey_response.get_answer(question=u\"ATIV CSD MPACK ENTRADA LOJA\") == \'Sim\')',58,59,'2015-05-01',NULL,'store_type == \"ATACADISTA\"','session','row',NULL,NULL,NULL,'Description for : has_activation_material_for_soft_drinks_multipack_on_the_store_entry',NULL,NULL,NULL),(560,'69ed8a84-7','has_activation_material_of_soft_drinks_in_the_beverage_section_population','scene_item_facts_extended.filter(expression=\'template_name == \"Material - Sec Beb\" and category == \"CSD\" and product_type==\"POS\" and dist_sc == 1 and manufacturer_name == \"FEMSA\"\')\n',NULL,NULL,NULL,NULL,NULL,NULL,NULL,NULL,NULL,NULL,'Description for : has_activation_material_of_soft_drinks_in_the_beverage_section_population',NULL,NULL,NULL),(561,'3e096597-2','has_activation_material_of_soft_drinks_in_the_beverage_section','binary_score(has_activation_material_of_soft_drinks_in_the_beverage_section_population .group(group_by=\'product_fk\').size() >= 1)\n',59,60,'2015-05-01',NULL,'store_type == \"ATACADISTA\"','session','row',NULL,NULL,NULL,'Description for : has_activation_material_of_soft_drinks_in_the_beverage_section',NULL,NULL,NULL),(562,'aefcc2e7-3','calculation_61_population','scene_item_facts_extended.filter(expression=\'template_name == \"Material - Sec Beb\" and category in (\"Suco\", \"Iso\", \"Lacteo\", \"Cha\", \"Energ\", \"Refres\", \"Agua\") and product_type==\"POS\" and dist_sc == 1 and manufacturer_name == \"FEMSA\"\')\n',NULL,NULL,NULL,NULL,NULL,NULL,NULL,NULL,NULL,NULL,'Description for : calculation_61_population',NULL,NULL,NULL),(563,'12d024ad-8','minimal_total_distribution_calculation_61','binary_score(calculation_61_population.group(group_by=\'product_fk\').size() >= 1)',60,61,'2015-05-01',NULL,'store_type == \"ATACADISTA\"','session','row',NULL,NULL,NULL,'Description for : minimal_total_distribution_calculation_61',NULL,NULL,NULL),(564,'9e53c353-9','calculation_62_population','scene_item_facts_extended.filter(expression=\'template_name in (u\"Exibição - Cko\", \"GDM Conc/Proprio - Cko\", \"GDM KOF Cerv P - Cko\", \"GDM KOF CSD P - Cko\", \"GDM KOF NCB P - Cko\", \"Ilha - Cko\", \"PG - Cko\", u\"Exibição NP - Cko\", \"GDM Conc/Proprio NP - Cko\", \"GDM KOF Cerv NP - Cko\", \"GDM KOF CSD NP - Cko\", \"GDM KOF NCB NP - Cko\", \"Ilha NP - Cko\", \"PG NP - Cko\") and number_of_sub_packages >= 2 and category == \"CSD\" and manufacturer_name == \"FEMSA\" and dist_sc == 1\')\n',NULL,NULL,NULL,NULL,NULL,NULL,NULL,NULL,NULL,NULL,'Description for : calculation_62_population',NULL,NULL,NULL),(565,'1d2a730a-a','minimal_total_distribution_calculation_62','binary_score(calculation_62_population.group(group_by=\'product_fk\').size() >= 1)',61,62,'2015-05-01',NULL,'store_type in (\"ADEGA\", \"ATACADISTA\")','session','row',NULL,NULL,NULL,'Description for : minimal_total_distribution_calculation_62',NULL,NULL,NULL),(566,'97b3674d-c','calculation_63','binary_score(survey_response.get_answer(question=u\"PE MPACK CERV\") == \'Sim\')',62,63,'2015-05-01',NULL,'store_type in (\"ATACADISTA\", \"CONVENIENCIA\")','session','row',NULL,NULL,NULL,'Description for : calculation_63',NULL,NULL,NULL),(567,'d0a8e0ac-e','calculation_64','binary_score(survey_response.get_answer(question=u\"PE MPACK NCB SB\") == \'Sim\')',63,64,'2015-05-01',NULL,'store_type == \"ATACADISTA\"','session','row',NULL,NULL,NULL,'Description for : calculation_64',NULL,NULL,NULL),(568,'aee4cb1b-9','calculation_65','binary_score(survey_response.get_answer(question=u\"PE MPACK SABORES SB\") == \'Sim\')',64,65,'2015-05-01',NULL,'store_type == \"ATACADISTA\"','session','row',NULL,NULL,NULL,'Description for : calculation_65',NULL,NULL,NULL),(569,'82343e55-1','calculation_66','binary_score(survey_response.get_answer(question=u\"PE NCAT MPACK FORA SB\") == \'Sim\')',65,66,'2015-05-01',NULL,'store_type == \"ATACADISTA\"','session','row',NULL,NULL,NULL,'Description for : calculation_66',NULL,NULL,NULL),(570,'27c49b3a-1','calculation_67','binary_score(survey_response.get_answer(question=u\"PG MPACK NCB SB\") == \'Sim\')',66,67,'2015-05-01',NULL,'store_type == \"ATACADISTA\"','session','row',NULL,NULL,NULL,'Description for : calculation_67',NULL,NULL,NULL),(571,'06594ed7-1','calculation_68','binary_score(survey_response.get_answer(question=u\"PG MPACK SABORES SB\") == \'Sim\')',67,68,'2015-05-01',NULL,'store_type == \"ATACADISTA\"','session','row',NULL,NULL,NULL,'Description for : calculation_68',NULL,NULL,NULL),(572,'b5a936da-9','calculation_69_population','scene_item_facts_extended.filter(expression=\'template_name == u\"Material - Balcão\" and category == \"CSD\" and product_type==\"POS\" and dist_sc == 1 and manufacturer_name == \"FEMSA\"\')\n',NULL,NULL,NULL,NULL,NULL,NULL,NULL,NULL,NULL,NULL,'Description for : calculation_69_population',NULL,NULL,NULL),(573,'1b4ef77c-e','minimal_total_distribution_calculation_69','binary_score(calculation_69_population.group(group_by=\'product_fk\').size() >= 1)',68,69,'2015-05-01',NULL,'store_type in (\"BARLAN\", \"PADARIA\", \"ADHOC\")','session','row',NULL,NULL,NULL,'Description for : minimal_total_distribution_calculation_69',NULL,NULL,NULL),(574,'33f86e14-d','calculation_70_population','scene_item_facts_extended.filter(expression=\'template_name == u\"Material - Balcão\" and category in (\"Suco\", \"Iso\", \"Lacteo\", \"Cha\", \"Energ\", \"Refres\", \"Agua\") and product_type==\"POS\" and dist_sc == 1 and manufacturer_name == \"FEMSA\"\')\n',NULL,NULL,NULL,NULL,NULL,NULL,NULL,NULL,NULL,NULL,'Description for : calculation_70_population',NULL,NULL,NULL),(575,'4bc7d9ca-3','minimal_total_distribution_calculation_70','binary_score(calculation_70_population.group(group_by=\'product_fk\').size() >= 1)',69,71,'2015-05-01',NULL,'store_type in (\"BARLAN\", \"PADARIA\", \"ADHOC\")','session','row',NULL,NULL,NULL,'Description for : minimal_total_distribution_calculation_70',NULL,NULL,NULL),(576,'7ea31c1a-8','calculation_71_population','scene_item_facts_extended.filter(expression=\'template_group==\"Material\" and category == \"Cerveja\" and product_type==\"POS\" and dist_sc == 1 and manufacturer_name == \"FEMSA\"\')\n',NULL,NULL,NULL,NULL,NULL,NULL,NULL,NULL,NULL,NULL,'Description for : calculation_71_population',NULL,NULL,NULL),(577,'f0783637-9','minimal_total_distribution_calculation_71','binary_score(calculation_71_population.group(group_by=\'product_fk\').size() >= 1)',70,72,'2015-05-01',NULL,'store_type in (\"BARLAN\", \"PADARIA\", \"RESTAURANTE\", \"ADHOC\")','session','row',NULL,NULL,NULL,'Description for : minimal_total_distribution_calculation_71',NULL,NULL,NULL),(578,'8cb30417-7','calculation_72_population','scene_item_facts_extended.filter(expression=\'template_name == \"Material - Externo\" and category == \"CSD\" and product_type==\"POS\" and dist_sc == 1 and manufacturer_name == \"FEMSA\"\')\n',NULL,NULL,NULL,NULL,NULL,NULL,NULL,NULL,NULL,NULL,'Description for : calculation_72_population',NULL,NULL,NULL),(579,'d45b7494-5','minimal_total_distribution_calculation_72','binary_score(calculation_72_population.group(group_by=\'product_fk\').size() >= 1)',71,73,'2015-05-01',NULL,'store_type in (\"BARLAN\", \"PADARIA\", \"RESTAURANTE\", \"ADHOC\")','session','row',NULL,NULL,NULL,'Description for : minimal_total_distribution_calculation_72',NULL,NULL,NULL),(580,'ee684ac2-4','calculation_73_population','scene_item_facts_extended.filter(expression=\'product_name in (\"Cervejela 1\", \"Cervejela 2\") and dist_sc == 1 and manufacturer_name == \"FEMSA\"\')\n',NULL,NULL,NULL,NULL,NULL,NULL,NULL,NULL,NULL,NULL,'Description for : calculation_73_population',NULL,NULL,NULL),(581,'82447825-5','minimal_total_distribution_calculation_73','binary_score(calculation_73_population.group(group_by=\'product_fk\').size() >= 1)',72,74,'2015-05-01',NULL,'store_type in (\"BARLAN\", \"ADHOC\")','session','row',NULL,NULL,NULL,'Description for : minimal_total_distribution_calculation_73',NULL,NULL,NULL),(582,'3ba709ed-b','calculation_74_population','scene_item_facts_extended.filter(expression=\'category == \"CSD\" and  template_name in (\"GDM KOF CSD P - 1a pos\", \"GDM KOF CSD NP - 1a pos\") and dist_sc == 1 and manufacturer_name == \"FEMSA\"\')\n',NULL,NULL,NULL,NULL,NULL,NULL,NULL,NULL,NULL,NULL,'Description for : calculation_74_population',NULL,NULL,NULL),(583,'89d1325d-5','minimal_total_distribution_calculation_74','binary_score(calculation_74_population.group(group_by=\'product_fk\').size() >= 1)',73,75,'2015-05-01',NULL,'store_type in (\"BARLAN\", \"ADHOC\")','session','row',NULL,NULL,NULL,'Description for : minimal_total_distribution_calculation_74',NULL,NULL,NULL),(584,'e333d542-a','calculation_75_population','scene_item_facts_extended.filter(expression=\'category in (\"Suco\", \"Iso\", \"Lacteo\", \"Cha\", \"Energ\", \"Refres\", \"Agua\") and template_name in (\"GDM KOF NCB NP - 1a pos\", \"GDM KOF NCB P - 1a pos\") and dist_sc == 1 and manufacturer_name == \"FEMSA\"\')\n',NULL,NULL,NULL,NULL,NULL,NULL,NULL,NULL,NULL,NULL,'Description for : calculation_75_population',NULL,NULL,NULL),(585,'d652128c-e','minimal_total_distribution_calculation_75','binary_score(calculation_75_population.group(group_by=\'product_fk\').size() >= 1)',74,76,'2015-05-01',NULL,'store_type in (\"BARLAN\", \"PADARIA\", \"ADHOC\")','session','row',NULL,NULL,NULL,'Description for : minimal_total_distribution_calculation_75',NULL,NULL,NULL),(586,'56bcf556-2','survey_question_calculation_76','binary_score(survey_response.get_answer(question=u\"HA COMBO CSD\") == \'Sim\')',75,77,'2015-05-01',NULL,'store_type in (\"BARLAN\", \"PADARIA\", \"ADHOC\")','session','row',NULL,NULL,NULL,'Description for : survey_question_calculation_76',NULL,NULL,NULL),(587,'2c11226d-9','survey_question_calculation_77','binary_score(survey_response.get_answer(question=u\"HA MENUBOARD OU MAT DE COMBO\") == \'Sim\')',76,78,'2015-05-01',NULL,'store_type in (\"BARLAN\", \"ADHOC\")','session','row',NULL,NULL,NULL,'Description for : survey_question_calculation_77',NULL,NULL,NULL),(588,'2254bb98-1','heineken_beer_in_the_femsa_cooler_population','scene_item_facts_extended.filter(expression=\'template_group in (\"GDM KOF Cerv\", \"GDM KOF CSD\", \"GDM KOF NCB\", \"GDM Conc/Proprio\", \"GDM KOF Cerv - NP\", \"GDM KOF CSD - NP\", \"GDM KOF NCB - NP\", \"GDM Conc/Proprio - NP\") and category == \"Cerveja\" and manufacturer_name == \"FEMSA\" and dist_sc == 1\')\n',NULL,NULL,NULL,NULL,NULL,NULL,NULL,NULL,NULL,NULL,'Description for : heineken_beer_in_the_femsa_cooler_population',NULL,NULL,NULL),(589,'16c09cd8-b','has_3_or_more_beer_facings_in_the_femsa_cooler','binary_score(heineken_beer_in_the_femsa_cooler_population.sum(field_name=\"facings\") >= 3)',77,79,'2015-05-01',NULL,'store_type == \"CONVENIENCIA\"','session','row',NULL,NULL,NULL,'Description for : has_3_or_more_beer_facings_in_the_femsa_cooler',NULL,NULL,NULL),(590,'e6867849-f','survey_question_calculation_79','binary_score(survey_response.get_answer(question=u\"3 SAB DVM LATA\") == \'Sim\')',78,80,'2015-05-01',NULL,'store_type == \"CONVENIENCIA\"','session','row',NULL,NULL,NULL,'Description for : survey_question_calculation_79',NULL,NULL,NULL),(591,'8cd47f0f-9','beer_in_the_femsa_cooler_population','scene_item_facts_extended.filter(expression=\'template_group in (\"GDM KOF Cerv\", \"GDM KOF CSD\", \"GDM KOF NCB\", \"GDM Conc/Proprio\", \"GDM KOF Cerv - NP\", \"GDM KOF CSD - NP\", \"GDM KOF NCB - NP\", \"GDM Conc/Proprio - NP\") and category == \"Cerveja\" and manufacturer_name == \"FEMSA\" and dist_sc == 1\')\n',NULL,NULL,NULL,NULL,NULL,NULL,NULL,NULL,NULL,NULL,'Description for : beer_in_the_femsa_cooler_population',NULL,NULL,NULL),(592,'9067a900-c','has_4_or_more_beer_facings_in_the_femsa_cooler','binary_score(beer_in_the_femsa_cooler_population.sum(field_name=\"facings\") >= 4)',79,81,'2015-05-01',NULL,'store_type == \"CONVENIENCIA\"','session','row',NULL,NULL,NULL,'Description for : has_4_or_more_beer_facings_in_the_femsa_cooler',NULL,NULL,NULL),(593,'34257c46-5','calculation_81_population','scene_item_facts_extended.filter(expression=\'template_group==\"Material\" and product_type==\"POS\" and category == \"CSD\" and dist_sc == 1 and manufacturer_name == \"FEMSA\"\')\n',NULL,NULL,NULL,NULL,NULL,NULL,NULL,NULL,NULL,NULL,'Description for : calculation_81_population',NULL,NULL,NULL),(594,'3a8e9b28-7','minimal_total_distribution_calculation_81','binary_score(calculation_81_population.group(group_by=\'product_fk\').size() >= 1)',80,82,'2015-05-01',NULL,'store_type == \"CONVENIENCIA\"','session','row',NULL,NULL,NULL,'Description for : minimal_total_distribution_calculation_81',NULL,NULL,NULL),(595,'0da3d979-c','calculation_82_population','scene_item_facts_extended.filter(expression=\'category in (\"Agua\", \"Suco\", \"Iso\", \"Lacteo\", \"Cha\", \"Energ\", \"Refres\", \"Agua\") and template_group==\"Material\" and product_type==\"POS\" and dist_sc == 1 and manufacturer_name == \"FEMSA\"\')\n',NULL,NULL,NULL,NULL,NULL,NULL,NULL,NULL,NULL,NULL,'Description for : calculation_82_population',NULL,NULL,NULL),(596,'f585c94d-8','minimal_total_distribution_calculation_82','binary_score(calculation_82_population.group(group_by=\'product_fk\').size() >= 1)',81,83,'2015-05-01',NULL,'store_type == \"CONVENIENCIA\"','session','row',NULL,NULL,NULL,'Description for : minimal_total_distribution_calculation_82',NULL,NULL,NULL),(597,'fa2a00d8-4','calculation_83_population','scene_item_facts_extended.filter(expression=\'template_group in (\"GDM KOF Cerv\", \"GDM KOF CSD\", \"GDM KOF NCB\", \"GDM Conc/Proprio\", \"GDM KOF Cerv - NP\", \"GDM KOF CSD - NP\", \"GDM KOF NCB - NP\", \"GDM Conc/Proprio - NP\") and product_name == \"FEMSA BURN 1L\" and dist_sc == 1 and manufacturer_name == \"FEMSA\"\')\n',NULL,NULL,NULL,NULL,NULL,NULL,NULL,NULL,NULL,NULL,'Description for : calculation_83_population',NULL,NULL,NULL),(598,'c0eed138-d','minimal_total_distribution_calculation_83','binary_score(calculation_83_population.group(group_by=\'product_fk\').size() >= 1)',82,84,'2015-05-01',NULL,'store_type == \"CONVENIENCIA\"','session','row',NULL,NULL,NULL,'Description for : minimal_total_distribution_calculation_83',NULL,NULL,NULL),(599,'d4b090eb-5','calculation_84_population','scene_item_facts_extended.filter(expression=\'template_group in (\"GDM KOF Cerv\", \"GDM KOF CSD\", \"GDM KOF NCB\", \"GDM Conc/Proprio\", \"GDM KOF Cerv - NP\", \"GDM KOF CSD - NP\", \"GDM KOF NCB - NP\", \"GDM Conc/Proprio - NP\") and product_name == \"FEMSA BURN 260ML\" and dist_sc == 1 and manufacturer_name == \"FEMSA\"\')\n',NULL,NULL,NULL,NULL,NULL,NULL,NULL,NULL,NULL,NULL,'Description for : calculation_84_population',NULL,NULL,NULL),(600,'38de9b22-8','minimal_total_distribution_calculation_84','binary_score(calculation_84_population.group(group_by=\'product_fk\').size() >= 1)',83,85,'2015-05-01',NULL,'store_type == \"CONVENIENCIA\"','session','row',NULL,NULL,NULL,'Description for : minimal_total_distribution_calculation_84',NULL,NULL,NULL),(601,'1688a1fd-b','survey_question_calculation_85','binary_score(survey_response.get_answer(question=u\"COMBO KOF (EXCLUSIVO)\") == \'Sim\')',84,86,'2015-05-01',NULL,'store_type == \"CONVENIENCIA\"','session','row',NULL,NULL,NULL,'Description for : survey_question_calculation_85',NULL,NULL,NULL),(602,'07e26c95-0','survey_question_calculation_86','binary_score(survey_response.get_answer(question=u\"COMBO NCB\") == \'Sim\')',85,87,'2015-05-01',NULL,'store_type == \"CONVENIENCIA\"','session','row',NULL,NULL,NULL,'Description for : survey_question_calculation_86',NULL,NULL,NULL),(603,'e06eaa18-1','calculation_87_population','scene_item_facts_extended.filter(expression=\'template_name in (\"GDM KOF CSD P - Cko\", \"GDM KOF NCB P - Cko\", \"GDM KOF CSD NP - Cko\", \"GDM KOF NCB NP - Cko\") and dist_sc == 1 and manufacturer_name == \"FEMSA\"\')\n',NULL,NULL,NULL,NULL,NULL,NULL,NULL,NULL,NULL,NULL,'Description for : calculation_87_population',NULL,NULL,NULL),(604,'d989bf9d-c','minimal_total_distribution_calculation_87','binary_score(calculation_87_population.group(group_by=\'product_fk\').size() >= 1)',86,88,'2015-05-01',NULL,'store_type == \"CONVENIENCIA\"','session','row',NULL,NULL,NULL,'Description for : minimal_total_distribution_calculation_87',NULL,NULL,NULL),(605,'33901d7a-d','calculation_88_population','scene_item_facts_extended.filter(expression=\'template_name in (\"GDM KOF CSD P - F Serv\", \"GDM KOF NCB P - F Serv\", \"GDM KOF CSD NP - F Serv\", \"GDM KOF NCB NP - F Serv\") and dist_sc == 1 and manufacturer_name == \"FEMSA\"\')\n',NULL,NULL,NULL,NULL,NULL,NULL,NULL,NULL,NULL,NULL,'Description for : calculation_88_population',NULL,NULL,NULL),(606,'ea0be957-c','minimal_total_distribution_calculation_88','binary_score(calculation_88_population.group(group_by=\'product_fk\').size() >= 1)',87,89,'2015-05-01',NULL,'store_type == \"CONVENIENCIA\"','session','row',NULL,NULL,NULL,'Description for : minimal_total_distribution_calculation_88',NULL,NULL,NULL),(607,'32136b11-e','calculation_89_population','scene_item_facts_extended.filter(expression=\'template_name in (\"GDM KOF Cerv NP - Cko\", \"GDM KOF Cerv P - Cko\", \"GDM KOF CSD NP - Cko\", \"GDM KOF CSD P - Cko\", \"GDM KOF NCB NP - Cko\", \"GDM KOF NCB P - Cko\") and dist_sc == 1 and manufacturer_name == \"FEMSA\"\')\n',NULL,NULL,NULL,NULL,NULL,NULL,NULL,NULL,NULL,NULL,'Description for : calculation_89_population',NULL,NULL,NULL),(608,'97ad8a54-9','minimal_total_distribution_calculation_89','binary_score(calculation_89_population.group(group_by=\'product_fk\').size() >= 1)',88,90,'2015-05-01',NULL,'store_type == \"CONVENIENCIA\"','session','row',NULL,NULL,NULL,'Description for : minimal_total_distribution_calculation_89',NULL,NULL,NULL),(609,'98cb321c-f','rule_count_sku_calculation_91_population','scene_item_facts_extended.filter(expression=\'template_group in (u\"Exibição\", \"Ilha\", \"PG\", \"RACK Conc\", \"RACK KOF Cerv\", \"RACK KOF CSD\", \"RACK KOF NCB\", \"GDM Conc/Proprio\", \"GDM KOF Cerv\", \"GDM KOF CSD\", \"GDM KOF NCB\") and category == \"Energ\" and brand_name == \"BURN\" and dist_sc == 1\')\n',NULL,NULL,NULL,NULL,NULL,NULL,NULL,NULL,NULL,NULL,'Description for : rule_count_sku_calculation_91_population',NULL,NULL,NULL),(610,'80575ba9-5','rule_count_sku_calculation_91','binary_score(rule_count_sku_calculation_91_population.sum(field_name=\"facings\") >= 4)',90,92,'2015-05-01',NULL,'store_type == \"CONVENIENCIA\"','session','row',NULL,NULL,NULL,'Description for : rule_count_sku_calculation_91',NULL,NULL,NULL),(611,'e892685b-b','calculation_92_population','scene_item_facts_extended.filter(expression=\'template_group in (u\"Exibição\", \"Ilha\", \"PG\", \"RACK Conc\", \"RACK KOF Cerv\", \"RACK KOF CSD\", \"RACK KOF NCB\", \"GDM Conc/Proprio\", \"GDM KOF Cerv\", \"GDM KOF CSD\", \"GDM KOF NCB\") and category in (\"Agua\", \"Cha\", \"CSD\", \"Energ\", \"Iso\", \"Lacteo\", \"Refres\", \"Suco\")  and size in (1, 1.5, 2, 2.25, 3, 1000, 1500, 1.45, 2.5, 3.3, 3.5, 5, 10, 6.25, 6.3) and manufacturer_name == \"FEMSA\" and dist_sc == 1\')\n',NULL,NULL,NULL,NULL,NULL,NULL,NULL,NULL,NULL,NULL,'Description for : calculation_92_population',NULL,NULL,NULL),(612,'248921ff-4','minimal_total_distribution_calculation_92','binary_score(calculation_92_population.group(group_by=\'product_fk\').size() >= 1)',91,93,'2015-05-01',NULL,'store_type == \"CONVENIENCIA\"','session','row',NULL,NULL,NULL,'Description for : minimal_total_distribution_calculation_92',NULL,NULL,NULL),(613,'e9f39297-5','calculation_93_population','scene_item_facts_extended.filter(expression=\'template_group in (u\"Exibição\", \"Ilha\", \"PG\", \"RACK KOF Cerv\", \"RACK KOF CSD\", \"RACK KOF NCB\", \"GDM Conc/Proprio\", \"GDM KOF Cerv\", \"GDM KOF CSD\", \"GDM KOF NCB\") and category in (\"Agua\", \"Cha\", \"CSD\", \"Iso\", \"Lacteo\", \"Refres\", \"Suco\") and size in (200, 237, 250, 269, 290, 300, 310, 330, 343, 350, 355, 400, 450, 473, 500, 550, 260, 335, 270, 600) and manufacturer_name == \"FEMSA\" and dist_sc == 1\')\n',NULL,NULL,NULL,NULL,NULL,NULL,NULL,NULL,NULL,NULL,'Description for : calculation_93_population',NULL,NULL,NULL),(614,'cd3c6ee1-5','minimal_total_distribution_calculation_93','binary_score(calculation_93_population.group(group_by=\'product_fk\').size() >= 1)',92,94,'2015-05-01',NULL,'store_type == \"CONVENIENCIA\"','session','row',NULL,NULL,NULL,'Description for : minimal_total_distribution_calculation_93',NULL,NULL,NULL),(615,'60eff0e8-f','calculation_94_population','scene_item_facts_extended.filter(expression=\'template_group in (u\"Exibição\", \"Ilha\", \"PG\", \"RACK Conc\", \"RACK KOF Cerv\", \"RACK KOF CSD\", \"RACK KOF NCB\", \"GDM Conc/Proprio\", \"GDM KOF Cerv\", \"GDM KOF CSD\", \"GDM KOF NCB\") and category in (\"Cha\", \"Energ\", \"Iso\", \"Lacteo\", \"Refres\", \"Suco\") and size in (200, 250, 300, 350, 500, 260, 335, 450, 473) and manufacturer_name in (\"FEMSA\", \"HEINEKEN BRASIL\") and dist_sc == 1\')\n',NULL,NULL,NULL,NULL,NULL,NULL,NULL,NULL,NULL,NULL,'Description for : calculation_94_population',NULL,NULL,NULL),(616,'7982d685-8','minimal_total_distribution_calculation_94','binary_score(calculation_94_population.group(group_by=\'product_fk\').size() >= 1)',93,95,'2015-05-01',NULL,'store_type == \"CONVENIENCIA\"','session','row',NULL,NULL,NULL,'Description for : minimal_total_distribution_calculation_94',NULL,NULL,NULL),(617,'6b25f480-8','calculation_95_population','scene_item_facts_extended.filter(expression=\'template_group in (u\"Exibição\", \"Ilha\", \"PG\", \"RACK Conc\", \"RACK KOF Cerv\", \"RACK KOF CSD\", \"RACK KOF NCB\", \"GDM Conc/Proprio\", \"GDM KOF Cerv\", \"GDM KOF CSD\", \"GDM KOF NCB\") and product_name in (\"FEMSA COCA-COLA LIGHT LT\",\"FEMSA 12-PACK CC MINILATA L12P10\", \"FEMSA 12-PACK COCA-COLA LATA\",\"FEMSA 6-PACK COCA-COLA LATA\", \"FEMSA 6-PACK COCA-COLA ZERO LATA\", \"FEMSA 6-PACK FANTA LARANJA LATA\",\"FEMSA 6-PACK FT UVA LATA\",\"FEMSA 6-PACK KUAT LATA\", \"FEMSA 6-PACK SCHWEPPES CITRUS ZERO LATA\",\"FEMSA 6-PACK SPRITE LATA\",\"FEMSA COCA-COLA LATA\", \"FEMSA COCA-COLA MINI LATA\", \"FEMSA COCA-COLA ZERO LATA\",\"FEMSA FANTA LAR LATA\",\"FEMSA FANTA LAR ZERO LATA\", \"FEMSA 12-PACK CC LATA L12P11\", \"FEMSA 6-PACK SCHW CIT LATA\",\"FEMSA FANTA MAR LATA\",\"FEMSA FANTA UVA LATA\", \"FEMSA GUARANA JESUS LATA\", \"FEMSA KUAT LATA\",\"FEMSA KUAT ZERO LATA\",\"FEMSA MPACK FT LAR ZERO LATA\", \"FEMSA SCHWEPPES CITRUS LATA\", \"FEMSA SCHWEPPES CITRUS LIGHT LATA\",\"FEMSA SPRITE LATA\", \"FEMSA SPRITE ZERO LATA\",\"FT UVA MINI LT250ML12UN\") and dist_sc == 1 and manufacturer_name == \"FEMSA\"\')\n',NULL,NULL,NULL,NULL,NULL,NULL,NULL,NULL,NULL,NULL,'Description for : calculation_95_population',NULL,NULL,NULL),(618,'40b5a2cc-7','minimal_total_distribution_calculation_95','binary_score(calculation_95_population.group(group_by=\'product_fk\').size() >= 1)',94,96,'2015-05-01',NULL,'store_type == \"CONVENIENCIA\"','session','row',NULL,NULL,NULL,'Description for : minimal_total_distribution_calculation_95',NULL,NULL,NULL),(619,'af99f622-6','calculation_96_population','scene_item_facts_extended.filter(expression=\'template_group in (u\"Exibição\", \"Ilha\", \"PG\", \"RACK Conc\", \"RACK KOF Cerv\", \"RACK KOF CSD\", \"RACK KOF NCB\", \"GDM Conc/Proprio\", \"GDM KOF Cerv\", \"GDM KOF CSD\", \"GDM KOF NCB\") and ((brand_name in (\"COCA-COLA\", \"COCA-COLA LIGHT\", \"COCA-COLA ZERO\", \"SPRITE\", \"FANTA\", \"KUAT\", \"SCHWEPPES\", \"AQUARIUS\", \"GUARAPAN\", \"CSD SABORES KOF REGULAR\", \"SIMBA\", \"TAI GUARANÁ\") and category == \"CSD\") or (brand_name == \"CRYSTAL\" and category == \"Agua\") or (brand_name in (\"DEL VALLE\", \"KAPO\") and category == \"Suco\") or (brand_name == \"KAPO CHOCOLATE\" and category == \"Lacteo\") or (brand_name == \"KAPO CHOCOLATE\" and category == \"Lacteo\") or (brand_name in (u\"LEÃO\", \"FUZE\") and category == \"Cha\") or (brand_name in (\"POWERADE\", \"I9\") and category == \"Iso\")) and dist_sc == 1 and manufacturer_name == \"FEMSA\"\')\n',NULL,NULL,NULL,NULL,NULL,NULL,NULL,NULL,NULL,NULL,'Description for : calculation_96_population',NULL,NULL,NULL),(620,'5c4be5d8-0','minimal_total_distribution_calculation_96','binary_score(calculation_96_population.group(group_by=\'product_fk\').size() >= 1)',95,97,'2015-05-01',NULL,'store_type == \"CONVENIENCIA\"','session','row',NULL,NULL,NULL,'Description for : minimal_total_distribution_calculation_96',NULL,NULL,NULL),(621,'cb71ecf3-1','calculation_97_population','scene_item_facts_extended.filter(expression=\'template_group in (u\"Exibição\", \"Ilha\", \"PG\", \"RACK Conc\", \"RACK KOF Cerv\", \"RACK KOF CSD\", \"RACK KOF NCB\", \"GDM Conc/Proprio\", \"GDM KOF Cerv\", \"GDM KOF CSD\", \"GDM KOF NCB\") and category in (\"Agua\", \"Cha\", \"CSD\", \"Energ\", \"Iso\", \"Lacteo\", \"Refres\", \"Suco\")  and manufacturer_name == \"FEMSA\" and dist_sc == 1\')\n',NULL,NULL,NULL,NULL,NULL,NULL,NULL,NULL,NULL,NULL,'Description for : calculation_97_population',NULL,NULL,NULL),(622,'15bc0984-4','minimal_total_distribution_calculation_97','binary_score(calculation_97_population.group(group_by=\'product_fk\').size() >= 1)',96,98,'2015-05-01',NULL,'store_type == \"CONVENIENCIA\"','session','row',NULL,NULL,NULL,'Description for : minimal_total_distribution_calculation_97',NULL,NULL,NULL),(623,'c945b3b7-7','survey_question_calculation_98','binary_score(survey_response.get_answer(question=u\"PE MPACK CSD\") == \'Sim\')',97,99,'2015-05-01',NULL,'store_type == \"CONVENIENCIA\"','session','row',NULL,NULL,NULL,'Description for : survey_question_calculation_98',NULL,NULL,NULL),(624,'3cf2d12d-9','survey_question_calculation_99','binary_score(survey_response.get_answer(question=u\"PE MPACK NCB\") == \'Sim\')',98,100,'2015-05-01',NULL,'store_type == \"CONVENIENCIA\"','session','row',NULL,NULL,NULL,'Description for : survey_question_calculation_99',NULL,NULL,NULL),(625,'acdfb750-5','calculation_100_population','scene_item_facts_extended.filter(expression=\'template_name == \"Material - Interno\" and category == \"CSD\" and product_type == \"POS\" and dist_sc == 1 and manufacturer_name == \"FEMSA\"\')\n',NULL,NULL,NULL,NULL,NULL,NULL,NULL,NULL,NULL,NULL,'Description for : calculation_100_population',NULL,NULL,NULL),(626,'110555df-8','minimal_total_distribution_calculation_100','binary_score(calculation_100_population.group(group_by=\'product_fk\').size() >= 1)',99,101,'2015-05-01',NULL,'store_type in (\"MERCEARIA\", \"RESTAURANTE\")','session','row',NULL,NULL,NULL,'Description for : minimal_total_distribution_calculation_100',NULL,NULL,NULL),(627,'0c614464-7','survey_question_calculation_101','binary_score(survey_response.get_answer(question=u\"ATIV CSD CONS FUT AREA EXT\") == \'Sim\')',100,102,'2015-05-01',NULL,'store_type == \"MERCEARIA\"','session','row',NULL,NULL,NULL,'Description for : survey_question_calculation_101',NULL,NULL,NULL),(628,'37716759-c','survey_question_calculation_102','binary_score(survey_response.get_answer(question=u\"ATIV CSD RET CONS FUT AREA EXT\") == \'Sim\')',101,103,'2015-05-01',NULL,'store_type == \"MERCEARIA\"','session','row',NULL,NULL,NULL,'Description for : survey_question_calculation_102',NULL,NULL,NULL),(629,'a4c03fba-2','calculation_103_population','scene_item_facts_extended.filter(expression=\'template_name in (\"GDM KOF CSD P - 1a pos\", \"GDM KOF NCB P - 1a pos\", \"GDM KOF CSD NP - 1a pos\", \"GDM KOF NCB NP - 1a pos\") and dist_sc == 1 and manufacturer_name == \"FEMSA\"\')\n',NULL,NULL,NULL,NULL,NULL,NULL,NULL,NULL,NULL,NULL,'Description for : calculation_103_population',NULL,NULL,NULL),(630,'959b4050-0','minimal_total_distribution_calculation_103','binary_score(calculation_103_population.group(group_by=\'product_fk\').size() >= 1)',102,104,'2015-05-01',NULL,'store_type in (\"MERCEARIA\", \"PADARIA\")','session','row',NULL,NULL,NULL,'Description for : minimal_total_distribution_calculation_103',NULL,NULL,NULL),(631,'1bb558f6-b','survey_question_calculation_104','binary_score(survey_response.get_answer(question=u\"MBOARD COMBO CSD\") == \'Sim\')',103,105,'2015-05-01',NULL,'store_type in (\"PADARIA\", \"BARLAN\", \"ADHOC\")','session','row',NULL,NULL,NULL,'Description for : survey_question_calculation_104',NULL,NULL,NULL),(632,'b183977b-0','calculation_105_population','scene_item_facts_extended.filter(expression=\'template_group in (u\"Exibição\", \"Ilha\", \"PG\", \"RACK Conc\", \"RACK KOF Cerv\", \"RACK KOF CSD\", \"RACK KOF NCB\", \"GDM Conc/Proprio\", \"GDM KOF Cerv\", \"GDM KOF CSD\", \"GDM KOF NCB\") and category == \"CSD\" and manufacturer_name == \"FEMSA\" and dist_sc == 1\')\n',NULL,NULL,NULL,NULL,NULL,NULL,NULL,NULL,NULL,NULL,'Description for : calculation_105_population',NULL,NULL,NULL),(633,'8b052cad-2','minimal_total_distribution_calculation_105','binary_score(calculation_105_population.group(group_by=\'product_fk\').size() >= 1)',104,106,'2015-05-01',NULL,'store_type == \"PADARIA\"','session','row',NULL,NULL,NULL,'Description for : minimal_total_distribution_calculation_105',NULL,NULL,NULL),(634,'b11707e9-7','survey_question_calculation_107','binary_score(survey_response.get_answer(question=u\"ABS GDM CSD C CSD\") >= 1)',106,108,'2015-05-01',NULL,NULL,'session','row',NULL,NULL,NULL,'Description for : survey_question_calculation_107',NULL,NULL,NULL),(635,'ead3219a-7','survey_question_calculation_110','binary_score(survey_response.get_answer(question=u\"ABS GDM CSD C HNK\") >= 1)',109,111,'2015-05-01',NULL,NULL,'session','row',NULL,NULL,NULL,'Description for : survey_question_calculation_110',NULL,NULL,NULL),(636,'ffc729d1-7','survey_question_calculation_113','binary_score(survey_response.get_answer(question=u\"ABS GDM CSD C NCAT\") >= 1)',112,114,'2015-05-01',NULL,NULL,'session','row',NULL,NULL,NULL,'Description for : survey_question_calculation_113',NULL,NULL,NULL),(637,'8c5b4679-6','amount_of_soft_drink_themed_refrigerator_empty_population','scene_item_facts_extended.filter(expression=\'template_group in (\"GDM KOF CSD\", \"GDM KOF CSD - NP\") and product_type != \"Irrelevant\" and dist_sc == 1\').group(group_by=\'scene_fk\')\n',NULL,NULL,NULL,NULL,NULL,NULL,NULL,NULL,NULL,NULL,'Description for : amount_of_soft_drink_themed_refrigerator_empty_population',NULL,NULL,NULL),(638,'04decded-9','soft_drink_sos_by_scene','amount_of_soft_drink_themed_refrigerator_empty_population.ratio(subset=\'product_type == \"Empty\"\', sum_field=\'facings\')',NULL,NULL,NULL,NULL,NULL,NULL,NULL,NULL,NULL,NULL,'Description for : soft_drink_sos_by_scene',NULL,NULL,NULL),(639,'ccb0690d-3','amount_of_soft_drink_themed_refrigerator_empty','binary_score(soft_drink_sos_by_scene.filter(expression=\'soft_drink_sos_by_scene >= 0.99\').count() >= 1)',114,116,'2015-05-01',NULL,NULL,'session','row',NULL,NULL,NULL,'Description for : amount_of_soft_drink_themed_refrigerator_empty',NULL,NULL,NULL),(640,'cefde059-e','calc_116_population','scene_item_facts_extended.filter(expression=\'template_group in (\"GDM KOF CSD\", \"GDM KOF CSD - NP\") and dist_sc == 1\').group(group_by=\'scene_fk\')\n',NULL,NULL,NULL,NULL,NULL,NULL,NULL,NULL,NULL,NULL,'Description for : calc_116_population',NULL,NULL,NULL),(641,'fc3e9707-7','calc_116_sos_by_scene','calc_116_population.ratio(subset=\'product_type == \"Irrelevant\"\', sum_field=\'facings\')\n',NULL,NULL,NULL,NULL,NULL,NULL,NULL,NULL,NULL,NULL,'Description for : calc_116_sos_by_scene',NULL,NULL,NULL),(642,'e92c37f7-3','calc_116_met','binary_score(calc_116_sos_by_scene.filter(expression=\'calc_116_sos_by_scene >= 0.99\').count() >= 1)',115,117,'2015-05-01',NULL,NULL,'session','row',NULL,NULL,NULL,'Description for : calc_116_met',NULL,NULL,NULL),(643,'29a071f5-2','survey_question_calculation_118','binary_score(survey_response.get_answer(question=u\"ABS GDM HNK C CSD\") >= 1)',117,119,'2015-05-01',NULL,NULL,'session','row',NULL,NULL,NULL,'Description for : survey_question_calculation_118',NULL,NULL,NULL),(644,'3dc8b97b-4','survey_question_calculation_121','binary_score(survey_response.get_answer(question=u\"ABS GDM HNK C HNK\") >= 1)',120,122,'2015-05-01',NULL,NULL,'session','row',NULL,NULL,NULL,'Description for : survey_question_calculation_121',NULL,NULL,NULL),(645,'c1109d0b-e','survey_question_calculation_124','binary_score(survey_response.get_answer(question=u\"ABS GDM HNK C NCAT\") >= 1)',123,125,'2015-05-01',NULL,NULL,'session','row',NULL,NULL,NULL,'Description for : survey_question_calculation_124',NULL,NULL,NULL),(646,'d48009ea-c','amount_of_beer_themed_refrigerator_empty_population','scene_item_facts_extended.filter(expression=\'template_group in (\"GDM KOF Cerv\", \"GDM KOF Cerv - NP\") and product_type != \"Irrelevant\" and dist_sc == 1\').group(group_by=\'scene_fk\')\n',NULL,NULL,NULL,NULL,NULL,NULL,NULL,NULL,NULL,NULL,'Description for : amount_of_beer_themed_refrigerator_empty_population',NULL,NULL,NULL),(647,'6171c932-4','beer_sos_by_scene','amount_of_beer_themed_refrigerator_empty_population.ratio(subset=\'product_type == \"Empty\"\', sum_field=\'facings\')',NULL,NULL,NULL,NULL,NULL,NULL,NULL,NULL,NULL,NULL,'Description for : beer_sos_by_scene',NULL,NULL,NULL),(648,'05f4f60b-5','amount_of_beer_themed_refrigerator_empty','binary_score(beer_sos_by_scene.filter(expression=\'beer_sos_by_scene >= 0.99\').count() >= 1)',125,127,'2015-05-01',NULL,NULL,'session','row',NULL,NULL,NULL,'Description for : amount_of_beer_themed_refrigerator_empty',NULL,NULL,NULL),(649,'ff70b014-3','calc_127_population','scene_item_facts_extended.filter(expression=\'template_group in (\"GDM KOF Cerv\", \"GDM KOF Cerv - NP\") and dist_sc == 1\').group(group_by=\'scene_fk\')\n',NULL,NULL,NULL,NULL,NULL,NULL,NULL,NULL,NULL,NULL,'Description for : calc_127_population',NULL,NULL,NULL),(650,'c31e57cc-2','calc_127_sos_by_scene','calc_127_population.ratio(subset=\'product_type == \"Irrelevant\"\', sum_field=\'facings\')',NULL,NULL,NULL,NULL,NULL,NULL,NULL,NULL,NULL,NULL,'Description for : calc_127_sos_by_scene',NULL,NULL,NULL),(651,'747074c1-0','calc_127_met','binary_score(calc_127_sos_by_scene.filter(expression=\'calc_127_sos_by_scene >= 0.99\').count() >= 1)',126,128,'2015-05-01',NULL,NULL,'session','row',NULL,NULL,NULL,'Description for : calc_127_met',NULL,NULL,NULL),(652,'43ca0744-f','survey_question_calculation_129','binary_score(survey_response.get_answer(question=u\"ABS GDM NCAT C CSD\") >= 1)',128,130,'2015-05-01',NULL,NULL,'session','row',NULL,NULL,NULL,'Description for : survey_question_calculation_129',NULL,NULL,NULL),(653,'2165954b-b','survey_question_calculation_132','binary_score(survey_response.get_answer(question=u\"ABS GDM NCAT C HNK\") >= 1)',131,133,'2015-05-01',NULL,NULL,'session','row',NULL,NULL,NULL,'Description for : survey_question_calculation_132',NULL,NULL,NULL),(654,'b9629bc3-7','survey_question_calculation_135','binary_score(survey_response.get_answer(question=u\"ABS GDM NCAT C NCAT\") >= 1)',134,136,'2015-05-01',NULL,NULL,'session','row',NULL,NULL,NULL,'Description for : survey_question_calculation_135',NULL,NULL,NULL),(655,'b0b6f58b-f','amount_of_non_carbonated_themed_refrigerator_empty_population','scene_item_facts_extended.filter(expression=\'template_group in (\"GDM KOF NCB\", \"GDM KOF NCB - NP\") and product_type != \"Irrelevant\" and dist_sc == 1\').group(group_by=\'scene_fk\')\n',NULL,NULL,NULL,NULL,NULL,NULL,NULL,NULL,NULL,NULL,'Description for : amount_of_non_carbonated_themed_refrigerator_empty_population',NULL,NULL,NULL),(656,'8dc36ea0-b','non_carbonated_sos_by_scene','amount_of_non_carbonated_themed_refrigerator_empty_population.ratio(subset=\'product_type == \"Empty\"\', sum_field=\'facings\')',NULL,NULL,NULL,NULL,NULL,NULL,NULL,NULL,NULL,NULL,'Description for : non_carbonated_sos_by_scene',NULL,NULL,NULL),(657,'0dc8c416-7','amount_of_non_carbonated_themed_refrigerator_empty','binary_score(non_carbonated_sos_by_scene.filter(expression=\'non_carbonated_sos_by_scene >= 0.99\').count() >= 1)',136,138,'2015-05-01',NULL,NULL,'session','row',NULL,NULL,NULL,'Description for : amount_of_non_carbonated_themed_refrigerator_empty',NULL,NULL,NULL),(658,'a7e89577-2','calc_138_population','scene_item_facts_extended.filter(expression=\'template_group in (\"GDM KOF NCB\", \"GDM KOF NCB - NP\") and dist_sc == 1\').group(group_by=\'scene_fk\')\n',NULL,NULL,NULL,NULL,NULL,NULL,NULL,NULL,NULL,NULL,'Description for : calc_138_population',NULL,NULL,NULL),(659,'b8481e8b-1','calc_138_population_sos_by_scene','amount_of_non_carbonated_themed_refrigerator_empty_population.ratio(subset=\'product_type == \"Irrelevant\"\', sum_field=\'facings\')\n',NULL,NULL,NULL,NULL,NULL,NULL,NULL,NULL,NULL,NULL,'Description for : calc_138_population_sos_by_scene',NULL,NULL,NULL),(660,'3110a02d-9','calc_138_met','binary_score(calc_138_population_sos_by_scene.filter(expression=\'calc_138_population_sos_by_scene >= 0.99\').count() >= 1)',137,139,'2015-05-01',NULL,NULL,'session','row',NULL,NULL,NULL,'Description for : calc_138_met',NULL,NULL,NULL),(661,'1e8ef02a-9','survey_question_calculation_139','binary_score(survey_response.get_answer(question=u\"QTD – Quantidade de Blocos de GDM CSD\") >= 1)',140,140,'2015-05-01',NULL,NULL,'session','row',NULL,NULL,NULL,'Description for : survey_question_calculation_139',NULL,NULL,NULL),(662,'1302fed6-0','survey_question_calculation_140','binary_score(survey_response.get_answer(question=u\"50% Colas CONS IMEDIATO\") >= 1)',141,141,'2015-05-01',NULL,NULL,'session','row',NULL,NULL,NULL,'Description for : survey_question_calculation_140',NULL,NULL,NULL),(663,'4d7318a8-5','survey_question_calculation_141','binary_score(survey_response.get_answer(question=u\"50% Colas Totais\") >= 1)',142,142,'2015-05-01',NULL,NULL,'session','row',NULL,NULL,NULL,'Description for : survey_question_calculation_141',NULL,NULL,NULL),(664,'14d76843-f','survey_question_calculation_142','binary_score(survey_response.get_answer(question=u\"PE CSD PG SB (EQUIP KOF 70%)\") == \'Sim\')',143,143,'2015-06-01',NULL,'store_type == \"AS5\"','session','row',NULL,NULL,NULL,'Description for : survey_question_calculation_142',NULL,NULL,NULL),(665,'14e918b9-1','survey_question_calculation_143','binary_score(survey_response.get_answer(question=u\"PE CSD PG SB (GDM KOF 75%)\") == \'Sim\')',144,144,'2015-06-01',NULL,'store_type == \"AS5\"','session','row',NULL,NULL,NULL,'Description for : survey_question_calculation_143',NULL,NULL,NULL),(666,'c0cc9337-d','survey_question_calculation_144','binary_score(survey_response.get_answer(question=u\"INV CC 2,0L\") .is_in([\"AC\",\"AL\",\"AM\",\"AR\",\"BA\",\"BR\",\"CB\",\"CE\",\"DF\",\"DV\",\"ES\",\"FR\",\"GO\",\"IJ\",\"IT\",\"LO\",\"MA\",\"MG\",\"MM\",\"MN\", \"MO\",\"MR\",\"MS\",\"MT\",\"PA\",\"PB\",\"PE\",\"PI\",\"PR\",\"PT\",\"RC\",\"RE\",\"RJ\",\"RN\",\"RO\",\"RP\",\"RS\",\"SA\",\"SC\",\"SM\",\"SO\", \"SP\",\"UB\",\"VC\",\"XX\"]))\n',146,145,'2015-09-01',NULL,NULL,'session','row',NULL,NULL,NULL,'Description for : survey_question_calculation_144',NULL,NULL,NULL),(667,'2600859b-5','survey_question_calculation_145','binary_score(survey_response.get_answer(question=u\"INV CC LT\") .is_in([\"AC\",\"AL\",\"AM\",\"AR\",\"BA\",\"BR\",\"CB\",\"CE\",\"DF\",\"DV\",\"ES\",\"FR\",\"GO\",\"IJ\",\"IT\",\"LO\",\"MA\",\"MG\",\"MM\",\"MN\", \"MO\",\"MR\",\"MS\",\"MT\",\"PA\",\"PB\",\"PE\",\"PI\",\"PR\",\"PT\",\"RC\",\"RE\",\"RJ\",\"RN\",\"RO\",\"RP\",\"RS\",\"SA\",\"SC\",\"SM\",\"SO\", \"SP\",\"UB\",\"VC\",\"XX\"]))\n',147,146,'2015-09-01',NULL,NULL,'session','row',NULL,NULL,NULL,'Description for : survey_question_calculation_145',NULL,NULL,NULL),(668,'b5575999-1','survey_question_calculation_146','binary_score(survey_response.get_answer(question=u\"INV CC 2,5L\") .is_in([\"AC\",\"AL\",\"AM\",\"AR\",\"BA\",\"BR\",\"CB\",\"CE\",\"DF\",\"DV\",\"ES\",\"FR\",\"GO\",\"IJ\",\"IT\",\"LO\",\"MA\",\"MG\",\"MM\",\"MN\", \"MO\",\"MR\",\"MS\",\"MT\",\"PA\",\"PB\",\"PE\",\"PI\",\"PR\",\"PT\",\"RC\",\"RE\",\"RJ\",\"RN\",\"RO\",\"RP\",\"RS\",\"SA\",\"SC\",\"SM\",\"SO\", \"SP\",\"UB\",\"VC\",\"XX\"]))\n',148,147,'2015-09-01',NULL,NULL,'session','row',NULL,NULL,NULL,'Description for : survey_question_calculation_146',NULL,NULL,NULL),(669,'fa0239de-7','survey_question_calculation_147','binary_score(survey_response.get_answer(question=u\"ATIV CSD EXT OU ENT DA LOJA TAM MIN POP\") == \'Sim\')',NULL,NULL,'2015-09-01',NULL,NULL,'session','row',NULL,NULL,NULL,'Description for : survey_question_calculation_147',NULL,NULL,NULL),(670,'84f9a078-e','survey_question_calculation_148','binary_score(survey_response.get_answer(question=u\"ATIV BALCÃO CSD OU NCB TAM MIN GUARDANUDO\") == \'Sim\')',NULL,NULL,'2015-09-01',NULL,NULL,'session','row',NULL,NULL,NULL,'Description for : survey_question_calculation_148',NULL,NULL,NULL),(671,'b939d8a3-e','survey_question_calculation_149','binary_score(survey_response.get_answer(question=u\"HA QUADRO OU CARTAZ DE KAI/BAV/AMSTEL\") == \'Sim\')',NULL,NULL,'2015-09-01',NULL,NULL,'session','row',NULL,NULL,NULL,'Description for : survey_question_calculation_149',NULL,NULL,NULL),(672,'941c98ca-c','survey_question_calculation_150','binary_score(survey_response.get_answer(question=u\"HA QUADRO OU LUMINOSO HNK\") == \'Sim\')',NULL,NULL,'2015-09-01',NULL,NULL,'session','row',NULL,NULL,NULL,'Description for : survey_question_calculation_150',NULL,NULL,NULL),(673,'78bd684c-4','survey_question_calculation_151','binary_score(survey_response.get_answer(question=u\"HA BALDE DE CERVEJA\") == \'Sim\')',NULL,NULL,'2015-09-01',NULL,NULL,'session','row',NULL,NULL,NULL,'Description for : survey_question_calculation_151',NULL,NULL,NULL),(674,'9caabc8d-5','survey_question_calculation_152','binary_score(survey_response.get_answer(question=u\"HA COMBO SUCO?\") == \'Sim\')',NULL,NULL,'2015-09-01',NULL,NULL,'session','row',NULL,NULL,NULL,'Description for : survey_question_calculation_152',NULL,NULL,NULL),(675,'2a78cd5a-e','survey_question_calculation_153','binary_score(survey_response.get_answer(question=u\"HA ATIVACAO INTERNA CSD OU NCB\") == \'Sim\')',NULL,NULL,'2015-09-01',NULL,NULL,'session','row',NULL,NULL,NULL,'Description for : survey_question_calculation_153',NULL,NULL,NULL),(676,'fa991ed5-0','survey_question_calculation_154','binary_score(survey_response.get_answer(question=u\"ATIV CSD CONS FUT EXT OU ENT DA LOJA TAM MIN POP\") == \'Sim\')',NULL,NULL,'2015-09-01',NULL,NULL,'session','row',NULL,NULL,NULL,'Description for : survey_question_calculation_154',NULL,NULL,NULL),(677,'66401a21-1','survey_question_calculation_155','binary_score(survey_response.get_answer(question=u\"ATIV CSD CONS FUT RET EXT OU ENT DA LOJA TAM MIN POP\") == \'Sim\')',NULL,NULL,'2015-09-01',NULL,NULL,'session','row',NULL,NULL,NULL,'Description for : survey_question_calculation_155',NULL,NULL,NULL),(678,'ed88e690-5','survey_question_calculation_156','binary_score(survey_response.get_answer(question=u\"RACK CSD ENTRADA LOJA OU ATE A 1ª PG\") == \'Sim\')',NULL,NULL,'2015-09-01',NULL,NULL,'session','row',NULL,NULL,NULL,'Description for : survey_question_calculation_156',NULL,NULL,NULL),(679,'35b1d2d4-d','survey_question_calculation_157','binary_score(survey_response.get_answer(question=u\"HA RET CONS FUT AO LADO DE TUBAINAS\") == \'Sim\')',NULL,NULL,'2015-09-01',NULL,NULL,'session','row',NULL,NULL,NULL,'Description for : survey_question_calculation_157',NULL,NULL,NULL),(680,'2b4e049b-c','survey_question_calculation_158','binary_score(survey_response.get_answer(question=u\"HA MPACK CERVEJA PE\") == \'Sim\')',NULL,NULL,'2015-09-01',NULL,NULL,'session','row',NULL,NULL,NULL,'Description for : survey_question_calculation_158',NULL,NULL,NULL),(681,'028927dd-6','survey_question_calculation_159','binary_score(survey_response.get_answer(question=u\"HA MPACK CERVEJA SB\") == \'Sim\')',NULL,NULL,'2015-09-01',NULL,NULL,'session','row',NULL,NULL,NULL,'Description for : survey_question_calculation_159',NULL,NULL,NULL),(682,'54972491-7','survey_question_calculation_160','binary_score(survey_response.get_answer(question=u\"PE CSD CONS FUT OU MPACK CONS IMED PG SB 18 UNID?\") == \'Sim\')',NULL,NULL,'2015-09-01',NULL,NULL,'session','row',NULL,NULL,NULL,'Description for : survey_question_calculation_160',NULL,NULL,NULL),(683,'13857783-4','survey_question_calculation_161','binary_score(survey_response.get_answer(question=u\"PE CSD CONS FUT OU MPACK CONS IMED PG SB (EQUIP KOF 70%)\") == \'Sim\')',NULL,NULL,'2015-09-01',NULL,NULL,'session','row',NULL,NULL,NULL,'Description for : survey_question_calculation_161',NULL,NULL,NULL),(684,'bbef7301-b','survey_question_calculation_162','binary_score(survey_response.get_answer(question=u\"PE CSD CONS FUT OU MPACK CONS IMED PG SB (GDM KOF 75%)\") == \'Sim\')',NULL,NULL,'2015-09-01',NULL,NULL,'session','row',NULL,NULL,NULL,'Description for : survey_question_calculation_162',NULL,NULL,NULL),(685,'96f363b7-8','survey_question_calculation_163','binary_score(survey_response.get_answer(question=u\"PE CSD CONS FUT OU MPACK CONS IMED MERC OU ACOU (ATIV 18 UNID)\") == \'Sim\')',NULL,NULL,'2015-09-01',NULL,NULL,'session','row',NULL,NULL,NULL,'Description for : survey_question_calculation_163',NULL,NULL,NULL),(686,'ab9bb600-f','survey_question_calculation_164','binary_score(survey_response.get_answer(question=u\"PE CSD CONS FUT OU MPACK CONS IMED MERC OU ACOU (EQUIP KOF 70%)\") == \'Sim\')',NULL,NULL,'2015-09-01',NULL,NULL,'session','row',NULL,NULL,NULL,'Description for : survey_question_calculation_164',NULL,NULL,NULL),(687,'8891f1ad-3','survey_question_calculation_165','binary_score(survey_response.get_answer(question=u\"PE CSD CONS FUT OU MPACK CONS IMED MERC OU ACOU (GDM KOF 75%)\") == \'Sim\')',NULL,NULL,'2015-09-01',NULL,NULL,'session','row',NULL,NULL,NULL,'Description for : survey_question_calculation_165',NULL,NULL,NULL),(688,'6931b0b6-a','survey_question_calculation_166','binary_score(survey_response.get_answer(question=u\"PE MCATEG PAD OU HORT FORA EQUIP 18 UNID CSD + 12 UNID NCB\") == \'Sim\')',NULL,NULL,'2015-09-01',NULL,NULL,'session','row',NULL,NULL,NULL,'Description for : survey_question_calculation_166',NULL,NULL,NULL),(689,'993a3ce9-4','survey_question_calculation_167','binary_score(survey_response.get_answer(question=u\"PE MCATEG PAD OU HORT EQUIP KOF 70% (50% DE CSD E 50% NCB)\") == \'Sim\')',NULL,NULL,'2015-09-01',NULL,NULL,'session','row',NULL,NULL,NULL,'Description for : survey_question_calculation_167',NULL,NULL,NULL),(690,'fc2167b5-4','survey_question_calculation_168','binary_score(survey_response.get_answer(question=u\"PE MCATEG PAD OU HORT GDM KOF 75% (50% DE CSD E 50% NCB)\") == \'Sim\')',NULL,NULL,'2015-09-01',NULL,NULL,'session','row',NULL,NULL,NULL,'Description for : survey_question_calculation_168',NULL,NULL,NULL),(691,'136014f3-9','survey_question_calculation_169','binary_score(survey_response.get_answer(question=u\"PE SUCO 100% OU D VALLE NEC PAD OU HORT FORA EQUIP (ATIV 12 UNID)\") == \'Sim\')',NULL,NULL,'2015-09-01',NULL,NULL,'session','row',NULL,NULL,NULL,'Description for : survey_question_calculation_169',NULL,NULL,NULL),(692,'8b6cffde-c','survey_question_calculation_170','binary_score(survey_response.get_answer(question=u\"PE SUCO 100% OU D VALLE NEC PAD OU HORT (EQUIP KOF 70%)\") == \'Sim\')',NULL,NULL,'2015-09-01',NULL,NULL,'session','row',NULL,NULL,NULL,'Description for : survey_question_calculation_170',NULL,NULL,NULL),(693,'7c5a558e-f','survey_question_calculation_171','binary_score(survey_response.get_answer(question=u\"PE SUCO 100% OU D VALLE NEC PAD OU HORT (GDM KOF 75%)\") == \'Sim\')',NULL,NULL,'2015-09-01',NULL,NULL,'session','row',NULL,NULL,NULL,'Description for : survey_question_calculation_171',NULL,NULL,NULL),(694,'c94b1a8c-e','survey_question_calculation_172','binary_score(survey_response.get_answer(question=u\"PE CSD SEÇÃO DE BISC (ATIV 18 UNID)\") == \'Sim\')',NULL,NULL,'2015-09-01',NULL,NULL,'session','row',NULL,NULL,NULL,'Description for : survey_question_calculation_172',NULL,NULL,NULL),(695,'897afcc6-4','survey_question_calculation_173','binary_score(survey_response.get_answer(question=u\"PE CSD SEÇÃO DE BISC (EQUIP KOF 70%)\") == \'Sim\')',NULL,NULL,'2015-09-01',NULL,NULL,'session','row',NULL,NULL,NULL,'Description for : survey_question_calculation_173',NULL,NULL,NULL),(696,'deeb33d8-2','survey_question_calculation_174','binary_score(survey_response.get_answer(question=u\"PE CSD SEÇÃO DE BISC (GDM KOF 75%)\") == \'Sim\')',NULL,NULL,'2015-09-01',NULL,NULL,'session','row',NULL,NULL,NULL,'Description for : survey_question_calculation_174',NULL,NULL,NULL),(697,'cfd935f4-0','survey_question_calculation_175','binary_score(survey_response.get_answer(question=u\"HA PE CRYSTAL CONS FUT\") == \'Sim\')',NULL,NULL,'2015-09-01',NULL,NULL,'session','row',NULL,NULL,NULL,'Description for : survey_question_calculation_175',NULL,NULL,NULL),(698,'8a91ddd0-b','survey_question_calculation_176','binary_score(survey_response.get_answer(question=u\"HA PE CRYSTAL CONS FUT FORA EQUIP (ATIV 12 UNID)\") == \'Sim\')',NULL,NULL,'2015-09-01',NULL,NULL,'session','row',NULL,NULL,NULL,'Description for : survey_question_calculation_176',NULL,NULL,NULL),(699,'11d82ac5-e','survey_question_calculation_177','binary_score(survey_response.get_answer(question=u\"HA PE CRYSTAL CONS FUT (EQUIP KOF 70%)\") == \'Sim\')',NULL,NULL,'2015-09-01',NULL,NULL,'session','row',NULL,NULL,NULL,'Description for : survey_question_calculation_177',NULL,NULL,NULL),(700,'b5f64b9f-9','survey_question_calculation_178','binary_score(survey_response.get_answer(question=u\"HA PE CRYSTAL CONS FUT (GDM KOF 75%)\") == \'Sim\')',NULL,NULL,'2015-09-01',NULL,NULL,'session','row',NULL,NULL,NULL,'Description for : survey_question_calculation_178',NULL,NULL,NULL),(701,'11a4af80-f','survey_question_calculation_179','binary_score(survey_response.get_answer(question=u\"HA PE COM VANTAGEM ECONOMICA?\") == \'Sim\')',NULL,NULL,'2015-09-01',NULL,NULL,'session','row',NULL,NULL,NULL,'Description for : survey_question_calculation_179',NULL,NULL,NULL),(702,'9f52389c-e','survey_question_calculation_180','binary_score(survey_response.get_answer(question=u\"4 OU MAIS PORTAS CSD\") == \'Sim\')',NULL,NULL,'2015-09-01',NULL,NULL,'session','row',NULL,NULL,NULL,'Description for : survey_question_calculation_180',NULL,NULL,NULL),(703,'1b5d8a3c-6','survey_question_calculation_181','binary_score(survey_response.get_answer(question=u\"PE CSD Cons. Fut. Ou Mpack cons. Imed. Equip PG SB. 70%\") == \'Sim\')',NULL,NULL,'2015-09-01',NULL,NULL,'session','row',NULL,NULL,NULL,'Description for : survey_question_calculation_181',NULL,NULL,NULL),(704,'ea25f64a-6','survey_question_calculation_182','binary_score(survey_response.get_answer(question=u\"REFPET AO LADO DE COCA COLA 2L DESCARTÁVEL.\") == \'Sim\')',NULL,NULL,'2015-09-01',NULL,NULL,'session','row',NULL,NULL,NULL,'Description for : survey_question_calculation_182',NULL,NULL,NULL),(705,'cc4147f2-f','survey_question_calculation_183','binary_score(survey_response.get_answer(question=u\"HÁ PRESENÇA DE ITUBAINA NO PDV?\") == \'Sim\')',NULL,NULL,'2015-09-01',NULL,NULL,'session','row',NULL,NULL,NULL,'Description for : survey_question_calculation_183',NULL,NULL,NULL);
use reporting;
REPLACE INTO `scene_item_facts` (`pk`, `session_id`, `visitor_id`, `store_id`, `visit_date`, `scene_id`, `item_id`, `in_assort_sc`, `rlv_dist_sc`, `rlv_oos_sc`, `rlv_sos_sc`, `tagged`, `dist_sc`, `oos_sc`, `facings`, `facings_ign_stack`, `net_len_add_stack`, `gross_len_add_stack`, `net_len_split_stack`, `gross_len_split_stack`, `net_len_ign_stack`, `gross_len_ign_stack`, `net_area_split_stack`, `gross_area_split_stack`, `net_area_ign_stack`, `gross_area_ign_stack`, `median_price`, `price_std`, `median_promo_price`, `promo_price_std`) VALUES (50419153,14181,7,289,'2014-12-04',424,78,0,1,1,1,1,1,0,3,0,NULL,NULL,NULL,NULL,NULL,NULL,NULL,NULL,NULL,NULL,NULL,NULL,NULL,NULL),(50419154,14181,7,289,'2014-12-04',421,69,0,1,1,1,3,1,0,3,3,NULL,NULL,NULL,NULL,NULL,NULL,NULL,NULL,NULL,NULL,NULL,NULL,NULL,NULL),(50419155,14181,7,289,'2014-12-04',421,49,0,1,1,1,1,1,0,1,1,NULL,NULL,NULL,NULL,NULL,NULL,NULL,NULL,NULL,NULL,NULL,NULL,NULL,NULL),(50419156,14181,7,289,'2014-12-04',421,82,0,1,1,1,3,1,0,3,3,NULL,NULL,NULL,NULL,NULL,NULL,NULL,NULL,NULL,NULL,NULL,NULL,NULL,NULL),(50419157,14181,7,289,'2014-12-04',424,24,0,1,1,1,21,1,0,21,10,NULL,NULL,NULL,NULL,NULL,NULL,NULL,NULL,NULL,NULL,NULL,NULL,NULL,NULL),(50419158,14181,7,289,'2014-12-04',421,53,0,1,1,1,2,1,0,2,2,NULL,NULL,NULL,NULL,NULL,NULL,NULL,NULL,NULL,NULL,NULL,NULL,NULL,NULL),(50419159,14181,7,289,'2014-12-04',421,97,0,1,1,1,1,1,0,1,1,NULL,NULL,NULL,NULL,NULL,NULL,NULL,NULL,NULL,NULL,NULL,NULL,NULL,NULL),(50419160,14181,7,289,'2014-12-04',421,2,0,1,1,1,2,1,0,2,2,NULL,NULL,NULL,NULL,NULL,NULL,NULL,NULL,NULL,NULL,NULL,NULL,NULL,NULL),(50419161,14181,7,289,'2014-12-04',421,163,0,1,1,0,6,1,0,6,6,NULL,NULL,NULL,NULL,NULL,NULL,NULL,NULL,NULL,NULL,NULL,NULL,NULL,NULL),(50419162,14181,7,289,'2014-12-04',421,159,0,1,1,0,2,1,0,2,2,NULL,NULL,NULL,NULL,NULL,NULL,NULL,NULL,NULL,NULL,NULL,NULL,NULL,NULL),(50419163,14181,7,289,'2014-12-04',421,39,0,1,1,1,3,1,0,3,3,NULL,NULL,NULL,NULL,NULL,NULL,NULL,NULL,NULL,NULL,NULL,NULL,NULL,NULL),(50419164,14181,7,289,'2014-12-04',421,114,0,1,1,1,2,1,0,2,2,NULL,NULL,NULL,NULL,NULL,NULL,NULL,NULL,NULL,NULL,NULL,NULL,NULL,NULL),(50419165,14181,7,289,'2014-12-04',423,7,0,1,1,1,1,1,0,1,1,NULL,NULL,NULL,NULL,NULL,NULL,NULL,NULL,NULL,NULL,NULL,NULL,NULL,NULL),(50419166,14181,7,289,'2014-12-04',421,88,0,1,1,1,1,1,0,1,1,NULL,NULL,NULL,NULL,NULL,NULL,NULL,NULL,NULL,NULL,NULL,NULL,NULL,NULL),(50419167,14181,7,289,'2014-12-04',428,184,0,1,1,1,1,1,0,1,1,NULL,NULL,NULL,NULL,NULL,NULL,NULL,NULL,NULL,NULL,NULL,NULL,NULL,NULL),(50419168,14181,7,289,'2014-12-04',421,79,0,1,1,1,3,1,0,3,3,NULL,NULL,NULL,NULL,NULL,NULL,NULL,NULL,NULL,NULL,NULL,NULL,NULL,NULL),(50419169,14181,7,289,'2014-12-04',427,187,0,1,1,1,1,1,0,1,1,NULL,NULL,NULL,NULL,NULL,NULL,NULL,NULL,NULL,NULL,NULL,NULL,NULL,NULL),(50419170,14181,7,289,'2014-12-04',421,118,0,1,1,1,2,1,0,2,2,NULL,NULL,NULL,NULL,NULL,NULL,NULL,NULL,NULL,NULL,NULL,NULL,NULL,NULL),(50419171,14181,7,289,'2014-12-04',421,129,0,1,1,1,2,1,0,2,2,NULL,NULL,NULL,NULL,NULL,NULL,NULL,NULL,NULL,NULL,NULL,NULL,NULL,NULL),(50419172,14181,7,289,'2014-12-04',421,35,0,1,1,1,4,1,0,4,4,NULL,NULL,NULL,NULL,NULL,NULL,NULL,NULL,NULL,NULL,NULL,NULL,NULL,NULL),(50419173,14181,7,289,'2014-12-04',421,158,0,1,1,0,4,1,0,4,4,NULL,NULL,NULL,NULL,NULL,NULL,NULL,NULL,NULL,NULL,NULL,NULL,NULL,NULL),(50419174,14181,7,289,'2014-12-04',421,63,0,1,1,1,2,1,0,2,2,NULL,NULL,NULL,NULL,NULL,NULL,NULL,NULL,NULL,NULL,NULL,NULL,NULL,NULL),(50419175,14181,7,289,'2014-12-04',421,74,0,1,1,1,3,1,0,3,3,NULL,NULL,NULL,NULL,NULL,NULL,NULL,NULL,NULL,NULL,NULL,NULL,NULL,NULL),(50419176,14181,7,289,'2014-12-04',421,132,0,1,1,1,3,1,0,3,3,NULL,NULL,NULL,NULL,NULL,NULL,NULL,NULL,NULL,NULL,NULL,NULL,NULL,NULL),(50419177,14181,7,289,'2014-12-04',424,82,0,1,1,1,6,1,0,6,1,NULL,NULL,NULL,NULL,NULL,NULL,NULL,NULL,NULL,NULL,NULL,NULL,NULL,NULL),(50419178,14181,7,289,'2014-12-04',420,24,0,1,1,1,18,1,0,18,18,NULL,NULL,NULL,NULL,NULL,NULL,NULL,NULL,NULL,NULL,NULL,NULL,NULL,NULL),(50419179,14181,7,289,'2014-12-04',421,278,0,1,1,1,4,1,0,4,4,NULL,NULL,NULL,NULL,NULL,NULL,NULL,NULL,NULL,NULL,NULL,NULL,NULL,NULL),(50419180,14181,7,289,'2014-12-04',423,279,0,1,1,1,17,1,0,17,17,NULL,NULL,NULL,NULL,NULL,NULL,NULL,NULL,NULL,NULL,NULL,NULL,NULL,NULL),(50419181,14181,7,289,'2014-12-04',421,4,0,1,1,1,2,1,0,2,2,NULL,NULL,NULL,NULL,NULL,NULL,NULL,NULL,NULL,NULL,NULL,NULL,NULL,NULL),(50419182,14181,7,289,'2014-12-04',419,279,0,1,1,1,4,1,0,4,4,NULL,NULL,NULL,NULL,NULL,NULL,NULL,NULL,NULL,NULL,NULL,NULL,NULL,NULL),(50419183,14181,7,289,'2014-12-04',421,24,0,1,1,1,2,1,0,2,2,NULL,NULL,NULL,NULL,NULL,NULL,NULL,NULL,NULL,NULL,NULL,NULL,NULL,NULL),(50419184,14181,7,289,'2014-12-04',421,21,0,1,1,1,4,1,0,4,4,NULL,NULL,NULL,NULL,NULL,NULL,NULL,NULL,NULL,NULL,NULL,NULL,NULL,NULL),(50419185,14181,7,289,'2014-12-04',421,160,0,1,1,0,5,1,0,5,5,NULL,NULL,NULL,NULL,NULL,NULL,NULL,NULL,NULL,NULL,NULL,NULL,NULL,NULL),(50419186,14181,7,289,'2014-12-04',421,145,0,1,1,0,1,1,0,1,1,NULL,NULL,NULL,NULL,NULL,NULL,NULL,NULL,NULL,NULL,NULL,NULL,NULL,NULL),(50419187,14181,7,289,'2014-12-04',421,87,0,1,1,1,1,1,0,1,1,NULL,NULL,NULL,NULL,NULL,NULL,NULL,NULL,NULL,NULL,NULL,NULL,NULL,NULL);
use reporting;
REPLACE INTO `session_item_facts` (`pk`, `session_id`, `visitor_id`, `store_id`, `visit_date`, `item_id`, `in_assort_se`, `rlv_dist_se`, `rlv_oos_se`, `rlv_sos_se`, `tagged`, `dist_se`, `oos_se`, `facings`, `facings_ign_stack`, `net_len_add_stack`, `gross_len_add_stack`, `net_len_split_stack`, `gross_len_split_stack`, `net_len_ign_stack`, `gross_len_ign_stack`, `net_area_split_stack`, `gross_area_split_stack`, `net_area_ign_stack`, `gross_area_ign_stack`, `median_price`, `price_std`, `median_promo_price`, `promo_price_std`) VALUES (9629715,14181,7,289,'2014-12-04',129,0,1,1,1,NULL,1,0,NULL,NULL,NULL,NULL,NULL,NULL,NULL,NULL,NULL,NULL,NULL,NULL,NULL,NULL,NULL,NULL),(9629716,14181,7,289,'2014-12-04',2,0,1,1,1,NULL,1,0,NULL,NULL,NULL,NULL,NULL,NULL,NULL,NULL,NULL,NULL,NULL,NULL,NULL,NULL,NULL,NULL),(9629717,14181,7,289,'2014-12-04',132,0,1,1,1,NULL,1,0,NULL,NULL,NULL,NULL,NULL,NULL,NULL,NULL,NULL,NULL,NULL,NULL,NULL,NULL,NULL,NULL),(9629718,14181,7,289,'2014-12-04',7,0,1,1,1,NULL,1,0,NULL,NULL,NULL,NULL,NULL,NULL,NULL,NULL,NULL,NULL,NULL,NULL,NULL,NULL,NULL,NULL),(9629719,14181,7,289,'2014-12-04',145,0,1,1,0,NULL,1,0,NULL,NULL,NULL,NULL,NULL,NULL,NULL,NULL,NULL,NULL,NULL,NULL,NULL,NULL,NULL,NULL),(9629720,14181,7,289,'2014-12-04',21,0,1,1,1,NULL,1,0,NULL,NULL,NULL,NULL,NULL,NULL,NULL,NULL,NULL,NULL,NULL,NULL,NULL,NULL,NULL,NULL),(9629721,14181,7,289,'2014-12-04',278,0,1,1,1,NULL,1,0,NULL,NULL,NULL,NULL,NULL,NULL,NULL,NULL,NULL,NULL,NULL,NULL,NULL,NULL,NULL,NULL),(9629722,14181,7,289,'2014-12-04',279,0,1,1,1,NULL,1,0,NULL,NULL,NULL,NULL,NULL,NULL,NULL,NULL,NULL,NULL,NULL,NULL,NULL,NULL,NULL,NULL),(9629723,14181,7,289,'2014-12-04',24,0,1,1,1,NULL,1,0,NULL,NULL,NULL,NULL,NULL,NULL,NULL,NULL,NULL,NULL,NULL,NULL,NULL,NULL,NULL,NULL),(9629724,14181,7,289,'2014-12-04',4,0,1,1,1,NULL,1,0,NULL,NULL,NULL,NULL,NULL,NULL,NULL,NULL,NULL,NULL,NULL,NULL,NULL,NULL,NULL,NULL),(9629725,14181,7,289,'2014-12-04',158,0,1,1,0,NULL,1,0,NULL,NULL,NULL,NULL,NULL,NULL,NULL,NULL,NULL,NULL,NULL,NULL,NULL,NULL,NULL,NULL),(9629726,14181,7,289,'2014-12-04',159,0,1,1,0,NULL,1,0,NULL,NULL,NULL,NULL,NULL,NULL,NULL,NULL,NULL,NULL,NULL,NULL,NULL,NULL,NULL,NULL),(9629727,14181,7,289,'2014-12-04',160,0,1,1,0,NULL,1,0,NULL,NULL,NULL,NULL,NULL,NULL,NULL,NULL,NULL,NULL,NULL,NULL,NULL,NULL,NULL,NULL),(9629728,14181,7,289,'2014-12-04',163,0,1,1,0,NULL,1,0,NULL,NULL,NULL,NULL,NULL,NULL,NULL,NULL,NULL,NULL,NULL,NULL,NULL,NULL,NULL,NULL),(9629729,14181,7,289,'2014-12-04',39,0,1,1,1,NULL,1,0,NULL,NULL,NULL,NULL,NULL,NULL,NULL,NULL,NULL,NULL,NULL,NULL,NULL,NULL,NULL,NULL),(9629730,14181,7,289,'2014-12-04',49,0,1,1,1,NULL,1,0,NULL,NULL,NULL,NULL,NULL,NULL,NULL,NULL,NULL,NULL,NULL,NULL,NULL,NULL,NULL,NULL),(9629731,14181,7,289,'2014-12-04',53,0,1,1,1,NULL,1,0,NULL,NULL,NULL,NULL,NULL,NULL,NULL,NULL,NULL,NULL,NULL,NULL,NULL,NULL,NULL,NULL),(9629732,14181,7,289,'2014-12-04',184,0,1,1,1,NULL,1,0,NULL,NULL,NULL,NULL,NULL,NULL,NULL,NULL,NULL,NULL,NULL,NULL,NULL,NULL,NULL,NULL),(9629733,14181,7,289,'2014-12-04',187,0,1,1,1,NULL,1,0,NULL,NULL,NULL,NULL,NULL,NULL,NULL,NULL,NULL,NULL,NULL,NULL,NULL,NULL,NULL,NULL),(9629734,14181,7,289,'2014-12-04',63,0,1,1,1,NULL,1,0,NULL,NULL,NULL,NULL,NULL,NULL,NULL,NULL,NULL,NULL,NULL,NULL,NULL,NULL,NULL,NULL),(9629735,14181,7,289,'2014-12-04',69,0,1,1,1,NULL,1,0,NULL,NULL,NULL,NULL,NULL,NULL,NULL,NULL,NULL,NULL,NULL,NULL,NULL,NULL,NULL,NULL),(9629736,14181,7,289,'2014-12-04',74,0,1,1,1,NULL,1,0,NULL,NULL,NULL,NULL,NULL,NULL,NULL,NULL,NULL,NULL,NULL,NULL,NULL,NULL,NULL,NULL),(9629737,14181,7,289,'2014-12-04',78,0,1,1,1,NULL,1,0,NULL,NULL,NULL,NULL,NULL,NULL,NULL,NULL,NULL,NULL,NULL,NULL,NULL,NULL,NULL,NULL),(9629738,14181,7,289,'2014-12-04',79,0,1,1,1,NULL,1,0,NULL,NULL,NULL,NULL,NULL,NULL,NULL,NULL,NULL,NULL,NULL,NULL,NULL,NULL,NULL,NULL),(9629739,14181,7,289,'2014-12-04',82,0,1,1,1,NULL,1,0,NULL,NULL,NULL,NULL,NULL,NULL,NULL,NULL,NULL,NULL,NULL,NULL,NULL,NULL,NULL,NULL),(9629740,14181,7,289,'2014-12-04',35,0,1,1,1,NULL,1,0,NULL,NULL,NULL,NULL,NULL,NULL,NULL,NULL,NULL,NULL,NULL,NULL,NULL,NULL,NULL,NULL),(9629741,14181,7,289,'2014-12-04',87,0,1,1,1,NULL,1,0,NULL,NULL,NULL,NULL,NULL,NULL,NULL,NULL,NULL,NULL,NULL,NULL,NULL,NULL,NULL,NULL),(9629742,14181,7,289,'2014-12-04',88,0,1,1,1,NULL,1,0,NULL,NULL,NULL,NULL,NULL,NULL,NULL,NULL,NULL,NULL,NULL,NULL,NULL,NULL,NULL,NULL),(9629743,14181,7,289,'2014-12-04',97,0,1,1,1,NULL,1,0,NULL,NULL,NULL,NULL,NULL,NULL,NULL,NULL,NULL,NULL,NULL,NULL,NULL,NULL,NULL,NULL),(9629744,14181,7,289,'2014-12-04',114,0,1,1,1,NULL,1,0,NULL,NULL,NULL,NULL,NULL,NULL,NULL,NULL,NULL,NULL,NULL,NULL,NULL,NULL,NULL,NULL),(9629745,14181,7,289,'2014-12-04',118,0,1,1,1,NULL,1,0,NULL,NULL,NULL,NULL,NULL,NULL,NULL,NULL,NULL,NULL,NULL,NULL,NULL,NULL,NULL,NULL);
use pservice;
use pservice;
use pservice;
use pservice;
